/*
Asteroid DB Data 
Spring 2024
*/

USE asteroids;

SELECT 'DATA POPULATION STARTING' AS 'Professor Message';

INSERT INTO registry VALUES('C-f4314-j','Carboneous','US','2005-06-13');
INSERT INTO spatialCoord VALUES('C-f4314-j',3.147909799836482,3.707282990887467,3.2146229640273027);
INSERT INTO specifications VALUES('C-f4314-j',614.9813840377504,352.7292684656353,1.4906781303910317,10.74825335654832,14.720247171991776);
INSERT INTO orbit VALUES('C-f4314-j',1.7768037103065104,1.6107387460402482,0.4221258316194673,648.5333542618763,1.6937712281733792);
INSERT INTO composition_simple VALUES('C-f4314-j',42.72082660326535,57.27917339673465);
INSERT INTO composition_precious VALUES('C-f4314-j',15.60378208790163,2.3314343828862554,0.015175793738328948,0.20594859601148274,0.019731524495349134,0.041087019112718365,0.0047347335365632015,0.0006916781906036312);
INSERT INTO composition_common VALUES('C-f4314-j',15.420718008403867,0.917626192795213,1.8094166867340957,0.034413337778980056);
INSERT INTO composition_strategic VALUES('C-f4314-j',6.697502273493756,3.9644191519605942,7.080989280420837,0.266972801885115);
INSERT INTO surface_feature VALUES('C-f4314-j','Soft','Medium-Content');

-- Asteroid C-f4314-j
INSERT INTO registry VALUES('C-a3740-n','Carboneous','CHINA','1993-02-06');
INSERT INTO spatialCoord VALUES('C-a3740-n',3.8454868744470896,4.026248502337084,3.1417098078111563);
INSERT INTO specifications VALUES('C-a3740-n',236.88167542101533,270.7631023711141,1.4936092094658802,29.20118767004618,6.017005355589213);
INSERT INTO orbit VALUES('C-a3740-n',1.5347286037110257,1.3812913246195062,0.435842021962214,560.1759403545244,1.458009964165266);
INSERT INTO composition_simple VALUES('C-a3740-n',51.10411576216555,48.89588423783445);
INSERT INTO composition_precious VALUES('C-a3740-n',13.775615881520245,1.3095239497538715,0.3894001190291733,0.04999919210074649,0.036398711872521305,0.002330228059947662,0.0006588528264175811,8.378375756598865e-05);
INSERT INTO composition_common VALUES('C-a3740-n',5.346241218303351,0.29466468478947266,3.988351588125046,1.9086452491210142);
INSERT INTO composition_strategic VALUES('C-a3740-n',14.005115691918673,1.1114068291138124,0.30841432789539297,0.0645285281230703);
INSERT INTO surface_feature VALUES('C-a3740-n','Medium','High-Content');
-- Asteroid C-a3740-n
INSERT INTO registry VALUES('S-f4675-m','Silicaceous','CHINA','2016-09-09');
INSERT INTO spatialCoord VALUES('S-f4675-m',1.1898200869603093,2.7822374353099173,1.330177555593304);
INSERT INTO specifications VALUES('S-f4675-m',308.03580441510843,366.5997297489112,2.989916641186096,21.18987832440467,3.632751353893001);
INSERT INTO orbit VALUES('S-f4675-m',1.4553123249964968,1.242962264462763,0.5201313835620293,531.1889986237213,1.3491372947296298);
INSERT INTO composition_simple VALUES('S-f4675-m',52.124037495000145,47.875962504999855);
INSERT INTO composition_precious VALUES('S-f4675-m',6.167781596203759,2.646110009247605,0.9541466293947984,2.2639180182459877,2.145815882533911,0.6886781357460652,0.06995777111584682,0.11957210066841947);
INSERT INTO composition_common VALUES('S-f4675-m',4.0019429333835665,4.954409495016827,2.6882484391760295,3.0451941459989924);
INSERT INTO composition_strategic VALUES('S-f4675-m',8.690492138215419,6.080612614544053,0.34677687527759715,0.055699127513040445);
INSERT INTO surface_feature VALUES('S-f4675-m','Hard','Medium-Content');
-- Asteroid S-f4675-m
INSERT INTO registry VALUES('C-h3613-k','Carboneous','CHINA','2013-02-28');
INSERT INTO spatialCoord VALUES('C-h3613-k',3.984687786876449,4.490177486487563,4.515285967111957);
INSERT INTO specifications VALUES('C-h3613-k',584.3879537661817,1092.4257442588528,1.0564319058436347,23.34638979642389,13.596186609404661);
INSERT INTO orbit VALUES('C-h3613-k',1.3639087042969122,1.2332700307571012,0.4270723937088983,497.826677068373,1.2985893675270068);
INSERT INTO composition_simple VALUES('C-h3613-k',59.30478388777397,40.69521611222603);
INSERT INTO composition_precious VALUES('C-h3613-k',5.444390331510441,6.1305609123239,0.2898495723885924,0.22717359041761287,0.5487309584414867,0.17349268506599022,0.0158015363439965,0.012121757657606645);
INSERT INTO composition_common VALUES('C-h3613-k',9.110722054722832,3.551662665484153,0.15159106990683358,0.08156487263745368);
INSERT INTO composition_strategic VALUES('C-h3613-k',8.967413516959018,1.4751997099869758,1.0498810326720747,1.253255375514712);
INSERT INTO surface_feature VALUES('C-h3613-k','Medium','Medium-Content');
-- Asteroid C-h3613-k
INSERT INTO registry VALUES('C-e3137-m','Carboneous','CHINA','2013-05-17');
INSERT INTO spatialCoord VALUES('C-e3137-m',3.7578897309964514,3.7043779108720822,4.794880371553138);
INSERT INTO specifications VALUES('C-e3137-m',263.9322847421776,152.24956630728408,1.8380589799871616,14.934978592388923,9.252964891406613);
INSERT INTO orbit VALUES('C-e3137-m',1.631726705443502,1.433580932699958,0.4776194652388796,595.5802474868783,1.53265381907173);
INSERT INTO composition_simple VALUES('C-e3137-m',47.681467231310165,52.318532768689835);
INSERT INTO composition_precious VALUES('C-e3137-m',2.0959491993791186,1.7276119832174768,9.618369927174047,0.3263482125212722,1.0982373304096598,0.6180387006684879,0.9346698168885751,0.08564284316583377);
INSERT INTO composition_common VALUES('C-e3137-m',2.788800860852666,7.264148311096648,5.750312147038723,0.39864523086915066);
INSERT INTO composition_strategic VALUES('C-e3137-m',11.485713325998983,4.666232191793817,0.29514863510183703,0.1974196067754384);
INSERT INTO surface_feature VALUES('C-e3137-m','Medium','No-Content');
-- Asteroid C-e3137-m
INSERT INTO registry VALUES('C-e1170-k','Carboneous','CHINA','2009-08-27');
INSERT INTO spatialCoord VALUES('C-e1170-k',3.35458997060777,3.7512412460619635,3.9515400006834627);
INSERT INTO specifications VALUES('C-e1170-k',322.01244516032307,683.9544605339611,1.6501528491337378,22.360609544399875,22.500835955153285);
INSERT INTO orbit VALUES('C-e1170-k',1.3291159283763698,1.1556828907823231,0.4939109659576704,485.127313857375,1.2423994095793465);
INSERT INTO composition_simple VALUES('C-e1170-k',54.60879192548407,45.39120807451593);
INSERT INTO composition_precious VALUES('C-e1170-k',14.097474428535637,0.025668409509291595,0.06504210813583522,0.09767076726641737,0.05808672761482622,0.015408380199380102,0.03624410168998252,0.045277928550644254);
INSERT INTO composition_common VALUES('C-e1170-k',2.0155665049589713,5.897364566396227,5.931240712206438,0.17579103761018502);
INSERT INTO composition_strategic VALUES('C-e1170-k',12.703532420196774,1.576245833202585,0.15646260609604432,0.003124600847616516);
INSERT INTO surface_feature VALUES('C-e1170-k','Soft','High-Content');
-- Asteroid C-e1170-k
INSERT INTO registry VALUES('S-e3739-k','Silicaceous','RUSSIA','2017-12-10');
INSERT INTO spatialCoord VALUES('S-e3739-k',2.821089493099238,3.909234957309469,2.1773663779592503);
INSERT INTO specifications VALUES('S-e3739-k',467.2357226769256,162.96369995324386,2.3891761690222943,22.36959040608261,23.93220242517214);
INSERT INTO orbit VALUES('S-e3739-k',1.53478389874141,1.3157309951423608,0.5148597363560101,560.1961230406147,1.4252574469418855);
INSERT INTO composition_simple VALUES('S-e3739-k',65.2487135882006,34.7512864117994);
INSERT INTO composition_precious VALUES('S-e3739-k',3.952869486405735,3.04210230761565,0.7877802733530977,3.2625392969194333,0.007320529291717361,0.0045833004767974524,0.002973858041394831,5.313995799224377e-05);
INSERT INTO composition_common VALUES('S-e3739-k',1.4332218524009948,6.20246349020903,1.277087936496841,1.3818645727719912);
INSERT INTO composition_strategic VALUES('S-e3739-k',2.016738651391941,4.759497413072218,4.223252673973193,0.02454796549599226);
INSERT INTO surface_feature VALUES('S-e3739-k','Medium','Low-Content');
-- Asteroid S-e3739-k
INSERT INTO registry VALUES('C-h834-l','Carboneous','CHINA','1990-10-10');
INSERT INTO spatialCoord VALUES('C-h834-l',3.9262032019585424,4.4832122816298625,4.960712160839356);
INSERT INTO specifications VALUES('C-h834-l',302.8550681301141,449.3142773219772,1.4043118363114648,27.86447020615671,20.534989398475375);
INSERT INTO orbit VALUES('C-h834-l',1.4823323750630464,1.3300578717908427,0.44147467279781916,541.0513168980119,1.4061951234269445);
INSERT INTO composition_simple VALUES('C-h834-l',56.68117902249862,43.31882097750138);
INSERT INTO composition_precious VALUES('C-h834-l',0.7016927309151775,8.151192794641263,1.620313443438173,0.010857491790233393,2.581083774038035,0.2278228428628197,0.027993717874338464,0.19271942597767025);
INSERT INTO composition_common VALUES('C-h834-l',2.8047461117624346,7.258648611603321,2.3290422848727625,0.7173201688699405);
INSERT INTO composition_strategic VALUES('C-h834-l',9.115290871124424,0.8597627087153382,1.2627777307227968,0.1749005137114573);
INSERT INTO surface_feature VALUES('C-h834-l','Soft','High-Content');
-- Asteroid C-h834-l
INSERT INTO registry VALUES('S-b4702-l','Silicaceous','RUSSIA','2010-12-17');
INSERT INTO spatialCoord VALUES('S-b4702-l',3.2470982532939066,2.01172302939943,1.657922202262693);
INSERT INTO specifications VALUES('S-b4702-l',446.6993682619654,652.1049435225023,2.9885229062777485,19.691847315243944,2.184202057501767);
INSERT INTO orbit VALUES('S-b4702-l',1.445776584814791,1.2936042103473668,0.44657347641893474,527.7084534573987,1.369690397581079);
INSERT INTO composition_simple VALUES('S-b4702-l',52.75687632888474,47.24312367111526);
INSERT INTO composition_precious VALUES('S-b4702-l',0.38730136002190835,4.293573021937862,8.933079496335413,0.10575072795555104,1.1991745664375926,0.07990251942988874,0.014865733998837824,0.0082574976068801);
INSERT INTO composition_common VALUES('S-b4702-l',9.789885866736892,2.100332938969306,1.2293085424646824,0.10435807028937713);
INSERT INTO composition_strategic VALUES('S-b4702-l',10.621838940743638,2.9426923248164907,0.23951885048260096,0.5019443098577979);
INSERT INTO surface_feature VALUES('S-b4702-l','Medium','Low-Content');
-- Asteroid S-b4702-l
INSERT INTO registry VALUES('C-f1765-q','Carboneous','US','1995-04-04');
INSERT INTO spatialCoord VALUES('C-f1765-q',4.915732430506763,4.444440747655196,4.945539836135262);
INSERT INTO specifications VALUES('C-f1765-q',835.5547018486157,604.1757474387227,1.338986091160103,14.956828642439097,10.647460724232907);
INSERT INTO orbit VALUES('C-f1765-q',1.9355905823198278,1.7626860049215543,0.4131325741866371,706.4905625467371,1.849138293620691);
INSERT INTO composition_simple VALUES('C-f1765-q',49.810506024133026,50.189493975866974);
INSERT INTO composition_precious VALUES('C-f1765-q',8.618405081499459,7.138261266630642,0.20654365372298408,0.010619297690476523,0.0009774809633907831,1.8047221026625288e-05,0.0008093560771503737,7.697156806101182e-05);
INSERT INTO composition_common VALUES('C-f1765-q',7.91742013647361,6.930167180837558,0.43316077073050024,0.53466579085667);
INSERT INTO composition_strategic VALUES('C-f1765-q',14.48740247919645,1.3188761673303846,0.11706258592459252,0.019170367618583456);
INSERT INTO surface_feature VALUES('C-f1765-q','Medium','Low-Content');
-- Asteroid C-f1765-q
INSERT INTO registry VALUES('M-h1940-k','Metallic','RUSSIA','2009-12-07');
INSERT INTO spatialCoord VALUES('M-h1940-k',3.4294818423128772,1.8188252656636918,1.803761225529414);
INSERT INTO specifications VALUES('M-h1940-k',54.59812598238692,840.3220665716896,5.939943468851882,22.91216219171278,14.016410671542133);
INSERT INTO orbit VALUES('M-h1940-k',1.6521177542337195,1.4732169269638167,0.4525988454200434,603.0229802953077,1.562667340598768);
INSERT INTO composition_simple VALUES('M-h1940-k',49.40999628581925,50.59000371418075);
INSERT INTO composition_precious VALUES('M-h1940-k',8.135093995392172,6.750087709569473,0.3080068629171205,0.5828167611784832,0.2505514000114002,0.0192756037149232,0.03997256385334981,0.00021756186835745884);
INSERT INTO composition_common VALUES('M-h1940-k',14.5334068572128,1.0870807064440893,0.39254240677124574,0.04304942395639503);
INSERT INTO composition_strategic VALUES('M-h1940-k',4.545647206674604,2.359232092398527,8.888590970271778,0.27236370990323755);
INSERT INTO surface_feature VALUES('M-h1940-k','Medium','No-Content');
-- Asteroid M-h1940-k
INSERT INTO registry VALUES('S-b2720-q','Silicaceous','RUSSIA','2020-11-08');
INSERT INTO spatialCoord VALUES('S-b2720-q',1.5899051970455595,2.161059913177759,3.2451194043251546);
INSERT INTO specifications VALUES('S-b2720-q',702.6584635489063,499.4745531730009,2.8128841255750334,26.779712805749778,15.573518606345003);
INSERT INTO orbit VALUES('S-b2720-q',2.0031267886491904,1.8313715954665355,0.4051359470871481,731.1412778569545,1.917249192057863);
INSERT INTO composition_simple VALUES('S-b2720-q',55.42851201976633,44.57148798023367);
INSERT INTO composition_precious VALUES('S-b2720-q',1.9670854625103895,1.7699883504979503,7.24120990009879,1.0739787665083398,0.040517775719928005,0.5480763176379889,0.3809874553888589,0.17940921051433664);
INSERT INTO composition_common VALUES('S-b2720-q',5.538402323832492,3.0748142006216357,3.914869553716295,1.1162844880209344);
INSERT INTO composition_strategic VALUES('S-b2720-q',11.996945221733315,1.6709917593016737,0.13782694548086516,0.18639347620700825);
INSERT INTO surface_feature VALUES('S-b2720-q','Hard-Medium','Low-Content');
-- Asteroid S-b2720-q
INSERT INTO registry VALUES('M-g4446-q','Metallic','UK','1992-04-16');
INSERT INTO spatialCoord VALUES('M-g4446-q',2.6030920121522385,3.5067131682833534,2.3778540765380454);
INSERT INTO specifications VALUES('M-g4446-q',462.0712894023019,203.853717059861,6.831330717614366,15.570490700071096,13.92325571019113);
INSERT INTO orbit VALUES('M-g4446-q',1.1560573111669035,1.0176783343910087,0.47441570388844606,421.9609185759198,1.086867822778956);
INSERT INTO composition_simple VALUES('M-g4446-q',51.40189918843976,48.59810081156024);
INSERT INTO composition_precious VALUES('M-g4446-q',13.37348577404179,0.9918717658039757,0.48102036872554665,0.17477136887772898,0.020941323614679073,0.09532076814887977,0.22753094316006423,0.08590759739737802);
INSERT INTO composition_common VALUES('M-g4446-q',4.595268932624946,1.9551235717363027,1.380838840824702,5.6798627248460845);
INSERT INTO composition_strategic VALUES('M-g4446-q',3.731317657820896,1.0351902430267632,7.8589985095072095,2.234440711550257);
INSERT INTO surface_feature VALUES('M-g4446-q','Medium','Low-Content');
-- Asteroid M-g4446-q
INSERT INTO registry VALUES('S-g3467-j','Silicaceous','CHINA','1991-12-28');
INSERT INTO spatialCoord VALUES('S-g3467-j',4.0222002469830995,2.021454732047746,2.428323551219313);
INSERT INTO specifications VALUES('S-g3467-j',741.026604599913,759.6349081143693,2.1733239004156237,24.599029852047416,22.70991481497191);
INSERT INTO orbit VALUES('S-g3467-j',1.3588898707150812,1.1352314448038177,0.5496258593252752,495.9948028110046,1.2470606577594494);
INSERT INTO composition_simple VALUES('S-g3467-j',60.438201868053966,39.561798131946034);
INSERT INTO composition_precious VALUES('S-g3467-j',5.494749704657076,6.49947397207189,0.27294695070591235,0.26167616114378295,0.04353205494238504,0.0033955260464846215,0.0015850195835752407,0.003224813210513333);
INSERT INTO composition_common VALUES('S-g3467-j',10.199722835357134,0.5668721343385392,1.7134440933458674,0.07695368268839348);
INSERT INTO composition_strategic VALUES('S-g3467-j',11.849826398124259,0.3865357835491427,0.3497968611870976,0.00660413532705943);
INSERT INTO surface_feature VALUES('S-g3467-j','Medium','Medium-Content');
-- Asteroid S-g3467-j
INSERT INTO registry VALUES('C-a3981-j','Carboneous','CHINA','2007-05-20');
INSERT INTO spatialCoord VALUES('C-a3981-j',4.058354549462644,3.284104555086618,4.990022567874886);
INSERT INTO specifications VALUES('C-a3981-j',237.33468298271814,259.371034908749,1.4100195784164442,23.93688604082486,2.5378746211021928);
INSERT INTO orbit VALUES('C-a3981-j',1.6914221297768557,1.4891428306012984,0.47421561112006483,617.3690773685523,1.5902824801890771);
INSERT INTO composition_simple VALUES('C-a3981-j',42.88433432641041,57.11566567358959);
INSERT INTO composition_precious VALUES('C-a3981-j',14.457087186801166,0.12025974864776952,0.9121370811906417,1.1400749894623643,0.6296505543705901,0.06780118843349152,0.7248237208984202,0.017970806137691163);
INSERT INTO composition_common VALUES('C-a3981-j',11.728174539399296,2.799683577803362,0.07556159313414307,1.8816768233625316);
INSERT INTO composition_strategic VALUES('C-a3981-j',2.207909796301401,15.616115885228618,0.24630577136030377,0.031762760730465835);
INSERT INTO surface_feature VALUES('C-a3981-j','Medium','Medium-Content');
-- Asteroid C-a3981-j
INSERT INTO registry VALUES('M-b716-p','Metallic','US','2012-09-11');
INSERT INTO spatialCoord VALUES('M-b716-p',1.918175978599686,2.974734302723784,2.4679954273998983);
INSERT INTO specifications VALUES('M-b716-p',536.4011585110961,301.3360774421969,4.721349416566717,10.098803303095552,21.58121894924582);
INSERT INTO orbit VALUES('M-b716-p',1.491783526886497,1.3188364940757888,0.4673602999422715,544.5009873135714,1.405310010481143);
INSERT INTO composition_simple VALUES('M-b716-p',67.83566090775912,32.16433909224088);
INSERT INTO composition_precious VALUES('M-b716-p',3.611949406120865,6.541224094658976,0.05761873168709524,0.0011044808789526465,0.012019957954888862,0.0003609447977145876,0.008442747437661973,0.0028022368282184153);
INSERT INTO composition_common VALUES('M-b716-p',5.480843353315778,2.436872430573423,0.2725537685233535,1.1090355009928123);
INSERT INTO composition_strategic VALUES('M-b716-p',4.49641196622219,3.9061883092682708,1.4095423369127154,0.14176090985594508);
INSERT INTO surface_feature VALUES('M-b716-p','Hard','No-Content');
-- Asteroid M-b716-p
INSERT INTO registry VALUES('C-a4790-n','Carboneous','US','1994-02-21');
INSERT INTO spatialCoord VALUES('C-a4790-n',4.553482525736777,4.406916996314796,4.616868849189975);
INSERT INTO specifications VALUES('C-a4790-n',363.18835933707106,1054.1354376339295,1.1152223895384608,21.342512702229794,16.540536813179262);
INSERT INTO orbit VALUES('C-a4790-n',2.0340384935457347,1.8114369922983449,0.4548622554512339,742.4240501441932,1.9227377429220398);
INSERT INTO composition_simple VALUES('C-a4790-n',44.647839530018,55.352160469982);
INSERT INTO composition_precious VALUES('C-a4790-n',0.9718769247082069,7.650758121041497,7.381395836967709,1.4600575074157556,0.1407921239011024,0.01363392151025832,0.00036133241449292947,0.00011697207990219893);
INSERT INTO composition_common VALUES('C-a4790-n',10.074645917877374,7.489084910603061,0.001562919935046604,0.002515295337812948);
INSERT INTO composition_strategic VALUES('C-a4790-n',0.20049967579874045,17.11835550491735,0.21114189288376195,0.012740985638316688);
INSERT INTO surface_feature VALUES('C-a4790-n','Medium','Low-Content');
-- Asteroid C-a4790-n
INSERT INTO registry VALUES('S-f377-j','Silicaceous','UK','2021-07-02');
INSERT INTO spatialCoord VALUES('S-f377-j',2.841028701059006,2.574721178351102,3.323553065573939);
INSERT INTO specifications VALUES('S-f377-j',508.27502106280383,582.7672535983238,2.023428805702877,25.7830092049048,13.34827496401459);
INSERT INTO orbit VALUES('S-f377-j',1.2553391852975828,1.0427454840154058,0.5567973040878951,458.19880263361773,1.1490423346564942);
INSERT INTO composition_simple VALUES('S-f377-j',56.4005745152156,43.5994254847844);
INSERT INTO composition_precious VALUES('S-f377-j',3.558429040995502,2.1483973665654164,3.7866368322977064,3.219062245904289,0.27829965832855286,0.39648804205939236,0.2676395423839725,0.14246131353743835);
INSERT INTO composition_common VALUES('S-f377-j',9.430277047076522,1.1641679905981352,0.13821074054449986,0.8002440406576206);
INSERT INTO composition_strategic VALUES('S-f377-j',12.506877175404146,0.5466826875558409,0.7351228813200962,0.03954321683172857);
INSERT INTO surface_feature VALUES('S-f377-j','Medium','Medium-Content');
-- Asteroid S-f377-j
INSERT INTO registry VALUES('M-e680-p','Metallic','US','2019-12-24');
INSERT INTO spatialCoord VALUES('M-e680-p',2.8792561873198235,2.9742040860870214,1.2914330703377015);
INSERT INTO specifications VALUES('M-e680-p',556.5169639616968,1009.7178429885545,3.248530166698718,27.483360441504562,1.6470433916316294);
INSERT INTO orbit VALUES('M-e680-p',1.572414502105147,1.3520911655446697,0.5104925906095392,573.9312932683787,1.4622528338249083);
INSERT INTO composition_simple VALUES('M-e680-p',60.46397608667358,39.53602391332642);
INSERT INTO composition_precious VALUES('M-e680-p',12.51835938434991,0.06366003580666772,0.00017874006137631932,0.0006778708361137102,0.00039346583319839826,0.0012085567923416105,0.00020582880456598536,2.144269029915183e-05);
INSERT INTO composition_common VALUES('M-e680-p',6.289767990908956,5.858476883931699,0.19457595504067815,0.09099168664234274);
INSERT INTO composition_strategic VALUES('M-e680-p',7.764170992415554,0.06882199908733033,1.9538718147869674,0.17187021822341267);
INSERT INTO surface_feature VALUES('M-e680-p','Hard','No-Content');
-- Asteroid M-e680-p
INSERT INTO registry VALUES('M-e2005-m','Metallic','RUSSIA','2013-12-16');
INSERT INTO spatialCoord VALUES('M-e2005-m',1.4543315325453028,1.716830073835334,2.049925722310717);
INSERT INTO specifications VALUES('M-e2005-m',776.9331827610667,859.3773807474544,6.552234214876347,29.010061813113957,3.959476540094017);
INSERT INTO orbit VALUES('M-e2005-m',1.377097451641923,1.205413407805017,0.48352771329059474,502.64056984930187,1.29125542972347);
INSERT INTO composition_simple VALUES('M-e2005-m',58.50998268758511,41.49001731241489);
INSERT INTO composition_precious VALUES('M-e2005-m',0.770809982076419,2.984246525198541,0.6678723195539393,1.2446163337984972,2.62752805356814,3.025990252239729,1.1418732935863756,0.008522913936056859);
INSERT INTO composition_common VALUES('M-e2005-m',3.7282262168734603,8.56069097391422,0.6004775133798397,0.26561805512184394);
INSERT INTO composition_strategic VALUES('M-e2005-m',3.3535562062192357,1.7176575069395583,3.865687450277042,1.3754652387169095);
INSERT INTO surface_feature VALUES('M-e2005-m','Medium','No-Content');
-- Asteroid M-e2005-m
INSERT INTO registry VALUES('M-g3568-p','Metallic','UK','2005-11-27');
INSERT INTO spatialCoord VALUES('M-g3568-p',2.2030769796102097,3.2650271459781472,2.379176249036428);
INSERT INTO specifications VALUES('M-g3568-p',901.4808081222258,517.044085918396,4.251785529173875,23.488764719040798,2.9468590195901374);
INSERT INTO orbit VALUES('M-g3568-p',1.3608960390262312,1.1978028651200565,0.4746817488701609,496.7270542445744,1.2793494520731439);
INSERT INTO composition_simple VALUES('M-g3568-p',61.12466539281425,38.87533460718575);
INSERT INTO composition_precious VALUES('M-g3568-p',1.4339655155087332,9.879506011137503,0.6723873530197106,0.2198438337274021,0.07822772004746352,0.06770609951487395,0.005947876953449229,0.014659042291236286);
INSERT INTO composition_common VALUES('M-g3568-p',3.126717111480926,0.0647171949856432,8.306679126536054,0.7265392739683396);
INSERT INTO composition_strategic VALUES('M-g3568-p',1.0688855739635117,8.305440691386256,1.2319188936244692,0.06363690719351606);
INSERT INTO surface_feature VALUES('M-g3568-p','Hard-Medium','Low-Content');
-- Asteroid M-g3568-p
INSERT INTO registry VALUES('S-e2972-p','Silicaceous','US','2019-01-28');
INSERT INTO spatialCoord VALUES('S-e2972-p',1.1819451206989224,1.4371854005226181,3.219011927924108);
INSERT INTO specifications VALUES('S-e2972-p',54.19519361599765,896.8851697358383,2.1078253756979675,22.789414324031927,21.366369221288323);
INSERT INTO orbit VALUES('S-e2972-p',1.571364372669841,1.3758245467138772,0.48310852121663417,573.5479960244919,1.473594459691859);
INSERT INTO composition_simple VALUES('S-e2972-p',44.9214695775524,55.0785304224476);
INSERT INTO composition_precious VALUES('S-e2972-p',9.437070732319937,6.591585091758262,0.7260547787687744,0.7259140666546908,0.028578054242039585,0.022360611406959753,0.0002861293021099299,6.22860254126854e-05);
INSERT INTO composition_common VALUES('S-e2972-p',15.261891711705113,0.907710861488619,1.0246816215455985,0.22531944488700564);
INSERT INTO composition_strategic VALUES('S-e2972-p',14.595812781218523,1.7930033023829155,0.07381935027755088,0.7662821574679224);
INSERT INTO surface_feature VALUES('S-e2972-p','Hard-Medium','Low-Content');
-- Asteroid S-e2972-p
INSERT INTO registry VALUES('S-g200-n','Silicaceous','UK','2003-05-22');
INSERT INTO spatialCoord VALUES('S-g200-n',1.755935659452705,1.036862558920125,2.6236544772531345);
INSERT INTO specifications VALUES('S-g200-n',289.4052959607637,526.8611347217925,1.1348012276568018,12.776237630703873,19.150597594222983);
INSERT INTO orbit VALUES('S-g200-n',1.8718257588072327,1.73546978482625,0.3746817397517998,683.2164019646399,1.8036477718167414);
INSERT INTO composition_simple VALUES('S-g200-n',42.65708020617549,57.34291979382451);
INSERT INTO composition_precious VALUES('S-g200-n',10.951699567776044,6.332217509753196,0.4241996183361293,0.49993269670312346,0.009522811999420249,0.026327180570247452,0.00044965499927048164,0.00494120071343227);
INSERT INTO composition_common VALUES('S-g200-n',9.104233562968151,6.8691047827472795,0.6482573246882624,0.4196691336462529);
INSERT INTO composition_strategic VALUES('S-g200-n',12.020961382904003,5.756227852453167,0.20138563413694102,0.19304497827774528);
INSERT INTO surface_feature VALUES('S-g200-n','Hard','Low-Content');
-- Asteroid S-g200-n
INSERT INTO registry VALUES('M-a500-k','Metallic','CHINA','2005-10-20');
INSERT INTO spatialCoord VALUES('M-a500-k',1.37728253026506,1.7565985833976467,3.1871684982059447);
INSERT INTO specifications VALUES('M-a500-k',58.79988669189104,825.7760659153261,3.6216714862953387,16.23559620344754,16.630524087699527);
INSERT INTO orbit VALUES('M-a500-k',1.0735165547180976,0.8587001089660671,0.6001404904447822,391.83354247210565,0.9661083318420823);
INSERT INTO composition_simple VALUES('M-a500-k',36.42737923678294,63.57262076321706);
INSERT INTO composition_precious VALUES('M-a500-k',7.093558746676208,6.875934095991054,2.238932912019223,0.42462927274341705,1.6882241547036307,1.3051115974847494,0.37214507776689076,0.17096096159584298);
INSERT INTO composition_common VALUES('M-a500-k',17.194946516273312,2.6834270725976075,0.26772945444870644,0.011649776252120927);
INSERT INTO composition_strategic VALUES('M-a500-k',12.127728888818856,2.011001295358827,4.675285744489423,1.2576687076531388);
INSERT INTO surface_feature VALUES('M-a500-k','Medium','Low-Content');
-- Asteroid M-a500-k
INSERT INTO registry VALUES('C-b616-q','Carboneous','CHINA','2014-02-10');
INSERT INTO spatialCoord VALUES('C-b616-q',3.2091645949973677,4.450710281497825,3.0853677625855553);
INSERT INTO specifications VALUES('C-b616-q',812.1458570016295,507.0593454276427,1.0238981205338815,15.972113821183644,7.614521994574866);
INSERT INTO orbit VALUES('C-b616-q',1.9300871768150416,1.7607773070845325,0.40957011706096336,704.4818195374902,1.845432241949787);
INSERT INTO composition_simple VALUES('C-b616-q',53.61974931856057,46.38025068143943);
INSERT INTO composition_precious VALUES('C-b616-q',11.843310594546079,2.694521745231755,0.09461356940641039,0.12848461095420272,0.0021937506177046166,7.787826883483577e-05,4.879412133028707e-05,1.2734287332558183e-05);
INSERT INTO composition_common VALUES('C-b616-q',9.402974464181682,2.456062608943142,0.8658827357116672,0.36338648272280083);
INSERT INTO composition_strategic VALUES('C-b616-q',4.4545252732832505,3.4716602680739603,2.986158185679998,1.7857031736477138);
INSERT INTO surface_feature VALUES('C-b616-q','Medium-Soft','Low-Content');
-- Asteroid C-b616-q
INSERT INTO registry VALUES('C-h2328-j','Carboneous','UK','2007-11-01');
INSERT INTO spatialCoord VALUES('C-h2328-j',3.064431862456547,3.079161406532505,4.574443299894535);
INSERT INTO specifications VALUES('C-h2328-j',170.82206567124686,289.5249196056759,1.0631301994682798,24.202369578447815,5.022391300484283);
INSERT INTO orbit VALUES('C-h2328-j',1.2680160351713086,1.1004019312127522,0.496889372007161,462.82585283752763,1.1842089831920304);
INSERT INTO composition_simple VALUES('C-h2328-j',56.696399540758726,43.303600459241274);
INSERT INTO composition_precious VALUES('C-h2328-j',11.436350378069708,1.7943589050270994,0.16275474914488228,0.14476727665963376,0.006209018821666284,0.06736819648771653,0.09483096419079323,0.008860436635287352);
INSERT INTO composition_common VALUES('C-h2328-j',7.620028520459602,4.191776024672253,0.13668755505893612,1.426790931193999);
INSERT INTO composition_strategic VALUES('C-h2328-j',3.5416859737295816,9.899187429522177,0.3155520216776408,0.02493797772082931);
INSERT INTO surface_feature VALUES('C-h2328-j','Soft','High-Content');
-- Asteroid C-h2328-j
INSERT INTO registry VALUES('S-h3365-k','Silicaceous','US','2019-12-01');
INSERT INTO spatialCoord VALUES('S-h3365-k',2.008761956208523,2.568599503624555,3.9691269270489298);
INSERT INTO specifications VALUES('S-h3365-k',120.54727732796545,957.626471712143,2.165492305382344,21.237398049763737,3.4580586260198767);
INSERT INTO orbit VALUES('S-h3365-k',1.7144374206531043,1.5345580236811311,0.44590631740800224,625.769658538383,1.6244977221671177);
INSERT INTO composition_simple VALUES('S-h3365-k',47.168829335162314,52.831170664837686);
INSERT INTO composition_precious VALUES('S-h3365-k',14.244987145260083,1.9966690998371284,0.43510416966896004,0.12482140355107307,0.013691158491934004,0.0007563420693145587,0.00048202236855964485,3.485907202913015e-05);
INSERT INTO composition_common VALUES('S-h3365-k',3.473378776249469,8.116941058128175,2.614057734905289,0.13193118602627624);
INSERT INTO composition_strategic VALUES('S-h3365-k',10.619006052911624,3.8700909906899756,1.6848975859484239,0.5575121487656831);
INSERT INTO surface_feature VALUES('S-h3365-k','Hard-Medium','Medium-Content');
-- Asteroid S-h3365-k
INSERT INTO registry VALUES('S-e2708-j','Silicaceous','CHINA','2008-10-12');
INSERT INTO spatialCoord VALUES('S-e2708-j',3.6514054726718457,3.7086144592332886,2.1500443218884784);
INSERT INTO specifications VALUES('S-e2708-j',439.96183268886944,199.56923445106665,1.9119586908085664,29.958486500847805,12.216790615179553);
INSERT INTO orbit VALUES('S-e2708-j',1.7821290386294133,1.5643522642629877,0.47902792906790226,650.4770990997358,1.6732406514462004);
INSERT INTO composition_simple VALUES('S-e2708-j',25.782472998602675,74.21752700139733);
INSERT INTO composition_precious VALUES('S-e2708-j',5.432740995988647,10.826861483990202,3.3952422265409576,1.3353744029337118,0.7783202153848884,1.5181847625289324,0.14984427589017954,0.15740760950596633);
INSERT INTO composition_common VALUES('S-e2708-j',13.896846794912099,6.316890914941728,2.4413915426695385,0.33770826318365954);
INSERT INTO composition_strategic VALUES('S-e2708-j',18.357817313254856,4.491488584075746,0.006817628766564551,0.46887600088348075);
INSERT INTO surface_feature VALUES('S-e2708-j','Hard','Low-Content');
-- Asteroid S-e2708-j
INSERT INTO registry VALUES('C-e3833-q','Carboneous','RUSSIA','2004-10-02');
INSERT INTO spatialCoord VALUES('C-e3833-q',3.7957032440981493,3.556607937434287,4.835886837852456);
INSERT INTO specifications VALUES('C-e3833-q',42.6780400340161,604.2160350356309,1.6224164165757182,12.435631148890922,13.168123495344645);
INSERT INTO orbit VALUES('C-e3833-q',1.480146231586462,1.345821456403519,0.4162526710117386,540.2533745290586,1.4129838439949904);
INSERT INTO composition_simple VALUES('C-e3833-q',51.68262143510658,48.31737856489342);
INSERT INTO composition_precious VALUES('C-e3833-q',9.994796814996764,0.0878365052479449,4.3405762383082545,0.26703865043019065,0.6080542824950723,0.05215382112278528,0.009754738994069338,0.019282367996307472);
INSERT INTO composition_common VALUES('C-e3833-q',5.977838971616663,1.0271880475075705,5.7371821596906365,1.92508250064847);
INSERT INTO composition_strategic VALUES('C-e3833-q',9.080955663099116,3.0332516540272554,1.7967411946334124,1.1254835097307747);
INSERT INTO surface_feature VALUES('C-e3833-q','Medium','Low-Content');
-- Asteroid C-e3833-q
INSERT INTO registry VALUES('M-f3726-n','Metallic','US','2011-08-17');
INSERT INTO spatialCoord VALUES('M-f3726-n',2.3605921073014717,2.653522507312291,2.8537861072383515);
INSERT INTO specifications VALUES('M-f3726-n',707.4804265714247,533.4942078690609,5.5651088294288025,15.177474888494883,21.256859534336595);
INSERT INTO orbit VALUES('M-f3726-n',2.0044606849797675,1.8219236315012786,0.4169387588965087,731.6281500176151,1.913192158240523);
INSERT INTO composition_simple VALUES('M-f3726-n',51.09521754418744,48.90478245581256);
INSERT INTO composition_precious VALUES('M-f3726-n',7.282479826043499,4.984385726536573,1.2343618454546323,0.24964098203151047,1.1174766631133963,0.4337807999653005,0.23847993299489628,0.02144511413486506);
INSERT INTO composition_common VALUES('M-f3726-n',4.482454598430908,8.979169733037388,1.842486585216289,0.13602791112086754);
INSERT INTO composition_strategic VALUES('M-f3726-n',2.108675039671889,11.371498318876828,0.70802303201428,0.3574653755506574);
INSERT INTO surface_feature VALUES('M-f3726-n','Medium','No-Content');
-- Asteroid M-f3726-n
INSERT INTO registry VALUES('S-h1084-j','Silicaceous','RUSSIA','2013-06-16');
INSERT INTO spatialCoord VALUES('S-h1084-j',1.4751755407600926,3.2578542364736034,3.0226369905013426);
INSERT INTO specifications VALUES('S-h1084-j',169.16310456817075,628.4336453048352,1.0555190461008104,19.473908416139317,11.955719656208386);
INSERT INTO orbit VALUES('S-h1084-j',1.2509245084232505,1.042343011757952,0.55288416085058,456.5874455744864,1.1466337600906011);
INSERT INTO composition_simple VALUES('S-h1084-j',59.02653764457021,40.97346235542979);
INSERT INTO composition_precious VALUES('S-h1084-j',8.224643215917599,1.0792587327311627,2.9783802029081308,0.6136102951633351,0.09697621861232598,0.042852741340927154,0.0028317091382274334,0.0014354484635564595);
INSERT INTO composition_common VALUES('S-h1084-j',3.2326408514355474,2.006473647041646,6.895282873193189,0.3489804917413286);
INSERT INTO composition_strategic VALUES('S-h1084-j',6.3282677097496105,3.9236882895907477,2.2381499484036778,0.36131070921082875);
INSERT INTO surface_feature VALUES('S-h1084-j','Medium','Low-Content');
-- Asteroid S-h1084-j
INSERT INTO registry VALUES('S-b3952-p','Silicaceous','UK','2012-07-03');
INSERT INTO spatialCoord VALUES('S-b3952-p',2.758420213208639,1.7047208316448168,2.427696190236875);
INSERT INTO specifications VALUES('S-b3952-p',830.7503401996335,999.3318088663756,2.7774617026932824,17.21193853842376,11.92265647452397);
INSERT INTO orbit VALUES('S-b3952-p',1.8707970960134201,1.7311071485964054,0.37915952574287864,682.8409400448984,1.8009521223049128);
INSERT INTO composition_simple VALUES('S-b3952-p',60.55073347482071,39.44926652517929);
INSERT INTO composition_precious VALUES('S-b3952-p',6.999257902762761,5.140487986755222,0.16260899729760547,0.1695722238152384,0.029928989761969328,0.023928434067159145,0.020489491907447265,0.0007268368970154345);
INSERT INTO composition_common VALUES('S-b3952-p',0.7598564663952602,6.713253281055059,0.6397568479293718,4.057462991928729);
INSERT INTO composition_strategic VALUES('S-b3952-p',7.616671558991672,2.782451210156349,0.5331420103639378,1.0022833262417015);
INSERT INTO surface_feature VALUES('S-b3952-p','Hard-Medium','Medium-Content');
-- Asteroid S-b3952-p
INSERT INTO registry VALUES('M-f874-l','Metallic','US','1996-03-18');
INSERT INTO spatialCoord VALUES('M-f874-l',1.8045407282829529,1.9251693590633063,1.8995939207630375);
INSERT INTO specifications VALUES('M-f874-l',374.5190407821874,301.6882273776314,3.32274762163339,20.46007799372729,7.865378351601326);
INSERT INTO orbit VALUES('M-f874-l',1.9849458258154822,1.7879887589660481,0.43428693411868374,724.505226422651,1.886467292390765);
INSERT INTO composition_simple VALUES('M-f874-l',43.42294214179384,56.57705785820616);
INSERT INTO composition_precious VALUES('M-f874-l',8.931662483651314,2.8077139286296506,4.293162657278879,1.7217238616071118,0.021928761240426576,0.03566222912144387,0.12802620114830013,0.056247481972317305);
INSERT INTO composition_common VALUES('M-f874-l',1.972467200129707,1.5716300498899682,13.58817702231818,0.10760470295043573);
INSERT INTO composition_strategic VALUES('M-f874-l',5.357851615824073,5.228280983212286,5.579518379506344,1.0774454846350108);
INSERT INTO surface_feature VALUES('M-f874-l','Medium','No-Content');
-- Asteroid M-f874-l
INSERT INTO registry VALUES('M-e548-j','Metallic','RUSSIA','2012-12-01');
INSERT INTO spatialCoord VALUES('M-e548-j',1.0891090217968484,1.7415168479252534,1.168069260010308);
INSERT INTO specifications VALUES('M-e548-j',607.0963798174178,1028.7214860786198,7.763638740251372,13.063511261515698,15.573309686884452);
INSERT INTO orbit VALUES('M-e548-j',1.9514931107711833,1.770681707936413,0.4203821516754077,712.2949854314819,1.8610874093537981);
INSERT INTO composition_simple VALUES('M-e548-j',56.79788872387197,43.20211127612803);
INSERT INTO composition_precious VALUES('M-e548-j',7.3897355697884075,2.6363299517628085,2.211860156281594,0.3501382252418813,0.631301914385896,0.3852292015196762,0.04152350758752086,0.07005242694880467);
INSERT INTO composition_common VALUES('M-e548-j',1.86875336317151,6.824359447023562,4.147446774635913,0.19665995930156263);
INSERT INTO composition_strategic VALUES('M-e548-j',10.117522244454182,1.157851472483171,2.310717188296615,0.010752045623831584);
INSERT INTO surface_feature VALUES('M-e548-j','Medium','No-Content');
-- Asteroid M-e548-j
INSERT INTO registry VALUES('C-g2227-m','Carboneous','UK','1998-06-23');
INSERT INTO spatialCoord VALUES('C-g2227-m',3.1856039128686247,4.5604803753294885,4.021792100124623);
INSERT INTO specifications VALUES('C-g2227-m',69.64995083958739,349.305209924117,1.2963219786472817,14.304105743961033,22.45205465623275);
INSERT INTO orbit VALUES('C-g2227-m',1.8226789673064459,1.6734724363645173,0.3962587364716743,665.2778230668528,1.7480757018354816);
INSERT INTO composition_simple VALUES('C-g2227-m',46.14984815272908,53.85015184727092);
INSERT INTO composition_precious VALUES('C-g2227-m',14.217568812171047,2.6143595836267606,0.13814404287547086,0.08082725476251618,0.05753105128184985,0.010677076079587662,0.002220212891841037,0.013941187590889583);
INSERT INTO composition_common VALUES('C-g2227-m',14.16828971745974,1.5131447199177603,0.9088834229228315,0.4754195085302113);
INSERT INTO composition_strategic VALUES('C-g2227-m',16.06330601028925,0.2456391345960363,0.6438521182238135,0.05688400720204233);
INSERT INTO surface_feature VALUES('C-g2227-m','Medium','Low-Content');
-- Asteroid C-g2227-m
INSERT INTO registry VALUES('C-h1726-p','Carboneous','CHINA','1996-04-22');
INSERT INTO spatialCoord VALUES('C-h1726-p',3.70506216424884,3.6186153618451575,3.3989155306913768);
INSERT INTO specifications VALUES('C-h1726-p',103.99642055455476,991.4055673580978,1.0299104182749264,21.314412080920732,13.96757148365297);
INSERT INTO orbit VALUES('C-h1726-p',1.4721556684617774,1.3178684171038726,0.4456719096884853,537.3368189885488,1.395012042782825);
INSERT INTO composition_simple VALUES('C-h1726-p',39.20382339011446,60.79617660988554);
INSERT INTO composition_precious VALUES('C-h1726-p',0.6479871465934899,13.389919252425202,3.9180853029531075,0.895389659754395,0.3096751084097835,0.06740627721423861,0.045163843964788127,0.016051617067897737);
INSERT INTO composition_common VALUES('C-h1726-p',6.808014163521645,2.213147636902174,3.2565264098302547,1.6603341247187275);
INSERT INTO composition_strategic VALUES('C-h1726-p',11.029786572002319,0.4599341091402887,5.4822195475899695,1.8484624664543514);
INSERT INTO surface_feature VALUES('C-h1726-p','Medium-Soft','High-Content');
-- Asteroid C-h1726-p
INSERT INTO registry VALUES('S-h2335-p','Silicaceous','CHINA','2003-03-16');
INSERT INTO spatialCoord VALUES('S-h2335-p',1.3599220675435222,3.387077287460758,1.109721441710288);
INSERT INTO specifications VALUES('S-h2335-p',325.5087884510315,132.09315474669788,2.401030543185238,27.796682875936664,5.193344288553717);
INSERT INTO orbit VALUES('S-h2335-p',1.5153183933475802,1.3035353896525834,0.5098916869727877,553.0912135718668,1.4094268915000818);
INSERT INTO composition_simple VALUES('S-h2335-p',72.10301837895999,27.896981621040013);
INSERT INTO composition_precious VALUES('S-h2335-p',3.3877806189055097,2.269710998961135,0.9779766003527974,1.3780424953791546,0.6193082777622501,0.0991293338440125,0.0367575499118111,0.053978501417477655);
INSERT INTO composition_common VALUES('S-h2335-p',1.4305395941860561,1.8961860737341045,4.470210394684195,0.03370360275986083);
INSERT INTO composition_strategic VALUES('S-h2335-p',0.4640330812980617,5.365864049011272,2.672017326743061,0.024230778388735132);
INSERT INTO surface_feature VALUES('S-h2335-p','Medium','Low-Content');
-- Asteroid S-h2335-p
INSERT INTO registry VALUES('M-d1765-m','Metallic','RUSSIA','2011-08-19');
INSERT INTO spatialCoord VALUES('M-d1765-m',1.5242362489015517,2.5347787563365727,1.1099093847671684);
INSERT INTO specifications VALUES('M-d1765-m',309.66623978317074,89.55161874526092,5.2466733532462975,17.54487908275021,9.479815485900238);
INSERT INTO orbit VALUES('M-d1765-m',1.9738203100699934,1.8390718827265962,0.3631461984736447,720.4444131755475,1.9064460963982948);
INSERT INTO composition_simple VALUES('M-d1765-m',45.70296911234971,54.29703088765029);
INSERT INTO composition_precious VALUES('M-d1765-m',5.872859801893458,0.6256929318086103,4.132387992963032,5.904581758482054,0.7198106699175316,0.010234250938965387,0.009700428087366379,0.002362473716852135);
INSERT INTO composition_common VALUES('M-d1765-m',15.860321705005337,0.170552677723954,0.15882331912754893,0.7707233237291948);
INSERT INTO composition_strategic VALUES('M-d1765-m',14.200911000153384,2.9117475487538504,0.13417750095581282,0.018720454072713742);
INSERT INTO surface_feature VALUES('M-d1765-m','Medium-Soft','Low-Content');
-- Asteroid M-d1765-m
INSERT INTO registry VALUES('M-h3924-j','Metallic','US','2004-12-03');
INSERT INTO spatialCoord VALUES('M-h3924-j',3.161541370111755,3.5905173444971408,1.7269951853991605);
INSERT INTO specifications VALUES('M-h3924-j',379.8318781870171,907.5451396878133,3.208311903119406,10.864016315762308,6.529006931173237);
INSERT INTO orbit VALUES('M-h3924-j',1.8522237565189796,1.6645338712950004,0.43862987017062777,676.0616711294276,1.75837881390699);
INSERT INTO composition_simple VALUES('M-h3924-j',60.93826359734559,39.06173640265441);
INSERT INTO composition_precious VALUES('M-h3924-j',11.663686316359438,0.22450604573535618,0.09032163049813498,0.3828094751821179,0.051757027351185064,0.013918336510061847,0.003926243704881903,0.0003829285265413847);
INSERT INTO composition_common VALUES('M-h3924-j',7.568027725546162,1.075911058163501,2.431036980438235,0.8026046597259652);
INSERT INTO composition_strategic VALUES('M-h3924-j',11.81177743617336,0.5239153813731517,0.03976504855179825,0.029857005596323507);
INSERT INTO surface_feature VALUES('M-h3924-j','Medium','Low-Content');
-- Asteroid M-h3924-j
INSERT INTO registry VALUES('C-g4994-q','Carboneous','CHINA','2002-12-07');
INSERT INTO spatialCoord VALUES('C-g4994-q',4.055279848978822,3.5048175482252715,3.4445310589984413);
INSERT INTO specifications VALUES('C-g4994-q',879.9365992896965,365.7135116455447,1.1145639274828105,29.865280268541458,19.36719150870249);
INSERT INTO orbit VALUES('C-g4994-q',1.8886124791820114,1.6689698841441618,0.46805071154490635,689.3435549014341,1.7787911816630866);
INSERT INTO composition_simple VALUES('C-g4994-q',48.74355578269743,51.25644421730257);
INSERT INTO composition_precious VALUES('C-g4994-q',6.142422557145388,9.815370668848482,0.05064987381196386,0.10073210714067643,0.012789355519973887,0.05390532286028383,0.11717429153293264,0.020042095068091365);
INSERT INTO composition_common VALUES('C-g4994-q',12.426074066075708,2.9587080859757995,0.45151596197804617,0.3220950977031854);
INSERT INTO composition_strategic VALUES('C-g4994-q',14.654758000796168,0.15907610595303243,1.0809166343451366,0.253029735530075);
INSERT INTO surface_feature VALUES('C-g4994-q','Medium-Soft','No-Content');
-- Asteroid C-g4994-q
INSERT INTO registry VALUES('C-a4883-p','Carboneous','US','1999-02-07');
INSERT INTO spatialCoord VALUES('C-a4883-p',3.320596935629424,3.4202492578034036,3.5383871631692076);
INSERT INTO specifications VALUES('C-a4883-p',210.04646395369903,228.01477461220824,1.6869009461096107,27.4722509967049,19.181059534037246);
INSERT INTO orbit VALUES('C-a4883-p',1.8223243041973138,1.6527985884013865,0.4211891836200552,665.1483710320196,1.7375614462993503);
INSERT INTO composition_simple VALUES('C-a4883-p',46.872319326416225,53.127680673583775);
INSERT INTO composition_precious VALUES('C-a4883-p',8.344488544457636,7.458907814765911,0.5880621481614751,0.1840628080045432,0.24301450010024128,0.013406200553167744,0.0037128430244480985,0.04338214752997169);
INSERT INTO composition_common VALUES('C-a4883-p',14.174555728682606,2.6319310831320544,0.08863692201151543,0.012321396013297542);
INSERT INTO composition_strategic VALUES('C-a4883-p',15.971892679387102,0.40404175996931124,0.04940435721947291,0.16774515574791335);
INSERT INTO surface_feature VALUES('C-a4883-p','Medium','High-Content');
-- Asteroid C-a4883-p
INSERT INTO registry VALUES('S-e2299-n','Silicaceous','CHINA','2003-01-11');
INSERT INTO spatialCoord VALUES('S-e2299-n',2.9307245958967543,3.153267897149951,3.1424452254552495);
INSERT INTO specifications VALUES('S-e2299-n',321.0125422493796,537.353892535711,1.038420799635434,16.199777496210352,20.741666070709137);
INSERT INTO orbit VALUES('S-e2299-n',2.01663740463549,1.8569320345682567,0.3900206613198336,736.0726526919537,1.9367847196018733);
INSERT INTO composition_simple VALUES('S-e2299-n',57.70669306310917,42.29330693689083);
INSERT INTO composition_precious VALUES('S-e2299-n',2.594583708842762,1.4382464760638678,3.261680456778366,6.096224407134911,0.00040090897312068885,0.014611610778176713,0.007409991126084369,0.0289955820662315);
INSERT INTO composition_common VALUES('S-e2299-n',10.152661729699421,1.178084769184782,1.7581998797879812,0.11799966500784011);
INSERT INTO composition_strategic VALUES('S-e2299-n',0.5090752643103729,3.592179719161036,3.61855995226648,0.39997294767908204);
INSERT INTO surface_feature VALUES('S-e2299-n','Hard','Low-Content');
-- Asteroid S-e2299-n
INSERT INTO registry VALUES('M-f1804-q','Metallic','RUSSIA','2000-08-04');
INSERT INTO spatialCoord VALUES('M-f1804-q',1.5146323830812893,1.4558336410730053,2.7409571197492504);
INSERT INTO specifications VALUES('M-f1804-q',485.3125209000255,913.2247800429368,6.728565739571547,19.26930989938939,12.727288227662076);
INSERT INTO orbit VALUES('M-f1804-q',1.3953625079861984,1.2052088684075062,0.5039641696181376,509.30731541496243,1.3002856881968523);
INSERT INTO composition_simple VALUES('M-f1804-q',45.79938983106373,54.20061016893627);
INSERT INTO composition_precious VALUES('M-f1804-q',13.29858256192567,3.100600209944686,0.2406372317118529,0.20000964852529146,0.34042537752704105,0.015526759608263345,0.02120948885895836,0.02664651229533827);
INSERT INTO composition_common VALUES('M-f1804-q',3.16916685321126,5.375553393318138,1.0853038143101374,4.297473037753099);
INSERT INTO composition_strategic VALUES('M-f1804-q',14.383728142033494,0.4904611042225335,2.2952882173239715,0.0788501894409634);
INSERT INTO surface_feature VALUES('M-f1804-q','Medium','No-Content');
-- Asteroid M-f1804-q
INSERT INTO registry VALUES('S-h1377-l','Silicaceous','US','2015-09-27');
INSERT INTO spatialCoord VALUES('S-h1377-l',2.1079137817736924,3.9401204792085913,2.2889285690482963);
INSERT INTO specifications VALUES('S-h1377-l',118.37203805271915,552.2765232344226,1.438008368431602,29.421160483782785,9.436718546666187);
INSERT INTO orbit VALUES('S-h1377-l',1.4909049324545622,1.3581727803817925,0.4124680031186593,544.1803003459153,1.4245388564181773);
INSERT INTO composition_simple VALUES('S-h1377-l',43.103248250320426,56.896751749679574);
INSERT INTO composition_precious VALUES('S-h1377-l',14.307383913672176,3.745520220279151,0.020499136509171904,0.029339834269872397,0.005286580105622012,0.0008240041453526113,0.0016900217180067026,0.00019401029163160848);
INSERT INTO composition_common VALUES('S-h1377-l',16.088290369317857,1.1240186338324964,0.5512845454600664,0.2155269102042885);
INSERT INTO composition_strategic VALUES('S-h1377-l',13.413094359925706,3.9494701668349528,0.7280280558413795,0.0002464533359076413);
INSERT INTO surface_feature VALUES('S-h1377-l','Medium','Low-Content');
-- Asteroid S-h1377-l
INSERT INTO registry VALUES('C-b4692-l','Carboneous','RUSSIA','2021-12-21');
INSERT INTO spatialCoord VALUES('C-b4692-l',3.1011771857568617,4.222455362179631,4.884713441997154);
INSERT INTO specifications VALUES('C-b4692-l',395.3703805931852,402.7888504228235,1.625379394677222,28.710527429375166,6.006816586163988);
INSERT INTO orbit VALUES('C-b4692-l',1.3933599260136462,1.228695695701229,0.4715820527294845,508.5763729949809,1.3110278108574376);
INSERT INTO composition_simple VALUES('C-b4692-l',49.67140972215691,50.32859027784309);
INSERT INTO composition_precious VALUES('C-b4692-l',8.93948626510978,6.641915751204619,0.13464530161500982,0.1033470829390567,0.09214196447340668,0.05168820351445256,0.03063715126238084,0.008080800673181197);
INSERT INTO composition_common VALUES('C-b4692-l',13.118574522758317,2.698537143448215,0.044831773310658754,0.13639820639237563);
INSERT INTO composition_strategic VALUES('C-b4692-l',1.984191651740663,9.22636874076717,4.099489739280719,0.17280137565015954);
INSERT INTO surface_feature VALUES('C-b4692-l','Medium-Soft','Medium-Content');
-- Asteroid C-b4692-l
INSERT INTO registry VALUES('S-f3334-j','Silicaceous','US','2012-09-16');
INSERT INTO spatialCoord VALUES('S-f3334-j',2.3298538140100633,1.0588153141067558,1.9229853551102507);
INSERT INTO specifications VALUES('S-f3334-j',494.3012938008019,134.54030407425645,2.7887706332468385,15.06959210915979,10.861557906200604);
INSERT INTO orbit VALUES('S-f3334-j',1.1779836099902758,1.0254184306939156,0.4921928921119676,429.96401764645066,1.1017010203420958);
INSERT INTO composition_simple VALUES('S-f3334-j',46.75754712622794,53.24245287377206);
INSERT INTO composition_precious VALUES('S-f3334-j',4.124765019072306,5.7776487425630885,5.744788552562291,0.4644818908348737,0.7187273294128312,0.031201302229255726,0.07430959637025362,0.006575721917891224);
INSERT INTO composition_common VALUES('S-f3334-j',11.325792109070566,2.763983521869714,2.33980643273519,0.19779604362828668);
INSERT INTO composition_strategic VALUES('S-f3334-j',4.823890278984958,12.055629000077621,0.02356528078191528,0.012578158613039977);
INSERT INTO surface_feature VALUES('S-f3334-j','Hard','Medium-Content');
-- Asteroid S-f3334-j
INSERT INTO registry VALUES('S-d1064-q','Silicaceous','UK','2010-02-28');
INSERT INTO spatialCoord VALUES('S-d1064-q',1.5579712629803046,1.841915062988718,3.6272063368767795);
INSERT INTO specifications VALUES('S-d1064-q',905.4203512077522,204.09393159511256,2.1692331219629417,26.409935436136145,4.615573197948493);
INSERT INTO orbit VALUES('S-d1064-q',1.1019954814868438,0.9135838687498609,0.5592087649811229,402.22835074269796,1.0077896751183524);
INSERT INTO composition_simple VALUES('S-d1064-q',61.457737521844884,38.542262478155116);
INSERT INTO composition_precious VALUES('S-d1064-q',4.900703753983321,1.8371246765720706,2.579534912416284,1.9795310220301183,0.5507217820562099,0.024981211353609367,0.03962128514208565,0.1537449134641694);
INSERT INTO composition_common VALUES('S-d1064-q',12.1623720690225,0.09791168745176125,0.0023612030528513558,0.002184567753093206);
INSERT INTO composition_strategic VALUES('S-d1064-q',3.283443872891932,3.763378984914488,4.9276635095070755,0.22439361060097515);
INSERT INTO surface_feature VALUES('S-d1064-q','Hard','Low-Content');
-- Asteroid S-d1064-q
INSERT INTO registry VALUES('C-h785-l','Carboneous','RUSSIA','2020-11-05');
INSERT INTO spatialCoord VALUES('C-h785-l',3.560348581352528,3.4637067432570072,4.359229747493391);
INSERT INTO specifications VALUES('C-h785-l',232.57689284982064,201.03435153081662,1.0485682349421082,18.019027739715728,14.672704746140738);
INSERT INTO orbit VALUES('C-h785-l',1.8693361582791652,1.6757229606662307,0.44319189885331123,682.3076977718953,1.772529559472698);
INSERT INTO composition_simple VALUES('C-h785-l',48.07458550682331,51.92541449317669);
INSERT INTO composition_precious VALUES('C-h785-l',4.807124141699372,1.4312024147098008,8.010585882011444,1.2469130210643158,0.22471509954744395,0.584476677331974,0.01751901711551839,0.07872402698123195);
INSERT INTO composition_common VALUES('C-h785-l',8.252055903478157,7.139472762652882,0.5467852945657841,0.36398169217103193);
INSERT INTO composition_strategic VALUES('C-h785-l',9.440880244044136,3.3778345042928626,1.382946288877841,0.4246139872110314);
INSERT INTO surface_feature VALUES('C-h785-l','Soft','Medium-Content');
-- Asteroid C-h785-l
INSERT INTO registry VALUES('S-f267-k','Silicaceous','CHINA','2010-10-22');
INSERT INTO spatialCoord VALUES('S-f267-k',2.0341175459143455,3.2935130164806483,1.2269662291820076);
INSERT INTO specifications VALUES('S-f267-k',153.57421128211428,369.1355781251272,1.9129319892902277,21.15622754913539,21.276257758566523);
INSERT INTO orbit VALUES('S-f267-k',1.7987873869580435,1.5950061725452294,0.46232241489169645,656.5573962396859,1.6968967797516363);
INSERT INTO composition_simple VALUES('S-f267-k',46.011382895135675,53.988617104864325);
INSERT INTO composition_precious VALUES('S-f267-k',10.296936635235085,2.6836673779771014,0.04901692262135211,1.1210903055128536,1.2695373493680546,0.7829172920533701,0.5352581971956596,0.11324878204421364);
INSERT INTO composition_common VALUES('S-f267-k',2.2982136169939396,9.181955736257558,5.504443416269412,0.021582795083139827);
INSERT INTO composition_strategic VALUES('S-f267-k',3.921254601427704,11.047208293397123,0.7498521355360058,1.1486594875425162);
INSERT INTO surface_feature VALUES('S-f267-k','Hard','Low-Content');
-- Asteroid S-f267-k
INSERT INTO registry VALUES('C-h1950-k','Carboneous','UK','2003-01-27');
INSERT INTO spatialCoord VALUES('C-h1950-k',4.0585594422571125,3.794393694303538,3.776698148316131);
INSERT INTO specifications VALUES('C-h1950-k',222.26882499943386,180.32237525107445,1.573180975592442,19.00871187628355,14.492829426778805);
INSERT INTO orbit VALUES('C-h1950-k',1.8896240718866388,1.6738762478163165,0.46401946651886944,689.7127862386232,1.7817501598514776);
INSERT INTO composition_simple VALUES('C-h1950-k',43.55568462933832,56.44431537066168);
INSERT INTO composition_precious VALUES('C-h1950-k',17.408058604582287,0.07311275892665839,0.2545898247331536,0.2032274566799037,0.006361847116661345,0.003958915101316859,0.010317733902061536,0.004308650676230729);
INSERT INTO composition_common VALUES('C-h1950-k',9.946901327844131,4.770841483294679,2.6288410641637814,0.4838338994268423);
INSERT INTO composition_strategic VALUES('C-h1950-k',14.110773409277835,2.7198550078105783,0.8138119360366963,0.104459366443232);
INSERT INTO surface_feature VALUES('C-h1950-k','Soft','No-Content');
-- Asteroid C-h1950-k
INSERT INTO registry VALUES('C-d914-p','Carboneous','CHINA','2002-08-06');
INSERT INTO spatialCoord VALUES('C-d914-p',3.728682292000044,4.763122577315483,4.89998173157639);
INSERT INTO specifications VALUES('C-d914-p',232.57414634630683,755.264533352697,1.2874607861172291,11.085817934494749,10.06408191669866);
INSERT INTO orbit VALUES('C-d914-p',1.5390407388003964,1.319483346650681,0.5147482086282436,561.7498696621446,1.4292620427255387);
INSERT INTO composition_simple VALUES('C-d914-p',49.43061191718934,50.56938808281066);
INSERT INTO composition_precious VALUES('C-d914-p',12.97323072805229,0.7518195736654497,1.9153134084580792,0.048338551923460836,0.30535210924808714,0.004874993205715992,0.06677754630549453,0.007458275509059321);
INSERT INTO composition_common VALUES('C-d914-p',11.902099033037032,3.7535061932038687,0.25884124265366354,0.10140297849162026);
INSERT INTO composition_strategic VALUES('C-d914-p',3.4199069934664776,9.045329747777195,2.556619846513167,0.8768900158930176);
INSERT INTO surface_feature VALUES('C-d914-p','Medium-Soft','Medium-Content');
-- Asteroid C-d914-p
INSERT INTO registry VALUES('M-h1238-p','Metallic','RUSSIA','2020-08-11');
INSERT INTO spatialCoord VALUES('M-h1238-p',3.414245412026538,1.9978466042021001,3.3610522700821477);
INSERT INTO specifications VALUES('M-h1238-p',217.50412394957965,841.0276132479136,4.191338416999573,28.783629280489105,13.92453529766221);
INSERT INTO orbit VALUES('M-h1238-p',1.7370856331005322,1.5098414332336763,0.49449447313295974,634.0362560816942,1.6234635331671043);
INSERT INTO composition_simple VALUES('M-h1238-p',54.41013184882386,45.58986815117614);
INSERT INTO composition_precious VALUES('M-h1238-p',0.4981576135932917,4.773613737562038,3.145759106737599,4.791236450960296,0.5725575638343889,0.5423681310575951,0.0007872859051934362,0.09761298286703747);
INSERT INTO composition_common VALUES('M-h1238-p',4.39711638746247,6.955095333062395,1.8775602235722568,0.24608203443040802);
INSERT INTO composition_strategic VALUES('M-h1238-p',14.325147356230621,0.08443453024198876,0.0833086600395059,0.015575830536957136);
INSERT INTO surface_feature VALUES('M-h1238-p','Hard-Medium','Low-Content');
-- Asteroid M-h1238-p
INSERT INTO registry VALUES('C-f1254-q','Carboneous','CHINA','1991-05-12');
INSERT INTO spatialCoord VALUES('C-f1254-q',4.0717800484359445,4.669967293586607,3.379218257071376);
INSERT INTO specifications VALUES('C-f1254-q',474.00639863729504,913.2302614366666,1.9474811274384016,20.888012833171395,13.352213031364434);
INSERT INTO orbit VALUES('C-f1254-q',1.970323588300668,1.7585709247108026,0.45099002180796754,719.1681097297438,1.8644472565057353);
INSERT INTO composition_simple VALUES('C-f1254-q',55.29290132804449,44.70709867195551);
INSERT INTO composition_precious VALUES('C-f1254-q',1.267031233905433,10.829841475187145,1.303311369950032,0.5350380581445281,0.03292568016911626,0.1727026655709346,0.06412328035629689,0.002497938514811751);
INSERT INTO composition_common VALUES('C-f1254-q',2.0597193666294102,9.90006004919997,0.34364259740114833,0.04243764333926181);
INSERT INTO composition_strategic VALUES('C-f1254-q',1.4249055362085754,11.452843214626208,0.4251804306709784,0.041905501040628346);
INSERT INTO surface_feature VALUES('C-f1254-q','Medium','Low-Content');
-- Asteroid C-f1254-q
INSERT INTO registry VALUES('M-e353-m','Metallic','US','1994-12-11');
INSERT INTO spatialCoord VALUES('M-e353-m',2.7947759962810164,1.1256387771631353,2.864233478069887);
INSERT INTO specifications VALUES('M-e353-m',778.6775635647492,1032.7917235464915,5.798886064402652,29.35804178349943,5.960087982429284);
INSERT INTO orbit VALUES('M-e353-m',1.6224635755784507,1.4781115964072444,0.41234197645493925,592.1992050861345,1.5502875859928475);
INSERT INTO composition_simple VALUES('M-e353-m',57.348668320399625,42.651331679600375);
INSERT INTO composition_precious VALUES('M-e353-m',6.182430373988656,1.3238847866622763,5.834854424797003,0.09679412720247198,0.08004616085134042,0.010422480157429932,0.04624244803970254,0.00034421931415345633);
INSERT INTO composition_common VALUES('M-e353-m',1.378298351072318,8.034559556559111,0.9866721251653444,0.28582610875144965);
INSERT INTO composition_strategic VALUES('M-e353-m',5.782580442027632,4.8622819174712575,2.3376438106979855,0.1797320031788109);
INSERT INTO surface_feature VALUES('M-e353-m','Hard','No-Content');
-- Asteroid M-e353-m
INSERT INTO registry VALUES('M-e4440-k','Metallic','US','2001-11-01');
INSERT INTO spatialCoord VALUES('M-e4440-k',3.948323853195325,1.340904139344241,2.124842110687077);
INSERT INTO specifications VALUES('M-e4440-k',553.7455115759929,149.13392535150288,7.059469614919233,20.865731496991916,9.658714634426952);
INSERT INTO orbit VALUES('M-e4440-k',1.1440789530532751,0.97773003719054,0.5192866213608438,417.58881786444545,1.0609044951219075);
INSERT INTO composition_simple VALUES('M-e4440-k',42.384924089776405,57.615075910223595);
INSERT INTO composition_precious VALUES('M-e4440-k',11.886647613328273,1.6894479804623146,3.1769997024955696,0.19050240288415438,0.9574987366971479,0.17269061687754578,0.021493555862111158,0.17909140328475132);
INSERT INTO composition_common VALUES('M-e4440-k',11.359979648228572,5.15911659858092,0.5687662236216238,0.09559052543795127);
INSERT INTO composition_strategic VALUES('M-e4440-k',16.657941919017915,0.2596432858734526,0.13700527296070475,0.27909790450254407);
INSERT INTO surface_feature VALUES('M-e4440-k','Hard','No-Content');
-- Asteroid M-e4440-k
INSERT INTO registry VALUES('C-b2564-l','Carboneous','RUSSIA','2008-11-19');
INSERT INTO spatialCoord VALUES('C-b2564-l',4.854532438133646,4.778538036649725,3.8092961866449357);
INSERT INTO specifications VALUES('C-b2564-l',300.13323681303393,153.68680760654087,1.1719479371633685,27.33283696645997,22.150919659670574);
INSERT INTO orbit VALUES('C-b2564-l',1.2179959956455562,0.9916347150832429,0.5806508408194747,444.568538410628,1.1048153553643996);
INSERT INTO composition_simple VALUES('C-b2564-l',48.77491414514146,51.22508585485854);
INSERT INTO composition_precious VALUES('C-b2564-l',0.25937809191773314,5.7303683399788925,6.473136500360141,1.3191714066256057,0.6614171930916225,0.8585527398433765,0.3875630671376274,0.04574757377272346);
INSERT INTO composition_common VALUES('C-b2564-l',10.11091731901455,0.7960167215232644,2.709488784624107,1.0184687735645082);
INSERT INTO composition_strategic VALUES('C-b2564-l',11.086397385395692,2.4352411698644016,0.5760838098551767,0.9830514826213532);
INSERT INTO surface_feature VALUES('C-b2564-l','Medium-Soft','Medium-Content');
-- Asteroid C-b2564-l
INSERT INTO registry VALUES('C-a1416-m','Carboneous','UK','2008-12-23');
INSERT INTO spatialCoord VALUES('C-a1416-m',3.654518337607918,4.934690978790112,4.137396966870718);
INSERT INTO specifications VALUES('C-a1416-m',402.73968987440963,958.566956753306,1.1721949642521856,10.559297920002766,11.541212070639029);
INSERT INTO orbit VALUES('C-a1416-m',1.649955340750236,1.4763694452173564,0.44648006701953147,602.2336993738362,1.5631623929837963);
INSERT INTO composition_simple VALUES('C-a1416-m',49.66641198784684,50.33358801215316);
INSERT INTO composition_precious VALUES('C-a1416-m',1.3523357962264806,0.26452955804734013,8.69867296009568,2.165660526931442,3.4348843162140055,0.020526127461331565,0.04352472244519569,0.040778458531626635);
INSERT INTO composition_common VALUES('C-a1416-m',10.331311250187028,5.587604610142597,0.08892898494335932,0.010612239185180014);
INSERT INTO composition_strategic VALUES('C-a1416-m',14.22523775874171,1.0612055895383945,0.5508123863654598,0.0343210592963896);
INSERT INTO surface_feature VALUES('C-a1416-m','Soft','Medium-Content');
-- Asteroid C-a1416-m
INSERT INTO registry VALUES('S-a104-m','Silicaceous','US','2012-11-18');
INSERT INTO spatialCoord VALUES('S-a104-m',2.66660544251631,2.2384397216193337,3.3258331318724212);
INSERT INTO specifications VALUES('S-a104-m',119.2367239659498,419.1309546723848,1.6909746079001553,15.070450411207958,5.557348082257553);
INSERT INTO orbit VALUES('S-a104-m',1.4431900579766839,1.2149706723554328,0.5396887391958797,526.7643711614896,1.3290803651660583);
INSERT INTO composition_simple VALUES('S-a104-m',49.03101741671373,50.96898258328627);
INSERT INTO composition_precious VALUES('S-a104-m',3.732572382187047,1.8315053127600855,2.333322718125601,1.271746494590389,6.184497962792831,0.36470021573098876,0.3773063316464277,0.09064569773471955);
INSERT INTO composition_common VALUES('S-a104-m',0.6112809885955814,10.85156465502666,2.4354813732650635,1.9827391622886998);
INSERT INTO composition_strategic VALUES('S-a104-m',7.956308943785855,3.2020444213583,3.4427484839784097,1.169633990156495);
INSERT INTO surface_feature VALUES('S-a104-m','Hard','Medium-Content');
-- Asteroid S-a104-m
INSERT INTO registry VALUES('M-f1728-l','Metallic','RUSSIA','1991-09-09');
INSERT INTO spatialCoord VALUES('M-f1728-l',1.2347225412399692,1.2475283600122773,3.821888246653917);
INSERT INTO specifications VALUES('M-f1728-l',434.9949570892547,284.8606092029686,7.143745681761046,29.189949574351992,23.29303382925412);
INSERT INTO orbit VALUES('M-f1728-l',1.6578983422809292,1.4547396665110985,0.4796496120689053,605.1328949325392,1.556319004396014);
INSERT INTO composition_simple VALUES('M-f1728-l',51.76093337874616,48.23906662125384);
INSERT INTO composition_precious VALUES('M-f1728-l',3.333264082651612,9.596999059878524,1.1323026822005315,1.1779071342980285,0.035916505414350604,0.04340973672116973,0.003587319927032505,0.029480252062481668);
INSERT INTO composition_common VALUES('M-f1728-l',9.383951706144563,2.2321003095413943,0.3819057197682101,3.2178939848705057);
INSERT INTO composition_strategic VALUES('M-f1728-l',11.476219780393574,2.4458416087014236,1.4328011264142397,7.41726656296065e-05);
INSERT INTO surface_feature VALUES('M-f1728-l','Medium-Soft','No-Content');
-- Asteroid M-f1728-l
INSERT INTO registry VALUES('M-b1717-j','Metallic','US','1991-04-23');
INSERT INTO spatialCoord VALUES('M-b1717-j',3.989218441569538,1.239548858505681,3.2097138933764158);
INSERT INTO specifications VALUES('M-b1717-j',278.59047647448006,253.660858791304,6.11678162191032,22.6218418898626,2.5318405662037198);
INSERT INTO orbit VALUES('M-b1717-j',1.138570089802445,1.0050129802371437,0.46994160326462925,415.5780827778924,1.0717915350197944);
INSERT INTO composition_simple VALUES('M-b1717-j',35.941301992754916,64.05869800724508);
INSERT INTO composition_precious VALUES('M-b1717-j',6.069011154297777,12.913183253748537,0.46557239200930517,0.80457029611325,0.03845873294953028,0.06236449592172629,0.022912475320198845,0.006459821159908783);
INSERT INTO composition_common VALUES('M-b1717-j',18.271899853377278,1.5444278275707917,0.118349960059811,0.32977137927547007);
INSERT INTO composition_strategic VALUES('M-b1717-j',15.053197855896563,2.6301569234226623,1.9315922593062407,0.32476184455591905);
INSERT INTO surface_feature VALUES('M-b1717-j','Hard','Low-Content');
-- Asteroid M-b1717-j
INSERT INTO registry VALUES('S-e3399-q','Silicaceous','CHINA','1998-05-12');
INSERT INTO spatialCoord VALUES('S-e3399-q',1.662702625766925,3.626915741771649,1.8452874432899549);
INSERT INTO specifications VALUES('S-e3399-q',440.8399601013597,71.23066785758415,2.484554967853431,22.26783244784316,21.46082693014057);
INSERT INTO orbit VALUES('S-e3399-q',1.9274578884281701,1.7317841369372018,0.4390125696610925,703.522129276282,1.829621012682686);
INSERT INTO composition_simple VALUES('S-e3399-q',39.95329625683101,60.04670374316899);
INSERT INTO composition_precious VALUES('S-e3399-q',0.6473140155870165,16.332707956214794,1.1266092625420696,0.2889474464849043,0.6789249105407406,0.02583273353999172,0.00767334830874375,0.004855163336717554);
INSERT INTO composition_common VALUES('S-e3399-q',12.429729620868049,1.4384519159736446,3.174362632977909,0.7772741547607418);
INSERT INTO composition_strategic VALUES('S-e3399-q',5.640834875343629,13.275461333985403,0.12492883841581391,0.01253219800092994);
INSERT INTO surface_feature VALUES('S-e3399-q','Medium','Low-Content');
-- Asteroid S-e3399-q
INSERT INTO registry VALUES('S-b446-q','Silicaceous','CHINA','1995-10-21');
INSERT INTO spatialCoord VALUES('S-b446-q',3.4414179352179026,1.8131063953767228,3.90813111290596);
INSERT INTO specifications VALUES('S-b446-q',249.4290079321289,264.5842084766959,1.688213079404858,17.68757976715596,7.169834052538866);
INSERT INTO orbit VALUES('S-b446-q',1.8342650343987386,1.6518574814856395,0.4347410440874042,669.5067375555395,1.743061257942189);
INSERT INTO composition_simple VALUES('S-b446-q',50.327770424624,49.672229575376);
INSERT INTO composition_precious VALUES('S-b446-q',8.927061040319067,3.761361457277765,0.31767945525208946,2.033927947259883,0.6741881375696055,0.0016027154278657602,0.001662121561487556,0.08134596066865855);
INSERT INTO composition_common VALUES('S-b446-q',2.3019401319926063,5.936924454853612,2.4603361625709654,1.6031442979643686);
INSERT INTO composition_strategic VALUES('S-b446-q',6.79234992222053,3.190536298381759,4.0403189088179525,0.07766300236750859);
INSERT INTO surface_feature VALUES('S-b446-q','Hard-Medium','Low-Content');
-- Asteroid S-b446-q
INSERT INTO registry VALUES('S-a5009-j','Silicaceous','US','2016-11-19');
INSERT INTO spatialCoord VALUES('S-a5009-j',2.134656115272588,1.0250819456670064,3.5032081614199293);
INSERT INTO specifications VALUES('S-a5009-j',281.5739853800611,125.08507287553468,1.3188191690777191,29.952263868544982,4.072144157870297);
INSERT INTO orbit VALUES('S-a5009-j',1.2428824065812483,1.013361174112304,0.5789944289377372,453.6520784021556,1.1281217903467762);
INSERT INTO composition_simple VALUES('S-a5009-j',39.29229612137908,60.70770387862092);
INSERT INTO composition_precious VALUES('S-a5009-j',12.883737432823999,5.7562661760623595,0.5433777840622765,0.05557551923058143,0.059496771524987814,0.020516645588771868,0.0002780687689891847,0.0038423271953798464);
INSERT INTO composition_common VALUES('S-a5009-j',15.114986327225228,1.0629877279065303,0.44472561150801926,0.8012051829475421);
INSERT INTO composition_strategic VALUES('S-a5009-j',6.171710129387467,9.508530968387136,2.951775683021108,0.39897348336667415);
INSERT INTO surface_feature VALUES('S-a5009-j','Hard','Medium-Content');
-- Asteroid S-a5009-j
INSERT INTO registry VALUES('C-b4401-k','Carboneous','UK','1993-05-03');
INSERT INTO spatialCoord VALUES('C-b4401-k',3.4607605930004617,4.285838770097075,3.4496464565998286);
INSERT INTO specifications VALUES('C-b4401-k',845.1589408232622,502.1810577690346,1.768182132935702,12.540579666726904,16.672532326627096);
INSERT INTO orbit VALUES('C-b4401-k',1.11255941908898,0.9694647402599115,0.4906043668901891,406.0841879674777,1.0410120796744458);
INSERT INTO composition_simple VALUES('C-b4401-k',51.08200590169564,48.91799409830436);
INSERT INTO composition_precious VALUES('C-b4401-k',1.236765658332415,5.336313587894822,2.5378463526391797,5.083798636104379,0.3907906265821713,0.5021190748292744,0.04280600389496459,0.22144295557281826);
INSERT INTO composition_common VALUES('C-b4401-k',14.523777590583531,0.7434398771789373,0.164450661519095,0.11035288826497956);
INSERT INTO composition_strategic VALUES('C-b4401-k',0.0773687272633725,2.650930947106528,12.20092940038449,0.5263895346668503);
INSERT INTO surface_feature VALUES('C-b4401-k','Medium-Soft','No-Content');
-- Asteroid C-b4401-k
INSERT INTO registry VALUES('C-a3598-j','Carboneous','UK','2020-07-26');
INSERT INTO spatialCoord VALUES('C-a3598-j',3.5107183672691784,4.949612148621035,4.7784063000088235);
INSERT INTO specifications VALUES('C-a3598-j',696.0773279066962,758.506959069291,1.0483488426832288,22.937544078677707,19.58731425417667);
INSERT INTO orbit VALUES('C-a3598-j',1.8937995255797728,1.7103255135240931,0.42939125996377864,691.2368268366171,1.8020625195519329);
INSERT INTO composition_simple VALUES('C-a3598-j',57.59281251271337,42.40718748728663);
INSERT INTO composition_precious VALUES('C-a3598-j',4.838778068011701,3.2866441330386698,2.5915332447184967,1.7955218252238698,0.04576045345347237,0.10326140691259703,0.6356637171070685,0.032638507202318194);
INSERT INTO composition_common VALUES('C-a3598-j',7.382443552843865,4.275792439315681,0.35565974182151344,1.3763786635810635);
INSERT INTO composition_strategic VALUES('C-a3598-j',3.110007045455623,10.319136044427546,0.04219647282789048,0.006343307079311464);
INSERT INTO surface_feature VALUES('C-a3598-j','Medium','Low-Content');
-- Asteroid C-a3598-j
INSERT INTO registry VALUES('S-a1360-q','Silicaceous','RUSSIA','2003-01-16');
INSERT INTO spatialCoord VALUES('S-a1360-q',1.6751474367214554,1.8009427449919901,3.5401844470583583);
INSERT INTO specifications VALUES('S-a1360-q',143.11678190023437,1091.385444270822,2.3213566721815977,17.15733730401095,4.42360779211133);
INSERT INTO orbit VALUES('S-a1360-q',1.1085854236241046,0.9571128222256835,0.5045814941905481,404.6336796227982,1.032849122924894);
INSERT INTO composition_simple VALUES('S-a1360-q',61.16891917941294,38.83108082058706);
INSERT INTO composition_precious VALUES('S-a1360-q',5.4972802127940055,3.608585592558555,2.82497254218194,0.27171693929627755,0.054189863028608905,0.05833871804998002,0.04118686997842972,0.0029452395524829475);
INSERT INTO composition_common VALUES('S-a1360-q',9.21414120653948,1.8101730266390106,1.0373352151485515,0.13538591932546082);
INSERT INTO composition_strategic VALUES('S-a1360-q',4.084855374226435,5.595347462206792,0.11049631931199491,2.3988162208698607);
INSERT INTO surface_feature VALUES('S-a1360-q','Hard-Medium','Low-Content');
-- Asteroid S-a1360-q
INSERT INTO registry VALUES('S-f682-j','Silicaceous','CHINA','2003-07-21');
INSERT INTO spatialCoord VALUES('S-f682-j',1.918105959653093,3.8082977309259096,2.672242257642318);
INSERT INTO specifications VALUES('S-f682-j',557.0568276585983,993.3214489935835,2.7611854765648314,17.82405810518721,15.507253823549345);
INSERT INTO orbit VALUES('S-f682-j',1.6506590895366837,1.464193896321979,0.46170042774764186,602.4905676808895,1.5574264929293313);
INSERT INTO composition_simple VALUES('S-f682-j',55.837338510727335,44.162661489272665);
INSERT INTO composition_precious VALUES('S-f682-j',4.3449550883094465,2.876545958799057,2.91327192597641,1.7871284267148255,0.5064829917659148,1.5344886278570344,0.033758054147634546,0.04762528386201904);
INSERT INTO composition_common VALUES('S-f682-j',4.6418605714759975,7.938315301167812,0.5226442691504973,0.6964745133567657);
INSERT INTO composition_strategic VALUES('S-f682-j',12.096817679668847,0.18940863199019964,0.9246631493254379,0.6584369401868236);
INSERT INTO surface_feature VALUES('S-f682-j','Hard-Medium','Medium-Content');
-- Asteroid S-f682-j
INSERT INTO registry VALUES('C-a914-m','Carboneous','US','2011-01-09');
INSERT INTO spatialCoord VALUES('C-a914-m',3.2930495890988185,4.270635437275993,3.952100724585343);
INSERT INTO specifications VALUES('C-a914-m',793.4572217497379,109.50865865609155,1.6208423004974444,11.134884325172859,6.343402180394546);
INSERT INTO orbit VALUES('C-a914-m',1.7662444300795666,1.6205179525713913,0.39775055290355554,644.6792169790418,1.693381191325479);
INSERT INTO composition_simple VALUES('C-a914-m',43.6745149340227,56.3254850659773);
INSERT INTO composition_precious VALUES('C-a914-m',2.84735055854366,0.06283004735178582,9.417484177213202,3.342694628962915,1.3850219092775446,0.8507877863180652,0.0036860840037771327,0.015046876808151493);
INSERT INTO composition_common VALUES('C-a914-m',14.244528060057721,0.8459323917791173,2.704027442498855,0.12099902084033658);
INSERT INTO composition_strategic VALUES('C-a914-m',17.8435932474157,0.03588881260900268,0.007573375769731396,0.0061804540722707);
INSERT INTO surface_feature VALUES('C-a914-m','Medium','Low-Content');
-- Asteroid C-a914-m
INSERT INTO registry VALUES('S-d325-j','Silicaceous','UK','2019-02-01');
INSERT INTO spatialCoord VALUES('S-d325-j',3.159159858661997,3.1641706236984004,4.006940537312991);
INSERT INTO specifications VALUES('S-d325-j',159.07795308357058,360.60367609908366,2.589394401714731,21.179710063869365,18.539956264292073);
INSERT INTO orbit VALUES('S-d325-j',1.2393974207428828,1.0852809615102228,0.48294242870912135,452.38005857115223,1.1623391911265528);
INSERT INTO composition_simple VALUES('S-d325-j',59.08744189089255,40.91255810910745);
INSERT INTO composition_precious VALUES('S-d325-j',1.530538936982488,2.047077552693231,3.190158543686965,1.6022181791756738,3.8519403231009113,0.45919150649175794,0.18468129182484394,0.032152148038490376);
INSERT INTO composition_common VALUES('S-d325-j',0.03888516868249041,7.8977512568237165,1.495215998170054,1.514492036928925);
INSERT INTO composition_strategic VALUES('S-d325-j',1.3692978693653468,4.29748710658337,7.322022291656932,0.033375028036731806);
INSERT INTO surface_feature VALUES('S-d325-j','Medium','Low-Content');
-- Asteroid S-d325-j
INSERT INTO registry VALUES('S-a666-l','Silicaceous','CHINA','2019-04-27');
INSERT INTO spatialCoord VALUES('S-a666-l',2.275338973696799,2.8993518609480966,1.5900606239889445);
INSERT INTO specifications VALUES('S-a666-l',246.090946397375,872.0861957950007,2.0930313391601545,24.84680467523379,4.374683189889445);
INSERT INTO orbit VALUES('S-a666-l',1.7052100333889675,1.503465313396958,0.4718305944961102,622.4016621869731,1.6043376733929628);
INSERT INTO composition_simple VALUES('S-a666-l',29.378176009745925,70.62182399025407);
INSERT INTO composition_precious VALUES('S-a666-l',21.55906979156394,0.33588846907332276,0.49041133705167506,0.05028427390669653,0.03290323081342347,0.005353331820370733,0.005286116438441112,0.0003863561693427024);
INSERT INTO composition_common VALUES('S-a666-l',8.127473120591322,7.062434261668763,0.3577051060678805,1.8252101593351218);
INSERT INTO composition_strategic VALUES('S-a666-l',20.70443923417317,1.5548529396728585,0.07420353229243849,0.03243646862685632);
INSERT INTO surface_feature VALUES('S-a666-l','Medium','Medium-Content');
-- Asteroid S-a666-l
INSERT INTO registry VALUES('C-g2987-k','Carboneous','US','2006-12-19');
INSERT INTO spatialCoord VALUES('C-g2987-k',3.190928620648124,3.9413384183306976,4.668589573756031);
INSERT INTO specifications VALUES('C-g2987-k',91.00440425460094,344.3101773219622,1.6208463683876362,27.454177103198013,12.834076066972493);
INSERT INTO orbit VALUES('C-g2987-k',1.3948656116183225,1.1766326511422338,0.5370576686060892,509.1259482406877,1.2857491313802782);
INSERT INTO composition_simple VALUES('C-g2987-k',51.08746011932057,48.91253988067943);
INSERT INTO composition_precious VALUES('C-g2987-k',11.756212619197973,3.5462724051834513,0.04507017724962104,0.07860142583766871,0.0642643625424654,0.06025424062388197,0.011178204770860116,0.000525384505915437);
INSERT INTO composition_common VALUES('C-g2987-k',0.46556410094684153,12.192152695716,0.6920797369538944,1.7826218592746257);
INSERT INTO composition_strategic VALUES('C-g2987-k',3.6933402030902074,4.571525064424089,1.4690231690435298,0.06233152992754398);
INSERT INTO surface_feature VALUES('C-g2987-k','Medium-Soft','No-Content');
-- Asteroid C-g2987-k
INSERT INTO registry VALUES('C-g172-j','Carboneous','UK','2005-10-21');
INSERT INTO spatialCoord VALUES('C-g172-j',3.866089426771444,4.317775862394407,3.785385437138429);
INSERT INTO specifications VALUES('C-g172-j',744.8178927838696,309.25484820647046,1.556077375946764,18.043000405742525,10.52271870702942);
INSERT INTO orbit VALUES('C-g172-j',1.3568335481575768,1.157854132202903,0.5213381780457466,495.24424507751553,1.25734384018024);
INSERT INTO composition_simple VALUES('C-g172-j',58.16755762582284,41.83244237417716);
INSERT INTO composition_precious VALUES('C-g172-j',9.761507093903173,2.1972980635739052,0.011488866748979738,0.4882468127943742,0.30819331950687956,0.3022940078714602,0.15885373338056066,0.057115389946916034);
INSERT INTO composition_common VALUES('C-g172-j',4.222911079967542,2.900277217206829,5.971977430872776,0.03101202004965855);
INSERT INTO composition_strategic VALUES('C-g172-j',8.88613314749387,3.6351694941751433,0.30109256080369556,0.38126280912914506);
INSERT INTO surface_feature VALUES('C-g172-j','Soft','Low-Content');
-- Asteroid C-g172-j
INSERT INTO registry VALUES('C-a4266-p','Carboneous','RUSSIA','1995-11-01');
INSERT INTO spatialCoord VALUES('C-a4266-p',4.999418888494463,3.6251527247566346,3.0742486189034604);
INSERT INTO specifications VALUES('C-a4266-p',652.3733357719349,1005.8803033503939,1.22623416914827,28.29170627819768,8.317862488287204);
INSERT INTO orbit VALUES('C-a4266-p',1.7061400010347876,1.5435086119557266,0.4260942974154419,622.7411003776974,1.624824306495257);
INSERT INTO composition_simple VALUES('C-a4266-p',38.9624091971593,61.0375908028407);
INSERT INTO composition_precious VALUES('C-a4266-p',8.056796737794224,9.552037596929448,1.023698385309924,0.43142816864571837,0.17197331399055513,0.12101498070148774,0.03413500444367414,0.006589399720118035);
INSERT INTO composition_common VALUES('C-a4266-p',14.87542581743395,0.4121232713972147,1.366738061592104,0.9873754922811042);
INSERT INTO composition_strategic VALUES('C-a4266-p',6.935627915553076,10.364937760117273,1.4619138892746768,0.1930577067660697);
INSERT INTO surface_feature VALUES('C-a4266-p','Medium','Low-Content');
-- Asteroid C-a4266-p
INSERT INTO registry VALUES('C-a32-j','Carboneous','US','1991-04-28');
INSERT INTO spatialCoord VALUES('C-a32-j',3.771885889317013,3.6297811830877076,3.3374924862714987);
INSERT INTO specifications VALUES('C-a32-j',490.43041716771666,786.3861583433103,1.7825461510316138,10.326523672262892,22.602712379553928);
INSERT INTO orbit VALUES('C-a32-j',1.8454590839578573,1.7007326722910727,0.38819557832248136,673.5925656446179,1.773095878124465);
INSERT INTO composition_simple VALUES('C-a32-j',56.87915715484912,43.12084284515088);
INSERT INTO composition_precious VALUES('C-a32-j',12.142353812611928,0.7098895356212636,0.24569711834049515,0.01081598942511971,0.06846580889026148,0.03035492749758735,0.2906640908163416,0.02195368417928971);
INSERT INTO composition_common VALUES('C-a32-j',4.142462748797514,5.937719077980035,0.6093818453617051,2.28829886322817);
INSERT INTO composition_strategic VALUES('C-a32-j',6.567926022394977,7.081155598730143,0.05424318006159382,0.0011989026245194968);
INSERT INTO surface_feature VALUES('C-a32-j','Medium','High-Content');
-- Asteroid C-a32-j
INSERT INTO registry VALUES('C-g401-l','Carboneous','US','2000-10-26');
INSERT INTO spatialCoord VALUES('C-g401-l',4.931404953636655,4.0016417319052735,3.896454110804733);
INSERT INTO specifications VALUES('C-g401-l',75.32326137015129,1010.6837892267532,1.6953637356770577,20.415498780287372,18.336182888680035);
INSERT INTO orbit VALUES('C-g401-l',1.6659299906804552,1.4922393221513137,0.4445792628672339,608.0644465983662,1.5790846564158845);
INSERT INTO composition_simple VALUES('C-g401-l',43.99278742936163,56.00721257063837);
INSERT INTO composition_precious VALUES('C-g401-l',14.08134250257312,0.6796846961652179,1.1199119826300097,1.352555450163419,0.19255065042309502,0.3851792903980664,0.0033951751868409384,0.004230331612486903);
INSERT INTO composition_common VALUES('C-g401-l',5.459271378401676,12.098017938568304,0.19031006572190703,0.028589484231280042);
INSERT INTO composition_strategic VALUES('C-g401-l',12.660431561035669,0.0759377244205085,4.161013673439226,0.7521912756858609);
INSERT INTO surface_feature VALUES('C-g401-l','Medium','Low-Content');
-- Asteroid C-g401-l
INSERT INTO registry VALUES('C-d2313-q','Carboneous','US','2012-07-28');
INSERT INTO spatialCoord VALUES('C-d2313-q',4.046499310934817,3.17246647399807,3.530025356983152);
INSERT INTO specifications VALUES('C-d2313-q',317.438488055736,1029.3615627642725,1.384423660172358,20.014751086326036,17.105306603943355);
INSERT INTO orbit VALUES('C-d2313-q',1.6879366636810402,1.4915566166410845,0.46813540608793525,616.0968822435797,1.5897466401610623);
INSERT INTO composition_simple VALUES('C-d2313-q',63.737805294625154,36.262194705374846);
INSERT INTO composition_precious VALUES('C-d2313-q',1.9544793814745551,8.077564828684848,0.5175914912963004,0.5449604564353671,0.22127944172339978,0.12542030658821715,0.07021916797803521,0.01609304246903532);
INSERT INTO composition_common VALUES('C-d2313-q',10.458016075633482,1.0162641358434379,0.014293805401368771,0.0019471416798773338);
INSERT INTO composition_strategic VALUES('C-d2313-q',8.726906602245819,1.98260265178231,0.7321536575945128,0.0781758738909926);
INSERT INTO surface_feature VALUES('C-d2313-q','Medium-Soft','High-Content');
-- Asteroid C-d2313-q
INSERT INTO registry VALUES('S-h3565-q','Silicaceous','CHINA','2009-03-12');
INSERT INTO spatialCoord VALUES('S-h3565-q',3.717370571450541,2.9485700653753084,3.7223889698647685);
INSERT INTO specifications VALUES('S-h3565-q',597.764792574245,491.70316762872983,2.22955007862469,23.7981322742322,18.28841209883475);
INSERT INTO orbit VALUES('S-h3565-q',1.8736702695592675,1.6473021630075608,0.4764811956004134,683.8896483891326,1.760486216283414);
INSERT INTO composition_simple VALUES('S-h3565-q',16.017937117664374,83.98206288233563);
INSERT INTO composition_precious VALUES('S-h3565-q',9.03259864069548,12.255071420949422,2.18052535143833,0.15272111799333124,0.3783467376880946,1.7163940302084109,0.9983060320868042,0.0077337937128908055);
INSERT INTO composition_common VALUES('S-h3565-q',10.667663739892195,4.831828783088735,7.512972825367667,1.2193561543649734);
INSERT INTO composition_strategic VALUES('S-h3565-q',25.25957853986671,0.8597584000938764,0.5962080333359133,0.005982334094621471);
INSERT INTO surface_feature VALUES('S-h3565-q','Medium','Low-Content');
-- Asteroid S-h3565-q
INSERT INTO registry VALUES('M-a1166-n','Metallic','UK','2008-07-24');
INSERT INTO spatialCoord VALUES('M-a1166-n',2.765144237054141,3.9338622253907523,1.5247200287162346);
INSERT INTO specifications VALUES('M-a1166-n',776.5901418907122,502.845517428421,7.3001143361783605,13.42606509791038,15.068115532935671);
INSERT INTO orbit VALUES('M-a1166-n',2.046465537518913,1.8573251879451393,0.4198855433414092,746.9599211944033,1.9518953627320261);
INSERT INTO composition_simple VALUES('M-a1166-n',47.697709264319556,52.302290735680444);
INSERT INTO composition_precious VALUES('M-a1166-n',9.607981909364488,3.654896155544599,0.11144877642280351,1.5141947610053854,0.7920486395550866,0.27326247158921163,0.5068494892297024,0.009677521206372374);
INSERT INTO composition_common VALUES('M-a1166-n',15.378940770888459,0.8708343564890996,0.1383878868713993,0.15338811735709584);
INSERT INTO composition_strategic VALUES('M-a1166-n',0.5424443624371217,11.24171153268383,0.9651475260944475,3.8452206990078674);
INSERT INTO surface_feature VALUES('M-a1166-n','Hard-Medium','Low-Content');
-- Asteroid M-a1166-n
INSERT INTO registry VALUES('M-g103-p','Metallic','CHINA','2006-01-22');
INSERT INTO spatialCoord VALUES('M-g103-p',3.906182856769759,3.4994124001948568,3.81044137256665);
INSERT INTO specifications VALUES('M-g103-p',524.700720860063,1082.2080872121373,3.2845270124340855,16.428667163509186,15.493125442016893);
INSERT INTO orbit VALUES('M-g103-p',1.1627920289096338,1.0075549411410503,0.4991835694180271,424.41909055201637,1.085173485025342);
INSERT INTO composition_simple VALUES('M-g103-p',43.30229966505708,56.69770033494292);
INSERT INTO composition_precious VALUES('M-g103-p',9.273761016051749,7.585826062978475,0.777339082427336,0.014020798981487465,0.2841843210894606,0.05686695052973323,0.03227792939886054,0.006011190259516471);
INSERT INTO composition_common VALUES('M-g103-p',4.371302522353188,6.535358372252859,5.43421447943425,1.2347917189749449);
INSERT INTO composition_strategic VALUES('M-g103-p',9.14092071305938,5.939003571857305,1.2429358291878911,0.10361309055015058);
INSERT INTO surface_feature VALUES('M-g103-p','Hard','No-Content');
-- Asteroid M-g103-p
INSERT INTO registry VALUES('C-f4706-l','Carboneous','RUSSIA','2010-10-02');
INSERT INTO spatialCoord VALUES('C-f4706-l',4.448011427497585,3.759604922610491,4.219985951505554);
INSERT INTO specifications VALUES('C-f4706-l',773.0460750986481,181.1109095072754,1.4475321512042252,13.02422495755019,8.78332419774151);
INSERT INTO orbit VALUES('C-f4706-l',1.3438549905776362,1.2111023996656312,0.43337207687604173,490.50707156083723,1.2774786951216337);
INSERT INTO composition_simple VALUES('C-f4706-l',41.30544434347056,58.69455565652944);
INSERT INTO composition_precious VALUES('C-f4706-l',12.532639042560179,5.742167672023841,0.08585904354536453,0.2866878739875792,0.0337997721646077,0.0011435213497071074,0.00042881995412417847,0.0001293908424782554);
INSERT INTO composition_common VALUES('C-f4706-l',4.853623308107431,11.920880261552295,0.1906821108921184,1.4100794954312341);
INSERT INTO composition_strategic VALUES('C-f4706-l',2.884976514915476,14.805719174580831,0.6565635119076771,0.17715829320069926);
INSERT INTO surface_feature VALUES('C-f4706-l','Medium','Low-Content');
-- Asteroid C-f4706-l
INSERT INTO registry VALUES('S-f3463-n','Silicaceous','UK','1993-06-25');
INSERT INTO spatialCoord VALUES('S-f3463-n',2.1461608670274543,1.7346095318740162,1.624068475494074);
INSERT INTO specifications VALUES('S-f3463-n',67.85422118628394,527.6377247539235,2.7920621357159296,14.876320295874875,19.260129263399158);
INSERT INTO orbit VALUES('S-f3463-n',1.2289415992359558,1.0719322015124289,0.489077831718183,448.5636837211239,1.1504369003741923);
INSERT INTO composition_simple VALUES('S-f3463-n',43.63682271752039,56.36317728247961);
INSERT INTO composition_precious VALUES('S-f3463-n',17.30645533831916,0.12790910524217416,0.20501287767002832,0.009239891106969076,0.17237714130914664,0.07731595993213813,0.020851521978081027,0.002527055223238007);
INSERT INTO composition_common VALUES('S-f3463-n',8.746903105348347,7.682997706375745,1.1411728517069353,0.03402875053403312);
INSERT INTO composition_strategic VALUES('S-f3463-n',17.278875536237933,0.24600303688405664,0.28657323679691243,0.030233590299201193);
INSERT INTO surface_feature VALUES('S-f3463-n','Medium','Low-Content');
-- Asteroid S-f3463-n
INSERT INTO registry VALUES('S-a3905-m','Silicaceous','US','2018-01-27');
INSERT INTO spatialCoord VALUES('S-a3905-m',1.3946985433441705,3.5404733442248855,2.0416295395840307);
INSERT INTO specifications VALUES('S-a3905-m',196.22484337536864,1097.777172272671,2.2541821450076265,11.016519175765401,17.747352129191714);
INSERT INTO orbit VALUES('S-a3905-m',1.4612787483500649,1.3197885829206806,0.4292752112636769,533.3667431477737,1.3905336656353726);
INSERT INTO composition_simple VALUES('S-a3905-m',54.42210553700221,45.57789446299779);
INSERT INTO composition_precious VALUES('S-a3905-m',13.946168979641973,0.5384395662450613,0.005065722361223703,0.00871515266573199,0.0012502865716541437,0.005149504642425201,0.0008641046303309498,0.0015456045510335048);
INSERT INTO composition_common VALUES('S-a3905-m',4.78587807681089,4.608494159366526,2.6304539656875234,2.3700479411430426);
INSERT INTO composition_strategic VALUES('S-a3905-m',4.2155653703032545,8.540731416530784,1.186225135519202,0.060218406097478236);
INSERT INTO surface_feature VALUES('S-a3905-m','Hard-Medium','Medium-Content');
-- Asteroid S-a3905-m
INSERT INTO registry VALUES('M-d271-j','Metallic','US','1999-09-18');
INSERT INTO spatialCoord VALUES('M-d271-j',2.6518738589917907,3.623939809128143,1.6934434489578845);
INSERT INTO specifications VALUES('M-d271-j',602.6354088231482,98.81092894470498,7.791961799167631,10.164330194569905,8.173340240856431);
INSERT INTO orbit VALUES('M-d271-j',1.0725789404240453,0.8485321446898612,0.6116688188988214,391.49131325477657,0.9605555425569532);
INSERT INTO composition_simple VALUES('M-d271-j',34.84276825984007,65.15723174015993);
INSERT INTO composition_precious VALUES('M-d271-j',4.170720512093286,12.309397004234402,2.5122861299202834,1.0953863445577205,0.42574939443905296,0.07322879966432114,0.09705078302842678,0.035622202936273224);
INSERT INTO composition_common VALUES('M-d271-j',18.094730126951436,1.5709615545758078,0.5873063097289498,0.21866480597351393);
INSERT INTO composition_strategic VALUES('M-d271-j',18.199203815603102,0.142040865551887,1.1106239099051343,0.9153428970149674);
INSERT INTO surface_feature VALUES('M-d271-j','Medium','No-Content');
-- Asteroid M-d271-j
INSERT INTO registry VALUES('C-d1139-n','Carboneous','CHINA','2005-07-03');
INSERT INTO spatialCoord VALUES('C-d1139-n',3.349995054819605,4.9915361974871795,3.3371924118468503);
INSERT INTO specifications VALUES('C-d1139-n',433.3596023333796,864.699164922069,1.3240467770395892,13.379303917538948,12.46563489895158);
INSERT INTO orbit VALUES('C-d1139-n',1.9095520620778432,1.7529050836285918,0.3966576033442486,696.9865026584127,1.8312285728532176);
INSERT INTO composition_simple VALUES('C-d1139-n',45.83156051738194,54.16843948261806);
INSERT INTO composition_precious VALUES('C-d1139-n',6.582880773955524,6.1312714496880965,3.74968217629739,0.6876116415393578,0.026535023527839208,0.00015079197432480573,0.01117925858151447,0.04662350835036462);
INSERT INTO composition_common VALUES('C-d1139-n',14.326084800254113,0.478555193492969,0.01094471862052246,0.22755328107305153);
INSERT INTO composition_strategic VALUES('C-d1139-n',8.321646031101068,0.8273173184733954,2.324412178920034,5.363827019250036);
INSERT INTO surface_feature VALUES('C-d1139-n','Medium','Medium-Content');
-- Asteroid C-d1139-n
INSERT INTO registry VALUES('C-b3481-q','Carboneous','UK','2007-01-02');
INSERT INTO spatialCoord VALUES('C-b3481-q',4.989867044581495,3.825093144249183,3.1607777102580417);
INSERT INTO specifications VALUES('C-b3481-q',543.8969949784106,433.52840487387266,1.7949783834321498,20.168796415481342,10.915458865650503);
INSERT INTO orbit VALUES('C-b3481-q',1.2357428384018705,1.0954192193564645,0.46283215016808216,451.04613601668274,1.1655810288791675);
INSERT INTO composition_simple VALUES('C-b3481-q',42.62160072479131,57.37839927520869);
INSERT INTO composition_precious VALUES('C-b3481-q',12.53903766914074,0.1843844307690929,2.514134927627627,0.7236850567706198,1.0520005232920007,0.8394964793930222,0.19947913277581675,0.17420892849470937);
INSERT INTO composition_common VALUES('C-b3481-q',10.096152757129767,2.370837975145478,3.85917228846197,0.31920485573577223);
INSERT INTO composition_strategic VALUES('C-b3481-q',16.94632232710914,0.01846812571740406,0.4938864710760495,0.021430835083474563);
INSERT INTO surface_feature VALUES('C-b3481-q','Medium-Soft','Low-Content');
-- Asteroid C-b3481-q
INSERT INTO registry VALUES('M-d4605-k','Metallic','US','2021-05-07');
INSERT INTO spatialCoord VALUES('M-d4605-k',1.9943794984110281,1.9342206350355204,1.7290970983048892);
INSERT INTO specifications VALUES('M-d4605-k',417.58479509825924,92.52402689734596,7.278314812251793,17.110535567685655,22.287375709538793);
INSERT INTO orbit VALUES('M-d4605-k',1.6948082885151454,1.5569433705076747,0.39506175566154134,618.6050253080281,1.62587582951141);
INSERT INTO composition_simple VALUES('M-d4605-k',45.12554560785102,54.87445439214898);
INSERT INTO composition_precious VALUES('M-d4605-k',13.53671051025561,3.6602605598629796,0.2567202583625171,0.001971357683224438,0.009287550081086582,0.0007898726935961025,0.0008362803983186254,4.569347166911873e-05);
INSERT INTO composition_common VALUES('M-d4605-k',11.530473549313731,1.834833025581536,2.884458202283891,0.2726019180992537);
INSERT INTO composition_strategic VALUES('M-d4605-k',11.182363596539595,4.539670160511751,0.7115052147694085,0.25629870943277333);
INSERT INTO surface_feature VALUES('M-d4605-k','Hard-Medium','Low-Content');
-- Asteroid M-d4605-k
INSERT INTO registry VALUES('M-f3126-j','Metallic','US','2021-06-08');
INSERT INTO spatialCoord VALUES('M-f3126-j',3.0476782052124047,3.9399588164783084,2.7133315811165546);
INSERT INTO specifications VALUES('M-f3126-j',787.636816716189,699.9917004399498,3.4529726579602937,16.840243498048935,11.667986055636494);
INSERT INTO orbit VALUES('M-f3126-j',1.9249122886252132,1.7192052383671017,0.4497900363297016,702.5929853482029,1.8220587634961576);
INSERT INTO composition_simple VALUES('M-f3126-j',47.34889465894815,52.65110534105185);
INSERT INTO composition_precious VALUES('M-f3126-j',0.44005899878684496,9.968269684273654,1.1848646535505774,4.503277670971484,0.11721270234138048,0.41963220794814476,0.07518819118006109,0.006886788383590655);
INSERT INTO composition_common VALUES('M-f3126-j',4.785508198887224,3.9107485699121063,0.48869031240170907,2.8248002279507904);
INSERT INTO composition_strategic VALUES('M-f3126-j',10.658848219019575,5.835068256656581,0.21316599060097632,0.028353712925088127);
INSERT INTO surface_feature VALUES('M-f3126-j','Medium-Soft','No-Content');
-- Asteroid M-f3126-j
INSERT INTO registry VALUES('C-b1962-l','Carboneous','CHINA','2002-05-24');
INSERT INTO spatialCoord VALUES('C-b1962-l',3.566538538299935,3.362725513419745,3.4098415682691128);
INSERT INTO specifications VALUES('C-b1962-l',468.6316705321066,274.4796026188149,1.4320843410905821,25.498805982117855,10.817867813913107);
INSERT INTO orbit VALUES('C-b1962-l',1.778806283659971,1.6227770705443905,0.409557480831001,649.2642935358894,1.7007916771021807);
INSERT INTO composition_simple VALUES('C-b1962-l',50.11183578092324,49.88816421907676);
INSERT INTO composition_precious VALUES('C-b1962-l',14.659478570047064,0.6925814997897018,0.5118261438498839,0.0026133367010373852,0.010646445353095179,0.0017717775755081205,0.0005007785271596213,7.918474344085988e-05);
INSERT INTO composition_common VALUES('C-b1962-l',4.77691364173568,8.770837759471005,1.8799056556812952,0.16159518031004158);
INSERT INTO composition_strategic VALUES('C-b1962-l',11.309264947373077,2.5407981538537365,1.994809246987508,0.019170210594987483);
INSERT INTO surface_feature VALUES('C-b1962-l','Medium-Soft','No-Content');
-- Asteroid C-b1962-l
INSERT INTO registry VALUES('S-d649-p','Silicaceous','RUSSIA','2009-08-18');
INSERT INTO spatialCoord VALUES('S-d649-p',1.871082318758337,2.1259896868041666,1.9692082998289837);
INSERT INTO specifications VALUES('S-d649-p',331.81568852018665,243.05774177660905,1.891826560538524,28.11066357501403,15.002584427176274);
INSERT INTO orbit VALUES('S-d649-p',1.7988131408276837,1.5779873295028348,0.4800556280708569,656.5667964021046,1.6884002351652594);
INSERT INTO composition_simple VALUES('S-d649-p',58.15718754708675,41.84281245291325);
INSERT INTO composition_precious VALUES('S-d649-p',3.2024812773755764,6.793228937286405,2.4468203331132137,0.7952120472718208,0.02843940517797191,0.048380872903227234,0.00436834784956249,2.9324292211300796e-05);
INSERT INTO composition_common VALUES('S-d649-p',11.680436702331102,0.8341113675249019,0.5353847822263681,0.07406138923798432);
INSERT INTO composition_strategic VALUES('S-d649-p',5.489904975209944,2.200818700532563,4.699142933767594,0.399698930254242);
INSERT INTO surface_feature VALUES('S-d649-p','Hard-Medium','Medium-Content');
-- Asteroid S-d649-p
INSERT INTO registry VALUES('M-e40-q','Metallic','UK','1996-05-19');
INSERT INTO spatialCoord VALUES('M-e40-q',3.074879403892617,3.034953634186261,3.156225414268949);
INSERT INTO specifications VALUES('M-e40-q',616.9870520177101,724.8937793452451,6.283512965995786,13.850681582022542,14.683640801330906);
INSERT INTO orbit VALUES('M-e40-q',1.348363732577829,1.1795755794381628,0.4844480808812962,492.1527623909076,1.2639696560079958);
INSERT INTO composition_simple VALUES('M-e40-q',46.45033417555125,53.54966582444875);
INSERT INTO composition_precious VALUES('M-e40-q',10.180670974028656,2.7177875823327615,2.3998688107961543,0.5084468434112768,0.8411457546826289,0.31393402821561506,0.041799349888046636,0.03077185547161075);
INSERT INTO composition_common VALUES('M-e40-q',10.141956992886316,5.977564822032492,0.8348481535759005,0.02537763944636104);
INSERT INTO composition_strategic VALUES('M-e40-q',15.116342361837196,1.325352257508765,0.45727937013303827,0.030314871341356513);
INSERT INTO surface_feature VALUES('M-e40-q','Hard-Medium','Low-Content');
-- Asteroid M-e40-q
INSERT INTO registry VALUES('C-f3804-k','Carboneous','CHINA','2008-12-20');
INSERT INTO spatialCoord VALUES('C-f3804-k',4.202453996491023,4.90413633198324,4.344299440367207);
INSERT INTO specifications VALUES('C-f3804-k',724.9181547671882,244.0166021458152,1.1236501787940807,27.641826519683654,10.953081414648242);
INSERT INTO orbit VALUES('C-f3804-k',1.2975901441114002,1.1589132816004848,0.44980383365506454,473.62040260066107,1.2282517128559425);
INSERT INTO composition_simple VALUES('C-f3804-k',45.70654485167901,54.29345514832099);
INSERT INTO composition_precious VALUES('C-f3804-k',4.451943892606298,5.6589741859822436,5.299078288248666,1.2855763138658352,0.30078836601044795,0.05051156517883955,0.20352788330723826,0.0124249839457368);
INSERT INTO composition_common VALUES('C-f3804-k',4.3190575538045195,2.6757659451001636,8.667070995509356,0.16146488169691722);
INSERT INTO composition_strategic VALUES('C-f3804-k',16.32882049455424,0.4872561613714611,0.2862991633871555,0.07134493177641447);
INSERT INTO surface_feature VALUES('C-f3804-k','Medium','Low-Content');
-- Asteroid C-f3804-k
INSERT INTO registry VALUES('M-e4088-l','Metallic','RUSSIA','2007-06-08');
INSERT INTO spatialCoord VALUES('M-e4088-l',3.0365494108654563,1.8716206992939777,3.532068054940679);
INSERT INTO specifications VALUES('M-e4088-l',400.6334724345891,398.48747533025653,6.8453791836434785,20.43924236580766,16.20555857881736);
INSERT INTO orbit VALUES('M-e4088-l',1.2636322147819807,1.0718456497518667,0.5296345146057284,461.225758395423,1.1677389322669236);
INSERT INTO composition_simple VALUES('M-e4088-l',46.9997378334599,53.0002621665401);
INSERT INTO composition_precious VALUES('M-e4088-l',4.4602843992920365,0.725615208350101,0.24676756624826857,5.680776059678377,4.728773072128002,0.9344208428774804,0.06198052388959486,0.01163000436821208);
INSERT INTO composition_common VALUES('M-e4088-l',15.434439904952397,0.06382901207255763,1.0859004627504296,0.20643900684406255);
INSERT INTO composition_strategic VALUES('M-e4088-l',13.083147842173476,2.760595147025294,0.8199484485431153,0.16385685464142372);
INSERT INTO surface_feature VALUES('M-e4088-l','Hard-Medium','No-Content');
-- Asteroid M-e4088-l
INSERT INTO registry VALUES('C-f2138-l','Carboneous','US','1991-08-13');
INSERT INTO spatialCoord VALUES('C-f2138-l',3.6899119202929636,4.7430863435687804,4.705411300350582);
INSERT INTO specifications VALUES('C-f2138-l',388.7554838593528,1096.4470516141307,1.3431555863678328,25.04900147426677,10.331919141115916);
INSERT INTO orbit VALUES('C-f2138-l',1.4198066651761045,1.2547508511283478,0.46796370821440864,518.2294327892781,1.3372787581522263);
INSERT INTO composition_simple VALUES('C-f2138-l',52.543104532292716,47.456895467707284);
INSERT INTO composition_precious VALUES('C-f2138-l',6.083627642590321,6.532615995893469,0.06372208746653829,0.516697704215723,0.12116383557067775,0.6705731325652893,0.027349144787648185,0.9122077103695433);
INSERT INTO composition_common VALUES('C-f2138-l',12.441422485445234,2.290248277931682,0.136760989692613,0.013835963286551196);
INSERT INTO composition_strategic VALUES('C-f2138-l',11.595449252064089,1.1788214837773379,1.5797081549620295,0.6376002096244666);
INSERT INTO surface_feature VALUES('C-f2138-l','Medium-Soft','Medium-Content');
-- Asteroid C-f2138-l
INSERT INTO registry VALUES('M-g3935-k','Metallic','RUSSIA','2000-12-12');
INSERT INTO spatialCoord VALUES('M-g3935-k',4.01317907030873,2.7363762304865764,1.5690958822356467);
INSERT INTO specifications VALUES('M-g3935-k',512.447609995689,688.4387731035874,3.3670122945237835,11.468331282071446,7.453137007434232);
INSERT INTO orbit VALUES('M-g3935-k',1.9689673339186031,1.8180218279689453,0.3839888499661233,718.6730768802902,1.8934945809437742);
INSERT INTO composition_simple VALUES('M-g3935-k',43.76507284315685,56.23492715684315);
INSERT INTO composition_precious VALUES('M-g3935-k',1.1273101991533416,6.728481410833908,5.221702622558164,3.3237318435091185,1.174348259066986,0.02491282022304456,0.27200546885784593,0.006710221764497656);
INSERT INTO composition_common VALUES('M-g3935-k',9.565189065436208,3.323167701758899,0.8633124849740484,3.6852294093954536);
INSERT INTO composition_strategic VALUES('M-g3935-k',17.124969389609753,0.6636814121222387,0.09727355420123096,0.00907522801615066);
INSERT INTO surface_feature VALUES('M-g3935-k','Medium','Low-Content');
-- Asteroid M-g3935-k
INSERT INTO registry VALUES('C-f1387-k','Carboneous','UK','2003-12-15');
INSERT INTO spatialCoord VALUES('C-f1387-k',5.033963649596384,4.596165217753217,3.983976321348711);
INSERT INTO specifications VALUES('C-f1387-k',679.9307273573766,514.2722974258262,1.0172153415050997,20.300912141555102,6.380601193802763);
INSERT INTO orbit VALUES('C-f1387-k',1.137811983570789,0.9184726060564379,0.5902410496529105,415.30137400333797,1.0281422948136134);
INSERT INTO composition_simple VALUES('C-f1387-k',38.59668983375087,61.40331016624913);
INSERT INTO composition_precious VALUES('C-f1387-k',5.805786964138985,7.3210490196709825,6.158835544904367,0.019915170138246015,0.18870619344633383,0.004541717554265999,0.02761718900513117,0.0006430051773836438);
INSERT INTO composition_common VALUES('C-f1387-k',10.730211996397143,7.087012458533921,1.4587165391224335,0.040025105116265);
INSERT INTO composition_strategic VALUES('C-f1387-k',5.415291339862582,2.158939397551322,5.957573726016213,0.5069950549381089);
INSERT INTO surface_feature VALUES('C-f1387-k','Soft','Medium-Content');
-- Asteroid C-f1387-k
INSERT INTO registry VALUES('C-d3563-p','Carboneous','UK','2012-12-07');
INSERT INTO spatialCoord VALUES('C-d3563-p',3.878721142159362,4.49925658463315,4.243035129728413);
INSERT INTO specifications VALUES('C-d3563-p',654.9263597961321,711.5096459645392,1.7850089434748597,22.96789273282342,15.742524258938007);
INSERT INTO orbit VALUES('C-d3563-p',1.9022986311464356,1.7411869833133213,0.4027571916763571,694.339000368449,1.8217428072298785);
INSERT INTO composition_simple VALUES('C-d3563-p',58.221458411702024,41.778541588297976);
INSERT INTO composition_precious VALUES('C-d3563-p',12.780780154925019,0.19319341074138907,0.22408398518751335,0.007359402969622802,0.0766714952595665,0.009184170894247974,0.0031524654222840876,0.002301817427910353);
INSERT INTO composition_common VALUES('C-d3563-p',3.461852464587903,8.143675141507135,0.7099658913781735,0.8244651798284299);
INSERT INTO composition_strategic VALUES('C-d3563-p',12.940083386018832,0.23808954420876435,0.08256739796569514,0.008768970324729775);
INSERT INTO surface_feature VALUES('C-d3563-p','Soft','No-Content');
-- Asteroid C-d3563-p
INSERT INTO registry VALUES('M-a340-n','Metallic','US','2016-08-10');
INSERT INTO spatialCoord VALUES('M-a340-n',1.4127431614865325,2.1567826692675935,3.2786762143530988);
INSERT INTO specifications VALUES('M-a340-n',419.7983484330386,1075.010238477632,6.1001708432030215,28.29140766039872,20.42954514653614);
INSERT INTO orbit VALUES('M-a340-n',1.3923949039968708,1.1829513273857135,0.5274592461403698,508.22413995885785,1.2876731156912922);
INSERT INTO composition_simple VALUES('M-a340-n',44.611431134432934,55.388568865567066);
INSERT INTO composition_precious VALUES('M-a340-n',4.35794525258941,8.923230174896062,2.995447640053758,0.20437559586476117,0.22058773000153464,0.6833492434129388,0.235848557576138,0.004830121409870943);
INSERT INTO composition_common VALUES('M-a340-n',1.2860099974623243,5.691838878776849,9.371784376991883,0.2768047668817725);
INSERT INTO composition_strategic VALUES('M-a340-n',14.937620645389662,1.3086820412302502,1.3536051855459195,0.01958244112115607);
INSERT INTO surface_feature VALUES('M-a340-n','Hard','Low-Content');
-- Asteroid M-a340-n
INSERT INTO registry VALUES('C-h2067-n','Carboneous','CHINA','2010-07-08');
INSERT INTO spatialCoord VALUES('C-h2067-n',4.0982531327653895,4.988524023544265,3.547443493184616);
INSERT INTO specifications VALUES('C-h2067-n',881.7701315130121,312.43431361002183,1.4342874679017674,20.15923343412076,2.801988541227623);
INSERT INTO orbit VALUES('C-h2067-n',1.6010666970964051,1.3727208500744985,0.5146857021932002,584.3893444401879,1.486893773585452);
INSERT INTO composition_simple VALUES('C-h2067-n',53.65092157997829,46.34907842002171);
INSERT INTO composition_precious VALUES('C-h2067-n',8.761999327528532,3.608955942233366,1.4982190077281983,0.6598502374661486,0.03609770630693222,0.17484732461241015,0.0007556529076523116,0.0017396649199928533);
INSERT INTO composition_common VALUES('C-h2067-n',3.5370921784385287,1.115480043016139,2.910152640046201,4.82695602268413);
INSERT INTO composition_strategic VALUES('C-h2067-n',2.111575678360876,3.7642186998781737,7.550369768114069,0.8096928337532752);
INSERT INTO surface_feature VALUES('C-h2067-n','Medium-Soft','No-Content');
-- Asteroid C-h2067-n
INSERT INTO registry VALUES('S-e1099-l','Silicaceous','US','1999-03-21');
INSERT INTO spatialCoord VALUES('S-e1099-l',1.8552243430651818,2.397633110744399,2.267928251072328);
INSERT INTO specifications VALUES('S-e1099-l',246.63757321569082,1002.6373561345362,1.2414121129772262,28.49492944963218,14.340351254861895);
INSERT INTO orbit VALUES('S-e1099-l',1.912191158485488,1.7105792737250463,0.44693788170078175,697.9497728472031,1.811385216105267);
INSERT INTO composition_simple VALUES('S-e1099-l',61.30628074973029,38.69371925026971);
INSERT INTO composition_precious VALUES('S-e1099-l',9.726820139171734,1.251547332144729,1.308587074524164,0.019730806132921337,0.0016930532112154045,0.006800221012460708,0.00017926766785284444,0.0009181524700194972);
INSERT INTO composition_common VALUES('S-e1099-l',8.701381595091352,3.0032660096180184,0.42419752238526504,0.1043906688964516);
INSERT INTO composition_strategic VALUES('S-e1099-l',11.11804820191801,0.2994861789405692,0.7354638764792923,0.13330899740874882);
INSERT INTO surface_feature VALUES('S-e1099-l','Hard','Medium-Content');
-- Asteroid S-e1099-l
INSERT INTO registry VALUES('C-d4693-p','Carboneous','US','1994-08-25');
INSERT INTO spatialCoord VALUES('C-d4693-p',3.5000852561146787,3.282202214191825,3.3735810544028455);
INSERT INTO specifications VALUES('C-d4693-p',411.04792835047607,831.2931391560655,1.7316817310554962,22.48245256842247,5.421622697820864);
INSERT INTO orbit VALUES('C-d4693-p',1.0866091321441214,0.9083102490410226,0.548862596157155,396.61233323260427,0.997459690592572);
INSERT INTO composition_simple VALUES('C-d4693-p',43.29905948757155,56.70094051242845);
INSERT INTO composition_precious VALUES('C-d4693-p',12.98834380749888,2.6139768628645244,1.9507213489444861,0.0027356717299530592,0.19885793741992835,0.031216122024161026,0.25530451207138366,0.004785971867119555);
INSERT INTO composition_common VALUES('C-d4693-p',12.213025738592712,4.0305670120980865,1.4461379893833848,0.021888768013447885);
INSERT INTO composition_strategic VALUES('C-d4693-p',12.43126634657282,3.1539966279237204,0.5879459650273832,0.20258454973189302);
INSERT INTO surface_feature VALUES('C-d4693-p','Medium','High-Content');
-- Asteroid C-d4693-p
SELECT 'DATA POPULATION COMPLETED' AS 'Professor Message';