USE synthetictargeting;

INSERT INTO tgtRegistry (tgtNumber,tgtDescription,tgtDTG,tgtReportedBy,tgtSurveillance) VALUES('T-9461001','Selected by Cmdr','2023-10-12','AIR','INTERMITTENT');
INSERT INTO tgtFeatures VALUES('T-9461001','FORTIFIED','STATIC','UNRESTRICTED','ACTIVE');
INSERT INTO tgtGeometry (tgtNumber,tgtShape,tgtLength,tgtWidth,tgtCoordinates) VALUES('T-9461001','AREA',32,24,'97 77');
INSERT INTO tgtRegistry (tgtNumber,tgtDescription,tgtDTG,tgtReportedBy,tgtSurveillance) VALUES('T-2741002','Selected by HHQ','2023-10-1','SATELLITE','CONTINUOUS');
INSERT INTO tgtFeatures VALUES('T-2741002','REINFORCED','STATIC','RESTRICTED','ACTIVE');
INSERT INTO tgtGeometry (tgtNumber,tgtShape,tgtLength,tgtWidth,tgtCoordinates) VALUES('T-2741002','AREA',43,46,'152 75');
INSERT INTO tgtRegistry (tgtNumber,tgtDescription,tgtDTG,tgtReportedBy,tgtSurveillance) VALUES('T-3531003','Selected by HHQ','2023-11-16','GROUND','INTERMITTENT');
INSERT INTO tgtFeatures VALUES('T-3531003','REINFORCED','HIGHLY_MOBILE','PROHIBITED','ACTIVE');
INSERT INTO tgtGeometry (tgtNumber,tgtShape,tgtLength,tgtWidth,tgtCoordinates) VALUES('T-3531003','POINT',26,30,'122 30');
INSERT INTO tgtRegistry (tgtNumber,tgtDescription,tgtDTG,tgtReportedBy,tgtSurveillance) VALUES('T-1491004','Selected by HHQ','2023-11-18','SATELLITE','CONTINUOUS');
INSERT INTO tgtFeatures VALUES('T-1491004','REINFORCED','STATIC','UNRESTRICTED','INACTIVE');
INSERT INTO tgtGeometry (tgtNumber,tgtShape,tgtLength,tgtWidth,tgtCoordinates) VALUES('T-1491004','POINT',47,3,'102 70');
INSERT INTO tgtRegistry (tgtNumber,tgtDescription,tgtDTG,tgtReportedBy,tgtSurveillance) VALUES('T-8901005','Selected by JTF','2023-12-7','AIR','NONE');
INSERT INTO tgtFeatures VALUES('T-8901005','HARDENED','STATIC','UNRESTRICTED','INACTIVE');
INSERT INTO tgtGeometry (tgtNumber,tgtShape,tgtLength,tgtWidth,tgtCoordinates) VALUES('T-8901005','POINT',49,47,'81 94');
INSERT INTO tgtRegistry (tgtNumber,tgtDescription,tgtDTG,tgtReportedBy,tgtSurveillance) VALUES('T-3831006','Selected by JTF','2023-12-9','SATELLITE','INTERMITTENT');
INSERT INTO tgtFeatures VALUES('T-3831006','HARDENED','HIGHLY_MOBILE','UNRESTRICTED','ACTIVE');
INSERT INTO tgtGeometry (tgtNumber,tgtShape,tgtLength,tgtWidth,tgtCoordinates) VALUES('T-3831006','AREA',48,23,'107 100');
INSERT INTO tgtRegistry (tgtNumber,tgtDescription,tgtDTG,tgtReportedBy,tgtSurveillance) VALUES('T-7981007','Selected by Cmdr','2023-11-8','GROUND','CONTINUOUS');
INSERT INTO tgtFeatures VALUES('T-7981007','FORTIFIED','HIGHLY_MOBILE','PROHIBITED','ACTIVE');
INSERT INTO tgtGeometry (tgtNumber,tgtShape,tgtLength,tgtWidth,tgtCoordinates) VALUES('T-7981007','AREA',4,1,'87 97');
INSERT INTO tgtRegistry (tgtNumber,tgtDescription,tgtDTG,tgtReportedBy,tgtSurveillance) VALUES('T-5941008','Selected by HHQ','2023-11-10','INTEL','NONE');
INSERT INTO tgtFeatures VALUES('T-5941008','REINFORCED','STATIC','UNRESTRICTED','INACTIVE');
INSERT INTO tgtGeometry (tgtNumber,tgtShape,tgtLength,tgtWidth,tgtCoordinates) VALUES('T-5941008','AREA',50,18,'169 90');
INSERT INTO tgtRegistry (tgtNumber,tgtDescription,tgtDTG,tgtReportedBy,tgtSurveillance) VALUES('T-2461009','Selected by HHQ','2023-12-15','GROUND','INTERMITTENT');
INSERT INTO tgtFeatures VALUES('T-2461009','SOFT','HIGHLY_MOBILE','RESTRICTED','ACTIVE');
INSERT INTO tgtGeometry (tgtNumber,tgtShape,tgtLength,tgtWidth,tgtCoordinates) VALUES('T-2461009','POINT',41,47,'24 28');
INSERT INTO tgtRegistry (tgtNumber,tgtDescription,tgtDTG,tgtReportedBy,tgtSurveillance) VALUES('T-6511010','Selected by HHQ','2023-11-5','SATELLITE','INTERMITTENT');
INSERT INTO tgtFeatures VALUES('T-6511010','FORTIFIED','HIGHLY_MOBILE','RESTRICTED','INACTIVE');
INSERT INTO tgtGeometry (tgtNumber,tgtShape,tgtLength,tgtWidth,tgtCoordinates) VALUES('T-6511010','POINT',15,17,'164 67');
INSERT INTO tgtRegistry (tgtNumber,tgtDescription,tgtDTG,tgtReportedBy,tgtSurveillance) VALUES('T-6201011','Selected by Cmdr','2023-12-18','GROUND','INTERMITTENT');
INSERT INTO tgtFeatures VALUES('T-6201011','REINFORCED','HIGHLY_MOBILE','RESTRICTED','ACTIVE');
INSERT INTO tgtGeometry (tgtNumber,tgtShape,tgtLength,tgtWidth,tgtCoordinates) VALUES('T-6201011','AREA',22,26,'56 70');
INSERT INTO tgtRegistry (tgtNumber,tgtDescription,tgtDTG,tgtReportedBy,tgtSurveillance) VALUES('T-8721012','Selected by Cmdr','2023-10-10','AIR','CONTINUOUS');
INSERT INTO tgtFeatures VALUES('T-8721012','HARDENED','MOBILE','PROHIBITED','ACTIVE');
INSERT INTO tgtGeometry (tgtNumber,tgtShape,tgtLength,tgtWidth,tgtCoordinates) VALUES('T-8721012','POINT',50,28,'36 82');
INSERT INTO tgtRegistry (tgtNumber,tgtDescription,tgtDTG,tgtReportedBy,tgtSurveillance) VALUES('T-6041013','Selected by Cmdr','2023-10-14','GROUND','NONE');
INSERT INTO tgtFeatures VALUES('T-6041013','HARDENED','HIGHLY_MOBILE','RESTRICTED','INACTIVE');
INSERT INTO tgtGeometry (tgtNumber,tgtShape,tgtLength,tgtWidth,tgtCoordinates) VALUES('T-6041013','POINT',47,48,'106 50');
INSERT INTO tgtRegistry (tgtNumber,tgtDescription,tgtDTG,tgtReportedBy,tgtSurveillance) VALUES('T-3021014','Selected by JTF','2023-11-8','SATELLITE','CONTINUOUS');
INSERT INTO tgtFeatures VALUES('T-3021014','FORTIFIED','STATIC','UNRESTRICTED','ACTIVE');
INSERT INTO tgtGeometry (tgtNumber,tgtShape,tgtLength,tgtWidth,tgtCoordinates) VALUES('T-3021014','AREA',16,10,'176 89');
INSERT INTO tgtRegistry (tgtNumber,tgtDescription,tgtDTG,tgtReportedBy,tgtSurveillance) VALUES('T-1081015','Selected by HHQ','2023-12-13','INTEL','INTERMITTENT');
INSERT INTO tgtFeatures VALUES('T-1081015','SOFT','SEMI_STATIC','PROHIBITED','ACTIVE');
INSERT INTO tgtGeometry (tgtNumber,tgtShape,tgtLength,tgtWidth,tgtCoordinates) VALUES('T-1081015','POINT',15,4,'175 58');
INSERT INTO tgtRegistry (tgtNumber,tgtDescription,tgtDTG,tgtReportedBy,tgtSurveillance) VALUES('T-9781016','Selected by HHQ','2023-11-3','SATELLITE','INTERMITTENT');
INSERT INTO tgtFeatures VALUES('T-9781016','SOFT','STATIC','RESTRICTED','ACTIVE');
INSERT INTO tgtGeometry (tgtNumber,tgtShape,tgtLength,tgtWidth,tgtCoordinates) VALUES('T-9781016','AREA',24,15,'90 31');
INSERT INTO tgtRegistry (tgtNumber,tgtDescription,tgtDTG,tgtReportedBy,tgtSurveillance) VALUES('T-4651017','Selected by JTF','2023-11-1','INTEL','CONTINUOUS');
INSERT INTO tgtFeatures VALUES('T-4651017','REINFORCED','SEMI_STATIC','PROHIBITED','INACTIVE');
INSERT INTO tgtGeometry (tgtNumber,tgtShape,tgtLength,tgtWidth,tgtCoordinates) VALUES('T-4651017','POINT',47,43,'198 91');
INSERT INTO tgtRegistry (tgtNumber,tgtDescription,tgtDTG,tgtReportedBy,tgtSurveillance) VALUES('T-5751018','Selected by HHQ','2023-12-22','INTEL','CONTINUOUS');
INSERT INTO tgtFeatures VALUES('T-5751018','FORTIFIED','STATIC','RESTRICTED','INACTIVE');
INSERT INTO tgtGeometry (tgtNumber,tgtShape,tgtLength,tgtWidth,tgtCoordinates) VALUES('T-5751018','POINT',21,36,'57 68');
INSERT INTO tgtRegistry (tgtNumber,tgtDescription,tgtDTG,tgtReportedBy,tgtSurveillance) VALUES('T-7361019','Selected by Cmdr','2023-12-17','INTEL','INTERMITTENT');
INSERT INTO tgtFeatures VALUES('T-7361019','FORTIFIED','HIGHLY_MOBILE','PROHIBITED','INACTIVE');
INSERT INTO tgtGeometry (tgtNumber,tgtShape,tgtLength,tgtWidth,tgtCoordinates) VALUES('T-7361019','POINT',32,42,'155 41');
INSERT INTO tgtRegistry (tgtNumber,tgtDescription,tgtDTG,tgtReportedBy,tgtSurveillance) VALUES('T-5951020','Selected by Cmdr','2023-12-3','GROUND','INTERMITTENT');
INSERT INTO tgtFeatures VALUES('T-5951020','REINFORCED','STATIC','PROHIBITED','ACTIVE');
INSERT INTO tgtGeometry (tgtNumber,tgtShape,tgtLength,tgtWidth,tgtCoordinates) VALUES('T-5951020','AREA',14,10,'138 62');
INSERT INTO tgtRegistry (tgtNumber,tgtDescription,tgtDTG,tgtReportedBy,tgtSurveillance) VALUES('T-4251021','Selected by Cmdr','2023-12-1','INTEL','INTERMITTENT');
INSERT INTO tgtFeatures VALUES('T-4251021','SOFT','MOBILE','UNRESTRICTED','INACTIVE');
INSERT INTO tgtGeometry (tgtNumber,tgtShape,tgtLength,tgtWidth,tgtCoordinates) VALUES('T-4251021','POINT',25,32,'115 25');
INSERT INTO tgtRegistry (tgtNumber,tgtDescription,tgtDTG,tgtReportedBy,tgtSurveillance) VALUES('T-8581022','Selected by HHQ','2023-11-6','SATELLITE','INTERMITTENT');
INSERT INTO tgtFeatures VALUES('T-8581022','FORTIFIED','MOBILE','RESTRICTED','ACTIVE');
INSERT INTO tgtGeometry (tgtNumber,tgtShape,tgtLength,tgtWidth,tgtCoordinates) VALUES('T-8581022','AREA',11,17,'100 42');
INSERT INTO tgtRegistry (tgtNumber,tgtDescription,tgtDTG,tgtReportedBy,tgtSurveillance) VALUES('T-4081023','Selected by HHQ','2023-10-21','SATELLITE','CONTINUOUS');
INSERT INTO tgtFeatures VALUES('T-4081023','SOFT','MOBILE','RESTRICTED','INACTIVE');
INSERT INTO tgtGeometry (tgtNumber,tgtShape,tgtLength,tgtWidth,tgtCoordinates) VALUES('T-4081023','AREA',43,13,'74 45');
INSERT INTO tgtRegistry (tgtNumber,tgtDescription,tgtDTG,tgtReportedBy,tgtSurveillance) VALUES('T-2121024','Selected by Cmdr','2023-12-19','SATELLITE','NONE');
INSERT INTO tgtFeatures VALUES('T-2121024','SOFT','MOBILE','PROHIBITED','ACTIVE');
INSERT INTO tgtGeometry (tgtNumber,tgtShape,tgtLength,tgtWidth,tgtCoordinates) VALUES('T-2121024','AREA',30,10,'41 38');
INSERT INTO tgtRegistry (tgtNumber,tgtDescription,tgtDTG,tgtReportedBy,tgtSurveillance) VALUES('T-8211025','Selected by HHQ','2023-11-5','GROUND','CONTINUOUS');
INSERT INTO tgtFeatures VALUES('T-8211025','SOFT','MOBILE','RESTRICTED','ACTIVE');
INSERT INTO tgtGeometry (tgtNumber,tgtShape,tgtLength,tgtWidth,tgtCoordinates) VALUES('T-8211025','AREA',25,16,'80 88');
INSERT INTO tgtRegistry (tgtNumber,tgtDescription,tgtDTG,tgtReportedBy,tgtSurveillance) VALUES('T-5561026','Selected by HHQ','2023-12-24','GROUND','NONE');
INSERT INTO tgtFeatures VALUES('T-5561026','FORTIFIED','STATIC','UNRESTRICTED','ACTIVE');
INSERT INTO tgtGeometry (tgtNumber,tgtShape,tgtLength,tgtWidth,tgtCoordinates) VALUES('T-5561026','AREA',9,41,'64 20');
INSERT INTO tgtRegistry (tgtNumber,tgtDescription,tgtDTG,tgtReportedBy,tgtSurveillance) VALUES('T-5501027','Selected by JTF','2023-11-24','GROUND','NONE');
INSERT INTO tgtFeatures VALUES('T-5501027','SOFT','MOBILE','RESTRICTED','INACTIVE');
INSERT INTO tgtGeometry (tgtNumber,tgtShape,tgtLength,tgtWidth,tgtCoordinates) VALUES('T-5501027','AREA',12,37,'165 36');
INSERT INTO tgtRegistry (tgtNumber,tgtDescription,tgtDTG,tgtReportedBy,tgtSurveillance) VALUES('T-9201028','Selected by Cmdr','2023-11-16','AIR','NONE');
INSERT INTO tgtFeatures VALUES('T-9201028','HARDENED','STATIC','PROHIBITED','ACTIVE');
INSERT INTO tgtGeometry (tgtNumber,tgtShape,tgtLength,tgtWidth,tgtCoordinates) VALUES('T-9201028','POINT',40,23,'181 19');
INSERT INTO tgtRegistry (tgtNumber,tgtDescription,tgtDTG,tgtReportedBy,tgtSurveillance) VALUES('T-5181029','Selected by Cmdr','2023-10-9','AIR','INTERMITTENT');
INSERT INTO tgtFeatures VALUES('T-5181029','FORTIFIED','MOBILE','RESTRICTED','ACTIVE');
INSERT INTO tgtGeometry (tgtNumber,tgtShape,tgtLength,tgtWidth,tgtCoordinates) VALUES('T-5181029','POINT',12,50,'101 12');
INSERT INTO tgtRegistry (tgtNumber,tgtDescription,tgtDTG,tgtReportedBy,tgtSurveillance) VALUES('T-4481030','Selected by Cmdr','2023-12-16','GROUND','CONTINUOUS');
INSERT INTO tgtFeatures VALUES('T-4481030','SOFT','MOBILE','RESTRICTED','ACTIVE');
INSERT INTO tgtGeometry (tgtNumber,tgtShape,tgtLength,tgtWidth,tgtCoordinates) VALUES('T-4481030','AREA',37,30,'46 19');
INSERT INTO tgtRegistry (tgtNumber,tgtDescription,tgtDTG,tgtReportedBy,tgtSurveillance) VALUES('T-1581031','Selected by JTF','2023-11-3','INTEL','CONTINUOUS');
INSERT INTO tgtFeatures VALUES('T-1581031','HARDENED','STATIC','RESTRICTED','ACTIVE');
INSERT INTO tgtGeometry (tgtNumber,tgtShape,tgtLength,tgtWidth,tgtCoordinates) VALUES('T-1581031','AREA',10,13,'186 44');
INSERT INTO tgtRegistry (tgtNumber,tgtDescription,tgtDTG,tgtReportedBy,tgtSurveillance) VALUES('T-4311032','Selected by JTF','2023-12-8','INTEL','INTERMITTENT');
INSERT INTO tgtFeatures VALUES('T-4311032','REINFORCED','SEMI_STATIC','PROHIBITED','ACTIVE');
INSERT INTO tgtGeometry (tgtNumber,tgtShape,tgtLength,tgtWidth,tgtCoordinates) VALUES('T-4311032','POINT',42,36,'137 59');
INSERT INTO tgtRegistry (tgtNumber,tgtDescription,tgtDTG,tgtReportedBy,tgtSurveillance) VALUES('T-2041033','Selected by JTF','2023-11-15','AIR','NONE');
INSERT INTO tgtFeatures VALUES('T-2041033','SOFT','HIGHLY_MOBILE','UNRESTRICTED','ACTIVE');
INSERT INTO tgtGeometry (tgtNumber,tgtShape,tgtLength,tgtWidth,tgtCoordinates) VALUES('T-2041033','POINT',15,32,'54 88');
INSERT INTO tgtRegistry (tgtNumber,tgtDescription,tgtDTG,tgtReportedBy,tgtSurveillance) VALUES('T-3511034','Selected by JTF','2023-12-6','AIR','CONTINUOUS');
INSERT INTO tgtFeatures VALUES('T-3511034','SOFT','STATIC','RESTRICTED','INACTIVE');
INSERT INTO tgtGeometry (tgtNumber,tgtShape,tgtLength,tgtWidth,tgtCoordinates) VALUES('T-3511034','POINT',4,6,'123 25');
INSERT INTO tgtRegistry (tgtNumber,tgtDescription,tgtDTG,tgtReportedBy,tgtSurveillance) VALUES('T-2211035','Selected by HHQ','2023-10-24','INTEL','INTERMITTENT');
INSERT INTO tgtFeatures VALUES('T-2211035','FORTIFIED','STATIC','UNRESTRICTED','INACTIVE');
INSERT INTO tgtGeometry (tgtNumber,tgtShape,tgtLength,tgtWidth,tgtCoordinates) VALUES('T-2211035','AREA',24,11,'183 16');
INSERT INTO tgtRegistry (tgtNumber,tgtDescription,tgtDTG,tgtReportedBy,tgtSurveillance) VALUES('T-6001036','Selected by Cmdr','2023-12-11','SATELLITE','INTERMITTENT');
INSERT INTO tgtFeatures VALUES('T-6001036','SOFT','SEMI_STATIC','PROHIBITED','ACTIVE');
INSERT INTO tgtGeometry (tgtNumber,tgtShape,tgtLength,tgtWidth,tgtCoordinates) VALUES('T-6001036','AREA',28,20,'42 64');
INSERT INTO tgtRegistry (tgtNumber,tgtDescription,tgtDTG,tgtReportedBy,tgtSurveillance) VALUES('T-6111037','Selected by Cmdr','2023-11-5','INTEL','NONE');
INSERT INTO tgtFeatures VALUES('T-6111037','REINFORCED','SEMI_STATIC','RESTRICTED','INACTIVE');
INSERT INTO tgtGeometry (tgtNumber,tgtShape,tgtLength,tgtWidth,tgtCoordinates) VALUES('T-6111037','POINT',50,1,'146 82');
INSERT INTO tgtRegistry (tgtNumber,tgtDescription,tgtDTG,tgtReportedBy,tgtSurveillance) VALUES('T-3081038','Selected by JTF','2023-12-25','AIR','CONTINUOUS');
INSERT INTO tgtFeatures VALUES('T-3081038','HARDENED','HIGHLY_MOBILE','PROHIBITED','ACTIVE');
INSERT INTO tgtGeometry (tgtNumber,tgtShape,tgtLength,tgtWidth,tgtCoordinates) VALUES('T-3081038','AREA',33,5,'198 85');
INSERT INTO tgtRegistry (tgtNumber,tgtDescription,tgtDTG,tgtReportedBy,tgtSurveillance) VALUES('T-3831039','Selected by HHQ','2023-10-13','GROUND','INTERMITTENT');
INSERT INTO tgtFeatures VALUES('T-3831039','SOFT','MOBILE','RESTRICTED','ACTIVE');
INSERT INTO tgtGeometry (tgtNumber,tgtShape,tgtLength,tgtWidth,tgtCoordinates) VALUES('T-3831039','POINT',35,30,'87 61');
INSERT INTO tgtRegistry (tgtNumber,tgtDescription,tgtDTG,tgtReportedBy,tgtSurveillance) VALUES('T-1321040','Selected by HHQ','2023-11-5','SATELLITE','NONE');
INSERT INTO tgtFeatures VALUES('T-1321040','SOFT','HIGHLY_MOBILE','UNRESTRICTED','INACTIVE');
INSERT INTO tgtGeometry (tgtNumber,tgtShape,tgtLength,tgtWidth,tgtCoordinates) VALUES('T-1321040','AREA',48,19,'60 59');
INSERT INTO tgtRegistry (tgtNumber,tgtDescription,tgtDTG,tgtReportedBy,tgtSurveillance) VALUES('T-8491041','Selected by Cmdr','2023-11-17','GROUND','CONTINUOUS');
INSERT INTO tgtFeatures VALUES('T-8491041','HARDENED','HIGHLY_MOBILE','RESTRICTED','ACTIVE');
INSERT INTO tgtGeometry (tgtNumber,tgtShape,tgtLength,tgtWidth,tgtCoordinates) VALUES('T-8491041','AREA',1,23,'196 46');
INSERT INTO tgtRegistry (tgtNumber,tgtDescription,tgtDTG,tgtReportedBy,tgtSurveillance) VALUES('T-2121042','Selected by JTF','2023-11-24','GROUND','NONE');
INSERT INTO tgtFeatures VALUES('T-2121042','REINFORCED','MOBILE','UNRESTRICTED','INACTIVE');
INSERT INTO tgtGeometry (tgtNumber,tgtShape,tgtLength,tgtWidth,tgtCoordinates) VALUES('T-2121042','POINT',3,18,'146 43');
INSERT INTO tgtRegistry (tgtNumber,tgtDescription,tgtDTG,tgtReportedBy,tgtSurveillance) VALUES('T-4141043','Selected by HHQ','2023-10-22','AIR','NONE');
INSERT INTO tgtFeatures VALUES('T-4141043','REINFORCED','HIGHLY_MOBILE','PROHIBITED','INACTIVE');
INSERT INTO tgtGeometry (tgtNumber,tgtShape,tgtLength,tgtWidth,tgtCoordinates) VALUES('T-4141043','POINT',17,6,'188 28');
INSERT INTO tgtRegistry (tgtNumber,tgtDescription,tgtDTG,tgtReportedBy,tgtSurveillance) VALUES('T-7751044','Selected by Cmdr','2023-10-23','INTEL','INTERMITTENT');
INSERT INTO tgtFeatures VALUES('T-7751044','FORTIFIED','MOBILE','PROHIBITED','INACTIVE');
INSERT INTO tgtGeometry (tgtNumber,tgtShape,tgtLength,tgtWidth,tgtCoordinates) VALUES('T-7751044','POINT',46,37,'121 15');
INSERT INTO tgtRegistry (tgtNumber,tgtDescription,tgtDTG,tgtReportedBy,tgtSurveillance) VALUES('T-8641045','Selected by JTF','2023-10-22','SATELLITE','INTERMITTENT');
INSERT INTO tgtFeatures VALUES('T-8641045','FORTIFIED','SEMI_STATIC','RESTRICTED','INACTIVE');
INSERT INTO tgtGeometry (tgtNumber,tgtShape,tgtLength,tgtWidth,tgtCoordinates) VALUES('T-8641045','AREA',6,9,'120 63');
INSERT INTO tgtRegistry (tgtNumber,tgtDescription,tgtDTG,tgtReportedBy,tgtSurveillance) VALUES('T-1951046','Selected by Cmdr','2023-11-21','SATELLITE','CONTINUOUS');
INSERT INTO tgtFeatures VALUES('T-1951046','REINFORCED','SEMI_STATIC','RESTRICTED','ACTIVE');
INSERT INTO tgtGeometry (tgtNumber,tgtShape,tgtLength,tgtWidth,tgtCoordinates) VALUES('T-1951046','POINT',3,40,'103 98');
INSERT INTO tgtRegistry (tgtNumber,tgtDescription,tgtDTG,tgtReportedBy,tgtSurveillance) VALUES('T-1691047','Selected by Cmdr','2023-11-2','GROUND','NONE');
INSERT INTO tgtFeatures VALUES('T-1691047','FORTIFIED','SEMI_STATIC','RESTRICTED','INACTIVE');
INSERT INTO tgtGeometry (tgtNumber,tgtShape,tgtLength,tgtWidth,tgtCoordinates) VALUES('T-1691047','AREA',5,6,'166 63');
INSERT INTO tgtRegistry (tgtNumber,tgtDescription,tgtDTG,tgtReportedBy,tgtSurveillance) VALUES('T-2961048','Selected by JTF','2023-11-8','SATELLITE','CONTINUOUS');
INSERT INTO tgtFeatures VALUES('T-2961048','FORTIFIED','SEMI_STATIC','UNRESTRICTED','INACTIVE');
INSERT INTO tgtGeometry (tgtNumber,tgtShape,tgtLength,tgtWidth,tgtCoordinates) VALUES('T-2961048','AREA',41,22,'185 91');
INSERT INTO tgtRegistry (tgtNumber,tgtDescription,tgtDTG,tgtReportedBy,tgtSurveillance) VALUES('T-2621049','Selected by Cmdr','2023-10-18','INTEL','CONTINUOUS');
INSERT INTO tgtFeatures VALUES('T-2621049','HARDENED','STATIC','PROHIBITED','ACTIVE');
INSERT INTO tgtGeometry (tgtNumber,tgtShape,tgtLength,tgtWidth,tgtCoordinates) VALUES('T-2621049','AREA',25,44,'184 95');
INSERT INTO tgtRegistry (tgtNumber,tgtDescription,tgtDTG,tgtReportedBy,tgtSurveillance) VALUES('T-1521050','Selected by Cmdr','2023-10-12','INTEL','NONE');
INSERT INTO tgtFeatures VALUES('T-1521050','HARDENED','STATIC','UNRESTRICTED','INACTIVE');
INSERT INTO tgtGeometry (tgtNumber,tgtShape,tgtLength,tgtWidth,tgtCoordinates) VALUES('T-1521050','AREA',1,31,'100 77');
INSERT INTO tgtRegistry (tgtNumber,tgtDescription,tgtDTG,tgtReportedBy,tgtSurveillance) VALUES('T-1141051','Selected by HHQ','2023-11-8','GROUND','CONTINUOUS');
INSERT INTO tgtFeatures VALUES('T-1141051','HARDENED','STATIC','UNRESTRICTED','INACTIVE');
INSERT INTO tgtGeometry (tgtNumber,tgtShape,tgtLength,tgtWidth,tgtCoordinates) VALUES('T-1141051','POINT',50,13,'125 23');
INSERT INTO tgtRegistry (tgtNumber,tgtDescription,tgtDTG,tgtReportedBy,tgtSurveillance) VALUES('T-6241052','Selected by JTF','2023-10-18','SATELLITE','NONE');
INSERT INTO tgtFeatures VALUES('T-6241052','HARDENED','MOBILE','RESTRICTED','ACTIVE');
INSERT INTO tgtGeometry (tgtNumber,tgtShape,tgtLength,tgtWidth,tgtCoordinates) VALUES('T-6241052','POINT',44,8,'129 15');
INSERT INTO tgtRegistry (tgtNumber,tgtDescription,tgtDTG,tgtReportedBy,tgtSurveillance) VALUES('T-6931053','Selected by JTF','2023-12-21','SATELLITE','NONE');
INSERT INTO tgtFeatures VALUES('T-6931053','SOFT','HIGHLY_MOBILE','UNRESTRICTED','ACTIVE');
INSERT INTO tgtGeometry (tgtNumber,tgtShape,tgtLength,tgtWidth,tgtCoordinates) VALUES('T-6931053','AREA',43,44,'65 85');
INSERT INTO tgtRegistry (tgtNumber,tgtDescription,tgtDTG,tgtReportedBy,tgtSurveillance) VALUES('T-3821054','Selected by JTF','2023-11-21','AIR','INTERMITTENT');
INSERT INTO tgtFeatures VALUES('T-3821054','SOFT','SEMI_STATIC','UNRESTRICTED','INACTIVE');
INSERT INTO tgtGeometry (tgtNumber,tgtShape,tgtLength,tgtWidth,tgtCoordinates) VALUES('T-3821054','AREA',33,18,'97 48');
INSERT INTO tgtRegistry (tgtNumber,tgtDescription,tgtDTG,tgtReportedBy,tgtSurveillance) VALUES('T-4101055','Selected by Cmdr','2023-11-4','GROUND','CONTINUOUS');
INSERT INTO tgtFeatures VALUES('T-4101055','SOFT','MOBILE','UNRESTRICTED','ACTIVE');
INSERT INTO tgtGeometry (tgtNumber,tgtShape,tgtLength,tgtWidth,tgtCoordinates) VALUES('T-4101055','POINT',13,45,'173 38');
INSERT INTO tgtRegistry (tgtNumber,tgtDescription,tgtDTG,tgtReportedBy,tgtSurveillance) VALUES('T-1391056','Selected by Cmdr','2023-12-15','AIR','INTERMITTENT');
INSERT INTO tgtFeatures VALUES('T-1391056','HARDENED','MOBILE','UNRESTRICTED','ACTIVE');
INSERT INTO tgtGeometry (tgtNumber,tgtShape,tgtLength,tgtWidth,tgtCoordinates) VALUES('T-1391056','AREA',4,20,'37 85');
INSERT INTO tgtRegistry (tgtNumber,tgtDescription,tgtDTG,tgtReportedBy,tgtSurveillance) VALUES('T-5231057','Selected by Cmdr','2023-11-25','AIR','INTERMITTENT');
INSERT INTO tgtFeatures VALUES('T-5231057','SOFT','MOBILE','PROHIBITED','ACTIVE');
INSERT INTO tgtGeometry (tgtNumber,tgtShape,tgtLength,tgtWidth,tgtCoordinates) VALUES('T-5231057','AREA',39,32,'134 57');
INSERT INTO tgtRegistry (tgtNumber,tgtDescription,tgtDTG,tgtReportedBy,tgtSurveillance) VALUES('T-5991058','Selected by JTF','2023-12-16','SATELLITE','NONE');
INSERT INTO tgtFeatures VALUES('T-5991058','SOFT','SEMI_STATIC','UNRESTRICTED','ACTIVE');
INSERT INTO tgtGeometry (tgtNumber,tgtShape,tgtLength,tgtWidth,tgtCoordinates) VALUES('T-5991058','POINT',42,38,'46 82');
INSERT INTO tgtRegistry (tgtNumber,tgtDescription,tgtDTG,tgtReportedBy,tgtSurveillance) VALUES('T-9381059','Selected by HHQ','2023-12-8','INTEL','CONTINUOUS');
INSERT INTO tgtFeatures VALUES('T-9381059','HARDENED','MOBILE','PROHIBITED','INACTIVE');
INSERT INTO tgtGeometry (tgtNumber,tgtShape,tgtLength,tgtWidth,tgtCoordinates) VALUES('T-9381059','AREA',27,48,'83 39');
INSERT INTO tgtRegistry (tgtNumber,tgtDescription,tgtDTG,tgtReportedBy,tgtSurveillance) VALUES('T-6421060','Selected by HHQ','2023-10-4','INTEL','INTERMITTENT');
INSERT INTO tgtFeatures VALUES('T-6421060','SOFT','MOBILE','UNRESTRICTED','ACTIVE');
INSERT INTO tgtGeometry (tgtNumber,tgtShape,tgtLength,tgtWidth,tgtCoordinates) VALUES('T-6421060','AREA',38,14,'148 36');
INSERT INTO tgtRegistry (tgtNumber,tgtDescription,tgtDTG,tgtReportedBy,tgtSurveillance) VALUES('T-9661061','Selected by Cmdr','2023-10-1','SATELLITE','NONE');
INSERT INTO tgtFeatures VALUES('T-9661061','REINFORCED','SEMI_STATIC','PROHIBITED','INACTIVE');
INSERT INTO tgtGeometry (tgtNumber,tgtShape,tgtLength,tgtWidth,tgtCoordinates) VALUES('T-9661061','POINT',35,38,'67 43');
INSERT INTO tgtRegistry (tgtNumber,tgtDescription,tgtDTG,tgtReportedBy,tgtSurveillance) VALUES('T-9691062','Selected by Cmdr','2023-12-22','AIR','NONE');
INSERT INTO tgtFeatures VALUES('T-9691062','REINFORCED','STATIC','PROHIBITED','ACTIVE');
INSERT INTO tgtGeometry (tgtNumber,tgtShape,tgtLength,tgtWidth,tgtCoordinates) VALUES('T-9691062','POINT',19,13,'33 75');
INSERT INTO tgtRegistry (tgtNumber,tgtDescription,tgtDTG,tgtReportedBy,tgtSurveillance) VALUES('T-8151063','Selected by Cmdr','2023-10-13','GROUND','NONE');
INSERT INTO tgtFeatures VALUES('T-8151063','HARDENED','HIGHLY_MOBILE','PROHIBITED','INACTIVE');
INSERT INTO tgtGeometry (tgtNumber,tgtShape,tgtLength,tgtWidth,tgtCoordinates) VALUES('T-8151063','POINT',44,7,'68 76');
INSERT INTO tgtRegistry (tgtNumber,tgtDescription,tgtDTG,tgtReportedBy,tgtSurveillance) VALUES('T-8241064','Selected by Cmdr','2023-12-10','INTEL','NONE');
INSERT INTO tgtFeatures VALUES('T-8241064','REINFORCED','STATIC','PROHIBITED','INACTIVE');
INSERT INTO tgtGeometry (tgtNumber,tgtShape,tgtLength,tgtWidth,tgtCoordinates) VALUES('T-8241064','AREA',38,44,'116 78');
INSERT INTO tgtRegistry (tgtNumber,tgtDescription,tgtDTG,tgtReportedBy,tgtSurveillance) VALUES('T-2851065','Selected by HHQ','2023-12-14','INTEL','NONE');
INSERT INTO tgtFeatures VALUES('T-2851065','SOFT','SEMI_STATIC','UNRESTRICTED','ACTIVE');
INSERT INTO tgtGeometry (tgtNumber,tgtShape,tgtLength,tgtWidth,tgtCoordinates) VALUES('T-2851065','AREA',32,32,'114 79');
INSERT INTO tgtRegistry (tgtNumber,tgtDescription,tgtDTG,tgtReportedBy,tgtSurveillance) VALUES('T-9481066','Selected by JTF','2023-10-21','GROUND','INTERMITTENT');
INSERT INTO tgtFeatures VALUES('T-9481066','SOFT','MOBILE','RESTRICTED','ACTIVE');
INSERT INTO tgtGeometry (tgtNumber,tgtShape,tgtLength,tgtWidth,tgtCoordinates) VALUES('T-9481066','POINT',24,45,'115 23');
INSERT INTO tgtRegistry (tgtNumber,tgtDescription,tgtDTG,tgtReportedBy,tgtSurveillance) VALUES('T-3061067','Selected by Cmdr','2023-11-21','INTEL','NONE');
INSERT INTO tgtFeatures VALUES('T-3061067','HARDENED','SEMI_STATIC','RESTRICTED','ACTIVE');
INSERT INTO tgtGeometry (tgtNumber,tgtShape,tgtLength,tgtWidth,tgtCoordinates) VALUES('T-3061067','POINT',31,28,'120 76');
INSERT INTO tgtRegistry (tgtNumber,tgtDescription,tgtDTG,tgtReportedBy,tgtSurveillance) VALUES('T-7711068','Selected by HHQ','2023-12-6','GROUND','NONE');
INSERT INTO tgtFeatures VALUES('T-7711068','SOFT','HIGHLY_MOBILE','PROHIBITED','ACTIVE');
INSERT INTO tgtGeometry (tgtNumber,tgtShape,tgtLength,tgtWidth,tgtCoordinates) VALUES('T-7711068','POINT',2,3,'181 15');
INSERT INTO tgtRegistry (tgtNumber,tgtDescription,tgtDTG,tgtReportedBy,tgtSurveillance) VALUES('T-5031069','Selected by HHQ','2023-10-13','AIR','CONTINUOUS');
INSERT INTO tgtFeatures VALUES('T-5031069','HARDENED','MOBILE','UNRESTRICTED','INACTIVE');
INSERT INTO tgtGeometry (tgtNumber,tgtShape,tgtLength,tgtWidth,tgtCoordinates) VALUES('T-5031069','POINT',14,33,'99 88');
INSERT INTO tgtRegistry (tgtNumber,tgtDescription,tgtDTG,tgtReportedBy,tgtSurveillance) VALUES('T-5121070','Selected by JTF','2023-11-22','GROUND','NONE');
INSERT INTO tgtFeatures VALUES('T-5121070','SOFT','HIGHLY_MOBILE','RESTRICTED','INACTIVE');
INSERT INTO tgtGeometry (tgtNumber,tgtShape,tgtLength,tgtWidth,tgtCoordinates) VALUES('T-5121070','POINT',7,15,'173 13');
INSERT INTO tgtRegistry (tgtNumber,tgtDescription,tgtDTG,tgtReportedBy,tgtSurveillance) VALUES('T-4191071','Selected by HHQ','2023-12-4','SATELLITE','NONE');
INSERT INTO tgtFeatures VALUES('T-4191071','REINFORCED','MOBILE','RESTRICTED','ACTIVE');
INSERT INTO tgtGeometry (tgtNumber,tgtShape,tgtLength,tgtWidth,tgtCoordinates) VALUES('T-4191071','AREA',47,44,'155 66');
INSERT INTO tgtRegistry (tgtNumber,tgtDescription,tgtDTG,tgtReportedBy,tgtSurveillance) VALUES('T-8991072','Selected by HHQ','2023-10-20','AIR','CONTINUOUS');
INSERT INTO tgtFeatures VALUES('T-8991072','HARDENED','SEMI_STATIC','UNRESTRICTED','INACTIVE');
INSERT INTO tgtGeometry (tgtNumber,tgtShape,tgtLength,tgtWidth,tgtCoordinates) VALUES('T-8991072','AREA',46,10,'98 14');
INSERT INTO tgtRegistry (tgtNumber,tgtDescription,tgtDTG,tgtReportedBy,tgtSurveillance) VALUES('T-8691073','Selected by HHQ','2023-10-23','AIR','INTERMITTENT');
INSERT INTO tgtFeatures VALUES('T-8691073','REINFORCED','SEMI_STATIC','PROHIBITED','INACTIVE');
INSERT INTO tgtGeometry (tgtNumber,tgtShape,tgtLength,tgtWidth,tgtCoordinates) VALUES('T-8691073','AREA',44,36,'101 48');
INSERT INTO tgtRegistry (tgtNumber,tgtDescription,tgtDTG,tgtReportedBy,tgtSurveillance) VALUES('T-4581074','Selected by HHQ','2023-11-23','GROUND','CONTINUOUS');
INSERT INTO tgtFeatures VALUES('T-4581074','HARDENED','STATIC','PROHIBITED','INACTIVE');
INSERT INTO tgtGeometry (tgtNumber,tgtShape,tgtLength,tgtWidth,tgtCoordinates) VALUES('T-4581074','POINT',40,40,'98 33');
INSERT INTO tgtRegistry (tgtNumber,tgtDescription,tgtDTG,tgtReportedBy,tgtSurveillance) VALUES('T-9351075','Selected by Cmdr','2023-12-8','AIR','INTERMITTENT');
INSERT INTO tgtFeatures VALUES('T-9351075','FORTIFIED','SEMI_STATIC','UNRESTRICTED','ACTIVE');
INSERT INTO tgtGeometry (tgtNumber,tgtShape,tgtLength,tgtWidth,tgtCoordinates) VALUES('T-9351075','AREA',31,9,'88 50');
INSERT INTO tgtRegistry (tgtNumber,tgtDescription,tgtDTG,tgtReportedBy,tgtSurveillance) VALUES('T-2811076','Selected by JTF','2023-12-7','INTEL','CONTINUOUS');
INSERT INTO tgtFeatures VALUES('T-2811076','HARDENED','SEMI_STATIC','PROHIBITED','ACTIVE');
INSERT INTO tgtGeometry (tgtNumber,tgtShape,tgtLength,tgtWidth,tgtCoordinates) VALUES('T-2811076','POINT',24,21,'152 16');
INSERT INTO tgtRegistry (tgtNumber,tgtDescription,tgtDTG,tgtReportedBy,tgtSurveillance) VALUES('T-2121077','Selected by HHQ','2023-12-9','AIR','CONTINUOUS');
INSERT INTO tgtFeatures VALUES('T-2121077','SOFT','HIGHLY_MOBILE','RESTRICTED','INACTIVE');
INSERT INTO tgtGeometry (tgtNumber,tgtShape,tgtLength,tgtWidth,tgtCoordinates) VALUES('T-2121077','AREA',7,23,'70 41');
INSERT INTO tgtRegistry (tgtNumber,tgtDescription,tgtDTG,tgtReportedBy,tgtSurveillance) VALUES('T-7821078','Selected by Cmdr','2023-12-7','AIR','CONTINUOUS');
INSERT INTO tgtFeatures VALUES('T-7821078','FORTIFIED','MOBILE','PROHIBITED','INACTIVE');
INSERT INTO tgtGeometry (tgtNumber,tgtShape,tgtLength,tgtWidth,tgtCoordinates) VALUES('T-7821078','AREA',6,44,'124 81');
INSERT INTO tgtRegistry (tgtNumber,tgtDescription,tgtDTG,tgtReportedBy,tgtSurveillance) VALUES('T-3071079','Selected by HHQ','2023-12-16','GROUND','NONE');
INSERT INTO tgtFeatures VALUES('T-3071079','HARDENED','HIGHLY_MOBILE','RESTRICTED','INACTIVE');
INSERT INTO tgtGeometry (tgtNumber,tgtShape,tgtLength,tgtWidth,tgtCoordinates) VALUES('T-3071079','POINT',49,41,'45 38');
INSERT INTO tgtRegistry (tgtNumber,tgtDescription,tgtDTG,tgtReportedBy,tgtSurveillance) VALUES('T-6401080','Selected by Cmdr','2023-11-14','AIR','NONE');
INSERT INTO tgtFeatures VALUES('T-6401080','REINFORCED','SEMI_STATIC','PROHIBITED','INACTIVE');
INSERT INTO tgtGeometry (tgtNumber,tgtShape,tgtLength,tgtWidth,tgtCoordinates) VALUES('T-6401080','AREA',40,22,'118 43');
INSERT INTO tgtRegistry (tgtNumber,tgtDescription,tgtDTG,tgtReportedBy,tgtSurveillance) VALUES('T-2551081','Selected by HHQ','2023-12-20','SATELLITE','INTERMITTENT');
INSERT INTO tgtFeatures VALUES('T-2551081','FORTIFIED','MOBILE','RESTRICTED','INACTIVE');
INSERT INTO tgtGeometry (tgtNumber,tgtShape,tgtLength,tgtWidth,tgtCoordinates) VALUES('T-2551081','POINT',13,22,'130 62');
INSERT INTO tgtRegistry (tgtNumber,tgtDescription,tgtDTG,tgtReportedBy,tgtSurveillance) VALUES('T-4691082','Selected by Cmdr','2023-11-16','AIR','INTERMITTENT');
INSERT INTO tgtFeatures VALUES('T-4691082','FORTIFIED','STATIC','UNRESTRICTED','ACTIVE');
INSERT INTO tgtGeometry (tgtNumber,tgtShape,tgtLength,tgtWidth,tgtCoordinates) VALUES('T-4691082','POINT',47,46,'135 33');
INSERT INTO tgtRegistry (tgtNumber,tgtDescription,tgtDTG,tgtReportedBy,tgtSurveillance) VALUES('T-5121083','Selected by Cmdr','2023-11-7','SATELLITE','NONE');
INSERT INTO tgtFeatures VALUES('T-5121083','FORTIFIED','HIGHLY_MOBILE','UNRESTRICTED','INACTIVE');
INSERT INTO tgtGeometry (tgtNumber,tgtShape,tgtLength,tgtWidth,tgtCoordinates) VALUES('T-5121083','AREA',18,24,'55 68');
INSERT INTO tgtRegistry (tgtNumber,tgtDescription,tgtDTG,tgtReportedBy,tgtSurveillance) VALUES('T-8831084','Selected by JTF','2023-11-11','GROUND','NONE');
INSERT INTO tgtFeatures VALUES('T-8831084','REINFORCED','MOBILE','RESTRICTED','INACTIVE');
INSERT INTO tgtGeometry (tgtNumber,tgtShape,tgtLength,tgtWidth,tgtCoordinates) VALUES('T-8831084','AREA',31,27,'32 12');
INSERT INTO tgtRegistry (tgtNumber,tgtDescription,tgtDTG,tgtReportedBy,tgtSurveillance) VALUES('T-3361085','Selected by HHQ','2023-10-14','INTEL','CONTINUOUS');
INSERT INTO tgtFeatures VALUES('T-3361085','FORTIFIED','HIGHLY_MOBILE','UNRESTRICTED','ACTIVE');
INSERT INTO tgtGeometry (tgtNumber,tgtShape,tgtLength,tgtWidth,tgtCoordinates) VALUES('T-3361085','POINT',48,5,'94 97');
INSERT INTO tgtRegistry (tgtNumber,tgtDescription,tgtDTG,tgtReportedBy,tgtSurveillance) VALUES('T-5641086','Selected by JTF','2023-12-19','GROUND','CONTINUOUS');
INSERT INTO tgtFeatures VALUES('T-5641086','REINFORCED','HIGHLY_MOBILE','PROHIBITED','INACTIVE');
INSERT INTO tgtGeometry (tgtNumber,tgtShape,tgtLength,tgtWidth,tgtCoordinates) VALUES('T-5641086','AREA',49,20,'134 17');
INSERT INTO tgtRegistry (tgtNumber,tgtDescription,tgtDTG,tgtReportedBy,tgtSurveillance) VALUES('T-6151087','Selected by Cmdr','2023-12-4','SATELLITE','NONE');
INSERT INTO tgtFeatures VALUES('T-6151087','REINFORCED','MOBILE','UNRESTRICTED','ACTIVE');
INSERT INTO tgtGeometry (tgtNumber,tgtShape,tgtLength,tgtWidth,tgtCoordinates) VALUES('T-6151087','POINT',8,31,'178 54');
INSERT INTO tgtRegistry (tgtNumber,tgtDescription,tgtDTG,tgtReportedBy,tgtSurveillance) VALUES('T-9281088','Selected by JTF','2023-12-9','AIR','CONTINUOUS');
INSERT INTO tgtFeatures VALUES('T-9281088','HARDENED','SEMI_STATIC','PROHIBITED','INACTIVE');
INSERT INTO tgtGeometry (tgtNumber,tgtShape,tgtLength,tgtWidth,tgtCoordinates) VALUES('T-9281088','POINT',5,11,'65 86');
INSERT INTO tgtRegistry (tgtNumber,tgtDescription,tgtDTG,tgtReportedBy,tgtSurveillance) VALUES('T-6041089','Selected by HHQ','2023-12-23','AIR','INTERMITTENT');
INSERT INTO tgtFeatures VALUES('T-6041089','SOFT','MOBILE','UNRESTRICTED','INACTIVE');
INSERT INTO tgtGeometry (tgtNumber,tgtShape,tgtLength,tgtWidth,tgtCoordinates) VALUES('T-6041089','AREA',20,36,'185 38');
INSERT INTO tgtRegistry (tgtNumber,tgtDescription,tgtDTG,tgtReportedBy,tgtSurveillance) VALUES('T-9321090','Selected by Cmdr','2023-12-17','AIR','CONTINUOUS');
INSERT INTO tgtFeatures VALUES('T-9321090','HARDENED','SEMI_STATIC','PROHIBITED','INACTIVE');
INSERT INTO tgtGeometry (tgtNumber,tgtShape,tgtLength,tgtWidth,tgtCoordinates) VALUES('T-9321090','POINT',35,34,'172 67');
INSERT INTO tgtRegistry (tgtNumber,tgtDescription,tgtDTG,tgtReportedBy,tgtSurveillance) VALUES('T-1921091','Selected by Cmdr','2023-12-17','AIR','INTERMITTENT');
INSERT INTO tgtFeatures VALUES('T-1921091','REINFORCED','HIGHLY_MOBILE','UNRESTRICTED','ACTIVE');
INSERT INTO tgtGeometry (tgtNumber,tgtShape,tgtLength,tgtWidth,tgtCoordinates) VALUES('T-1921091','AREA',21,29,'80 92');
INSERT INTO tgtRegistry (tgtNumber,tgtDescription,tgtDTG,tgtReportedBy,tgtSurveillance) VALUES('T-1611092','Selected by JTF','2023-10-5','AIR','INTERMITTENT');
INSERT INTO tgtFeatures VALUES('T-1611092','FORTIFIED','MOBILE','RESTRICTED','INACTIVE');
INSERT INTO tgtGeometry (tgtNumber,tgtShape,tgtLength,tgtWidth,tgtCoordinates) VALUES('T-1611092','POINT',17,2,'84 100');
INSERT INTO tgtRegistry (tgtNumber,tgtDescription,tgtDTG,tgtReportedBy,tgtSurveillance) VALUES('T-6741093','Selected by Cmdr','2023-12-16','AIR','CONTINUOUS');
INSERT INTO tgtFeatures VALUES('T-6741093','HARDENED','SEMI_STATIC','RESTRICTED','INACTIVE');
INSERT INTO tgtGeometry (tgtNumber,tgtShape,tgtLength,tgtWidth,tgtCoordinates) VALUES('T-6741093','AREA',3,48,'151 70');
INSERT INTO tgtRegistry (tgtNumber,tgtDescription,tgtDTG,tgtReportedBy,tgtSurveillance) VALUES('T-4531094','Selected by HHQ','2023-11-18','INTEL','INTERMITTENT');
INSERT INTO tgtFeatures VALUES('T-4531094','SOFT','SEMI_STATIC','UNRESTRICTED','INACTIVE');
INSERT INTO tgtGeometry (tgtNumber,tgtShape,tgtLength,tgtWidth,tgtCoordinates) VALUES('T-4531094','POINT',31,47,'155 91');
INSERT INTO tgtRegistry (tgtNumber,tgtDescription,tgtDTG,tgtReportedBy,tgtSurveillance) VALUES('T-3641095','Selected by JTF','2023-10-10','SATELLITE','INTERMITTENT');
INSERT INTO tgtFeatures VALUES('T-3641095','REINFORCED','SEMI_STATIC','RESTRICTED','ACTIVE');
INSERT INTO tgtGeometry (tgtNumber,tgtShape,tgtLength,tgtWidth,tgtCoordinates) VALUES('T-3641095','AREA',27,3,'177 79');
INSERT INTO tgtRegistry (tgtNumber,tgtDescription,tgtDTG,tgtReportedBy,tgtSurveillance) VALUES('T-4111096','Selected by HHQ','2023-10-6','INTEL','NONE');
INSERT INTO tgtFeatures VALUES('T-4111096','FORTIFIED','SEMI_STATIC','RESTRICTED','INACTIVE');
INSERT INTO tgtGeometry (tgtNumber,tgtShape,tgtLength,tgtWidth,tgtCoordinates) VALUES('T-4111096','AREA',7,7,'192 42');
INSERT INTO tgtRegistry (tgtNumber,tgtDescription,tgtDTG,tgtReportedBy,tgtSurveillance) VALUES('T-1491097','Selected by HHQ','2023-12-19','INTEL','CONTINUOUS');
INSERT INTO tgtFeatures VALUES('T-1491097','FORTIFIED','HIGHLY_MOBILE','PROHIBITED','INACTIVE');
INSERT INTO tgtGeometry (tgtNumber,tgtShape,tgtLength,tgtWidth,tgtCoordinates) VALUES('T-1491097','POINT',31,41,'167 52');
INSERT INTO tgtRegistry (tgtNumber,tgtDescription,tgtDTG,tgtReportedBy,tgtSurveillance) VALUES('T-2751098','Selected by HHQ','2023-11-5','INTEL','NONE');
INSERT INTO tgtFeatures VALUES('T-2751098','REINFORCED','MOBILE','PROHIBITED','ACTIVE');
INSERT INTO tgtGeometry (tgtNumber,tgtShape,tgtLength,tgtWidth,tgtCoordinates) VALUES('T-2751098','AREA',24,14,'116 67');
INSERT INTO tgtRegistry (tgtNumber,tgtDescription,tgtDTG,tgtReportedBy,tgtSurveillance) VALUES('T-6121099','Selected by Cmdr','2023-12-7','AIR','CONTINUOUS');
INSERT INTO tgtFeatures VALUES('T-6121099','HARDENED','STATIC','UNRESTRICTED','INACTIVE');
INSERT INTO tgtGeometry (tgtNumber,tgtShape,tgtLength,tgtWidth,tgtCoordinates) VALUES('T-6121099','AREA',45,12,'100 22');
INSERT INTO tgtRegistry (tgtNumber,tgtDescription,tgtDTG,tgtReportedBy,tgtSurveillance) VALUES('T-9511100','Selected by JTF','2023-11-22','SATELLITE','INTERMITTENT');
INSERT INTO tgtFeatures VALUES('T-9511100','FORTIFIED','STATIC','UNRESTRICTED','INACTIVE');
INSERT INTO tgtGeometry (tgtNumber,tgtShape,tgtLength,tgtWidth,tgtCoordinates) VALUES('T-9511100','AREA',6,10,'20 92');
INSERT INTO tgtRegistry (tgtNumber,tgtDescription,tgtDTG,tgtReportedBy,tgtSurveillance) VALUES('T-1641101','Selected by Cmdr','2023-12-21','INTEL','CONTINUOUS');
INSERT INTO tgtFeatures VALUES('T-1641101','SOFT','HIGHLY_MOBILE','PROHIBITED','INACTIVE');
INSERT INTO tgtGeometry (tgtNumber,tgtShape,tgtLength,tgtWidth,tgtCoordinates) VALUES('T-1641101','POINT',11,45,'41 58');
INSERT INTO tgtRegistry (tgtNumber,tgtDescription,tgtDTG,tgtReportedBy,tgtSurveillance) VALUES('T-5751102','Selected by HHQ','2023-11-6','AIR','CONTINUOUS');
INSERT INTO tgtFeatures VALUES('T-5751102','FORTIFIED','SEMI_STATIC','UNRESTRICTED','ACTIVE');
INSERT INTO tgtGeometry (tgtNumber,tgtShape,tgtLength,tgtWidth,tgtCoordinates) VALUES('T-5751102','POINT',5,49,'28 45');
INSERT INTO tgtRegistry (tgtNumber,tgtDescription,tgtDTG,tgtReportedBy,tgtSurveillance) VALUES('T-5611103','Selected by Cmdr','2023-12-2','GROUND','CONTINUOUS');
INSERT INTO tgtFeatures VALUES('T-5611103','FORTIFIED','HIGHLY_MOBILE','PROHIBITED','ACTIVE');
INSERT INTO tgtGeometry (tgtNumber,tgtShape,tgtLength,tgtWidth,tgtCoordinates) VALUES('T-5611103','POINT',6,16,'152 53');
INSERT INTO tgtRegistry (tgtNumber,tgtDescription,tgtDTG,tgtReportedBy,tgtSurveillance) VALUES('T-5011104','Selected by JTF','2023-10-12','GROUND','INTERMITTENT');
INSERT INTO tgtFeatures VALUES('T-5011104','SOFT','HIGHLY_MOBILE','RESTRICTED','INACTIVE');
INSERT INTO tgtGeometry (tgtNumber,tgtShape,tgtLength,tgtWidth,tgtCoordinates) VALUES('T-5011104','AREA',12,10,'144 78');
INSERT INTO tgtRegistry (tgtNumber,tgtDescription,tgtDTG,tgtReportedBy,tgtSurveillance) VALUES('T-9881105','Selected by JTF','2023-12-13','GROUND','NONE');
INSERT INTO tgtFeatures VALUES('T-9881105','HARDENED','HIGHLY_MOBILE','RESTRICTED','INACTIVE');
INSERT INTO tgtGeometry (tgtNumber,tgtShape,tgtLength,tgtWidth,tgtCoordinates) VALUES('T-9881105','AREA',34,46,'22 37');
INSERT INTO tgtRegistry (tgtNumber,tgtDescription,tgtDTG,tgtReportedBy,tgtSurveillance) VALUES('T-2551106','Selected by HHQ','2023-11-9','GROUND','INTERMITTENT');
INSERT INTO tgtFeatures VALUES('T-2551106','REINFORCED','SEMI_STATIC','UNRESTRICTED','INACTIVE');
INSERT INTO tgtGeometry (tgtNumber,tgtShape,tgtLength,tgtWidth,tgtCoordinates) VALUES('T-2551106','AREA',15,36,'101 83');
INSERT INTO tgtRegistry (tgtNumber,tgtDescription,tgtDTG,tgtReportedBy,tgtSurveillance) VALUES('T-1851107','Selected by HHQ','2023-11-14','AIR','NONE');
INSERT INTO tgtFeatures VALUES('T-1851107','FORTIFIED','STATIC','RESTRICTED','INACTIVE');
INSERT INTO tgtGeometry (tgtNumber,tgtShape,tgtLength,tgtWidth,tgtCoordinates) VALUES('T-1851107','AREA',28,1,'170 16');
INSERT INTO tgtRegistry (tgtNumber,tgtDescription,tgtDTG,tgtReportedBy,tgtSurveillance) VALUES('T-3881108','Selected by HHQ','2023-11-24','INTEL','CONTINUOUS');
INSERT INTO tgtFeatures VALUES('T-3881108','HARDENED','MOBILE','RESTRICTED','ACTIVE');
INSERT INTO tgtGeometry (tgtNumber,tgtShape,tgtLength,tgtWidth,tgtCoordinates) VALUES('T-3881108','AREA',49,6,'140 96');
INSERT INTO tgtRegistry (tgtNumber,tgtDescription,tgtDTG,tgtReportedBy,tgtSurveillance) VALUES('T-4791109','Selected by Cmdr','2023-10-24','SATELLITE','CONTINUOUS');
INSERT INTO tgtFeatures VALUES('T-4791109','FORTIFIED','STATIC','PROHIBITED','INACTIVE');
INSERT INTO tgtGeometry (tgtNumber,tgtShape,tgtLength,tgtWidth,tgtCoordinates) VALUES('T-4791109','AREA',24,3,'86 96');
INSERT INTO tgtRegistry (tgtNumber,tgtDescription,tgtDTG,tgtReportedBy,tgtSurveillance) VALUES('T-8611110','Selected by HHQ','2023-11-14','INTEL','NONE');
INSERT INTO tgtFeatures VALUES('T-8611110','FORTIFIED','HIGHLY_MOBILE','RESTRICTED','ACTIVE');
INSERT INTO tgtGeometry (tgtNumber,tgtShape,tgtLength,tgtWidth,tgtCoordinates) VALUES('T-8611110','AREA',30,49,'177 17');
INSERT INTO tgtRegistry (tgtNumber,tgtDescription,tgtDTG,tgtReportedBy,tgtSurveillance) VALUES('T-9941111','Selected by JTF','2023-10-13','SATELLITE','INTERMITTENT');
INSERT INTO tgtFeatures VALUES('T-9941111','SOFT','HIGHLY_MOBILE','RESTRICTED','INACTIVE');
INSERT INTO tgtGeometry (tgtNumber,tgtShape,tgtLength,tgtWidth,tgtCoordinates) VALUES('T-9941111','AREA',43,7,'46 59');
INSERT INTO tgtRegistry (tgtNumber,tgtDescription,tgtDTG,tgtReportedBy,tgtSurveillance) VALUES('T-5351112','Selected by Cmdr','2023-11-3','INTEL','NONE');
INSERT INTO tgtFeatures VALUES('T-5351112','FORTIFIED','SEMI_STATIC','RESTRICTED','ACTIVE');
INSERT INTO tgtGeometry (tgtNumber,tgtShape,tgtLength,tgtWidth,tgtCoordinates) VALUES('T-5351112','AREA',6,34,'57 73');
INSERT INTO tgtRegistry (tgtNumber,tgtDescription,tgtDTG,tgtReportedBy,tgtSurveillance) VALUES('T-6171113','Selected by JTF','2023-10-9','GROUND','INTERMITTENT');
INSERT INTO tgtFeatures VALUES('T-6171113','HARDENED','HIGHLY_MOBILE','RESTRICTED','ACTIVE');
INSERT INTO tgtGeometry (tgtNumber,tgtShape,tgtLength,tgtWidth,tgtCoordinates) VALUES('T-6171113','AREA',6,5,'101 17');
INSERT INTO tgtRegistry (tgtNumber,tgtDescription,tgtDTG,tgtReportedBy,tgtSurveillance) VALUES('T-1921114','Selected by HHQ','2023-11-10','SATELLITE','CONTINUOUS');
INSERT INTO tgtFeatures VALUES('T-1921114','SOFT','SEMI_STATIC','UNRESTRICTED','ACTIVE');
INSERT INTO tgtGeometry (tgtNumber,tgtShape,tgtLength,tgtWidth,tgtCoordinates) VALUES('T-1921114','AREA',2,34,'166 90');
INSERT INTO tgtRegistry (tgtNumber,tgtDescription,tgtDTG,tgtReportedBy,tgtSurveillance) VALUES('T-5741115','Selected by Cmdr','2023-11-4','GROUND','CONTINUOUS');
INSERT INTO tgtFeatures VALUES('T-5741115','FORTIFIED','SEMI_STATIC','PROHIBITED','INACTIVE');
INSERT INTO tgtGeometry (tgtNumber,tgtShape,tgtLength,tgtWidth,tgtCoordinates) VALUES('T-5741115','AREA',40,4,'103 84');
INSERT INTO tgtRegistry (tgtNumber,tgtDescription,tgtDTG,tgtReportedBy,tgtSurveillance) VALUES('T-8841116','Selected by HHQ','2023-10-3','INTEL','CONTINUOUS');
INSERT INTO tgtFeatures VALUES('T-8841116','REINFORCED','SEMI_STATIC','UNRESTRICTED','INACTIVE');
INSERT INTO tgtGeometry (tgtNumber,tgtShape,tgtLength,tgtWidth,tgtCoordinates) VALUES('T-8841116','AREA',13,32,'28 52');
INSERT INTO tgtRegistry (tgtNumber,tgtDescription,tgtDTG,tgtReportedBy,tgtSurveillance) VALUES('T-4981117','Selected by HHQ','2023-11-12','AIR','CONTINUOUS');
INSERT INTO tgtFeatures VALUES('T-4981117','FORTIFIED','STATIC','PROHIBITED','INACTIVE');
INSERT INTO tgtGeometry (tgtNumber,tgtShape,tgtLength,tgtWidth,tgtCoordinates) VALUES('T-4981117','POINT',14,26,'141 17');
INSERT INTO tgtRegistry (tgtNumber,tgtDescription,tgtDTG,tgtReportedBy,tgtSurveillance) VALUES('T-4341118','Selected by HHQ','2023-11-22','GROUND','INTERMITTENT');
INSERT INTO tgtFeatures VALUES('T-4341118','HARDENED','SEMI_STATIC','PROHIBITED','ACTIVE');
INSERT INTO tgtGeometry (tgtNumber,tgtShape,tgtLength,tgtWidth,tgtCoordinates) VALUES('T-4341118','POINT',50,30,'91 31');
INSERT INTO tgtRegistry (tgtNumber,tgtDescription,tgtDTG,tgtReportedBy,tgtSurveillance) VALUES('T-5611119','Selected by JTF','2023-10-24','SATELLITE','INTERMITTENT');
INSERT INTO tgtFeatures VALUES('T-5611119','HARDENED','HIGHLY_MOBILE','PROHIBITED','ACTIVE');
INSERT INTO tgtGeometry (tgtNumber,tgtShape,tgtLength,tgtWidth,tgtCoordinates) VALUES('T-5611119','AREA',35,46,'97 20');
INSERT INTO tgtRegistry (tgtNumber,tgtDescription,tgtDTG,tgtReportedBy,tgtSurveillance) VALUES('T-8811120','Selected by HHQ','2023-10-25','AIR','INTERMITTENT');
INSERT INTO tgtFeatures VALUES('T-8811120','HARDENED','MOBILE','UNRESTRICTED','ACTIVE');
INSERT INTO tgtGeometry (tgtNumber,tgtShape,tgtLength,tgtWidth,tgtCoordinates) VALUES('T-8811120','AREA',2,34,'152 45');
INSERT INTO tgtRegistry (tgtNumber,tgtDescription,tgtDTG,tgtReportedBy,tgtSurveillance) VALUES('T-4191121','Selected by JTF','2023-11-6','SATELLITE','CONTINUOUS');
INSERT INTO tgtFeatures VALUES('T-4191121','HARDENED','HIGHLY_MOBILE','UNRESTRICTED','INACTIVE');
INSERT INTO tgtGeometry (tgtNumber,tgtShape,tgtLength,tgtWidth,tgtCoordinates) VALUES('T-4191121','POINT',33,30,'144 21');
INSERT INTO tgtRegistry (tgtNumber,tgtDescription,tgtDTG,tgtReportedBy,tgtSurveillance) VALUES('T-2401122','Selected by HHQ','2023-12-23','GROUND','INTERMITTENT');
INSERT INTO tgtFeatures VALUES('T-2401122','HARDENED','SEMI_STATIC','RESTRICTED','ACTIVE');
INSERT INTO tgtGeometry (tgtNumber,tgtShape,tgtLength,tgtWidth,tgtCoordinates) VALUES('T-2401122','POINT',42,40,'45 48');
INSERT INTO tgtRegistry (tgtNumber,tgtDescription,tgtDTG,tgtReportedBy,tgtSurveillance) VALUES('T-5821123','Selected by Cmdr','2023-12-9','SATELLITE','INTERMITTENT');
INSERT INTO tgtFeatures VALUES('T-5821123','REINFORCED','STATIC','RESTRICTED','ACTIVE');
INSERT INTO tgtGeometry (tgtNumber,tgtShape,tgtLength,tgtWidth,tgtCoordinates) VALUES('T-5821123','AREA',22,31,'22 96');
INSERT INTO tgtRegistry (tgtNumber,tgtDescription,tgtDTG,tgtReportedBy,tgtSurveillance) VALUES('T-5131124','Selected by JTF','2023-12-4','GROUND','INTERMITTENT');
INSERT INTO tgtFeatures VALUES('T-5131124','SOFT','SEMI_STATIC','UNRESTRICTED','ACTIVE');
INSERT INTO tgtGeometry (tgtNumber,tgtShape,tgtLength,tgtWidth,tgtCoordinates) VALUES('T-5131124','AREA',18,1,'182 97');
INSERT INTO tgtRegistry (tgtNumber,tgtDescription,tgtDTG,tgtReportedBy,tgtSurveillance) VALUES('T-5581125','Selected by JTF','2023-11-21','AIR','CONTINUOUS');
INSERT INTO tgtFeatures VALUES('T-5581125','REINFORCED','STATIC','PROHIBITED','ACTIVE');
INSERT INTO tgtGeometry (tgtNumber,tgtShape,tgtLength,tgtWidth,tgtCoordinates) VALUES('T-5581125','AREA',27,46,'161 20');
INSERT INTO tgtRegistry (tgtNumber,tgtDescription,tgtDTG,tgtReportedBy,tgtSurveillance) VALUES('T-2791126','Selected by JTF','2023-12-21','SATELLITE','NONE');
INSERT INTO tgtFeatures VALUES('T-2791126','HARDENED','STATIC','UNRESTRICTED','ACTIVE');
INSERT INTO tgtGeometry (tgtNumber,tgtShape,tgtLength,tgtWidth,tgtCoordinates) VALUES('T-2791126','POINT',30,36,'170 36');
INSERT INTO tgtRegistry (tgtNumber,tgtDescription,tgtDTG,tgtReportedBy,tgtSurveillance) VALUES('T-8651127','Selected by JTF','2023-11-14','SATELLITE','NONE');
INSERT INTO tgtFeatures VALUES('T-8651127','FORTIFIED','MOBILE','PROHIBITED','INACTIVE');
INSERT INTO tgtGeometry (tgtNumber,tgtShape,tgtLength,tgtWidth,tgtCoordinates) VALUES('T-8651127','AREA',23,19,'82 35');
INSERT INTO tgtRegistry (tgtNumber,tgtDescription,tgtDTG,tgtReportedBy,tgtSurveillance) VALUES('T-5741128','Selected by Cmdr','2023-11-6','INTEL','INTERMITTENT');
INSERT INTO tgtFeatures VALUES('T-5741128','SOFT','MOBILE','RESTRICTED','ACTIVE');
INSERT INTO tgtGeometry (tgtNumber,tgtShape,tgtLength,tgtWidth,tgtCoordinates) VALUES('T-5741128','AREA',30,24,'152 97');
INSERT INTO tgtRegistry (tgtNumber,tgtDescription,tgtDTG,tgtReportedBy,tgtSurveillance) VALUES('T-8751129','Selected by JTF','2023-10-23','GROUND','CONTINUOUS');
INSERT INTO tgtFeatures VALUES('T-8751129','FORTIFIED','STATIC','RESTRICTED','INACTIVE');
INSERT INTO tgtGeometry (tgtNumber,tgtShape,tgtLength,tgtWidth,tgtCoordinates) VALUES('T-8751129','AREA',20,11,'158 37');
INSERT INTO tgtRegistry (tgtNumber,tgtDescription,tgtDTG,tgtReportedBy,tgtSurveillance) VALUES('T-9631130','Selected by Cmdr','2023-11-7','INTEL','NONE');
INSERT INTO tgtFeatures VALUES('T-9631130','REINFORCED','SEMI_STATIC','PROHIBITED','ACTIVE');
INSERT INTO tgtGeometry (tgtNumber,tgtShape,tgtLength,tgtWidth,tgtCoordinates) VALUES('T-9631130','AREA',47,46,'155 69');
INSERT INTO tgtRegistry (tgtNumber,tgtDescription,tgtDTG,tgtReportedBy,tgtSurveillance) VALUES('T-5151131','Selected by JTF','2023-11-22','INTEL','NONE');
INSERT INTO tgtFeatures VALUES('T-5151131','FORTIFIED','STATIC','UNRESTRICTED','ACTIVE');
INSERT INTO tgtGeometry (tgtNumber,tgtShape,tgtLength,tgtWidth,tgtCoordinates) VALUES('T-5151131','POINT',11,9,'91 60');
INSERT INTO tgtRegistry (tgtNumber,tgtDescription,tgtDTG,tgtReportedBy,tgtSurveillance) VALUES('T-9151132','Selected by JTF','2023-10-1','SATELLITE','CONTINUOUS');
INSERT INTO tgtFeatures VALUES('T-9151132','SOFT','MOBILE','UNRESTRICTED','INACTIVE');
INSERT INTO tgtGeometry (tgtNumber,tgtShape,tgtLength,tgtWidth,tgtCoordinates) VALUES('T-9151132','AREA',44,12,'32 63');
INSERT INTO tgtRegistry (tgtNumber,tgtDescription,tgtDTG,tgtReportedBy,tgtSurveillance) VALUES('T-1591133','Selected by JTF','2023-11-23','INTEL','NONE');
INSERT INTO tgtFeatures VALUES('T-1591133','SOFT','HIGHLY_MOBILE','PROHIBITED','INACTIVE');
INSERT INTO tgtGeometry (tgtNumber,tgtShape,tgtLength,tgtWidth,tgtCoordinates) VALUES('T-1591133','POINT',17,38,'74 93');
INSERT INTO tgtRegistry (tgtNumber,tgtDescription,tgtDTG,tgtReportedBy,tgtSurveillance) VALUES('T-4151134','Selected by JTF','2023-10-13','AIR','INTERMITTENT');
INSERT INTO tgtFeatures VALUES('T-4151134','REINFORCED','SEMI_STATIC','RESTRICTED','ACTIVE');
INSERT INTO tgtGeometry (tgtNumber,tgtShape,tgtLength,tgtWidth,tgtCoordinates) VALUES('T-4151134','POINT',5,42,'113 37');
INSERT INTO tgtRegistry (tgtNumber,tgtDescription,tgtDTG,tgtReportedBy,tgtSurveillance) VALUES('T-6611135','Selected by Cmdr','2023-12-8','INTEL','CONTINUOUS');
INSERT INTO tgtFeatures VALUES('T-6611135','SOFT','STATIC','RESTRICTED','ACTIVE');
INSERT INTO tgtGeometry (tgtNumber,tgtShape,tgtLength,tgtWidth,tgtCoordinates) VALUES('T-6611135','POINT',27,24,'85 92');
INSERT INTO tgtRegistry (tgtNumber,tgtDescription,tgtDTG,tgtReportedBy,tgtSurveillance) VALUES('T-8511136','Selected by JTF','2023-12-4','INTEL','INTERMITTENT');
INSERT INTO tgtFeatures VALUES('T-8511136','REINFORCED','STATIC','UNRESTRICTED','INACTIVE');
INSERT INTO tgtGeometry (tgtNumber,tgtShape,tgtLength,tgtWidth,tgtCoordinates) VALUES('T-8511136','AREA',47,32,'192 86');
INSERT INTO tgtRegistry (tgtNumber,tgtDescription,tgtDTG,tgtReportedBy,tgtSurveillance) VALUES('T-4411137','Selected by HHQ','2023-12-21','AIR','CONTINUOUS');
INSERT INTO tgtFeatures VALUES('T-4411137','SOFT','HIGHLY_MOBILE','RESTRICTED','INACTIVE');
INSERT INTO tgtGeometry (tgtNumber,tgtShape,tgtLength,tgtWidth,tgtCoordinates) VALUES('T-4411137','AREA',6,17,'200 74');
INSERT INTO tgtRegistry (tgtNumber,tgtDescription,tgtDTG,tgtReportedBy,tgtSurveillance) VALUES('T-8751138','Selected by Cmdr','2023-12-4','GROUND','INTERMITTENT');
INSERT INTO tgtFeatures VALUES('T-8751138','HARDENED','HIGHLY_MOBILE','RESTRICTED','INACTIVE');
INSERT INTO tgtGeometry (tgtNumber,tgtShape,tgtLength,tgtWidth,tgtCoordinates) VALUES('T-8751138','POINT',26,24,'105 19');
INSERT INTO tgtRegistry (tgtNumber,tgtDescription,tgtDTG,tgtReportedBy,tgtSurveillance) VALUES('T-1891139','Selected by JTF','2023-12-21','SATELLITE','NONE');
INSERT INTO tgtFeatures VALUES('T-1891139','FORTIFIED','STATIC','PROHIBITED','ACTIVE');
INSERT INTO tgtGeometry (tgtNumber,tgtShape,tgtLength,tgtWidth,tgtCoordinates) VALUES('T-1891139','AREA',44,37,'188 51');
INSERT INTO tgtRegistry (tgtNumber,tgtDescription,tgtDTG,tgtReportedBy,tgtSurveillance) VALUES('T-9401140','Selected by HHQ','2023-10-18','AIR','INTERMITTENT');
INSERT INTO tgtFeatures VALUES('T-9401140','FORTIFIED','STATIC','UNRESTRICTED','ACTIVE');
INSERT INTO tgtGeometry (tgtNumber,tgtShape,tgtLength,tgtWidth,tgtCoordinates) VALUES('T-9401140','AREA',39,47,'114 71');
INSERT INTO tgtRegistry (tgtNumber,tgtDescription,tgtDTG,tgtReportedBy,tgtSurveillance) VALUES('T-7871141','Selected by JTF','2023-11-6','SATELLITE','CONTINUOUS');
INSERT INTO tgtFeatures VALUES('T-7871141','HARDENED','HIGHLY_MOBILE','UNRESTRICTED','INACTIVE');
INSERT INTO tgtGeometry (tgtNumber,tgtShape,tgtLength,tgtWidth,tgtCoordinates) VALUES('T-7871141','POINT',42,13,'197 80');
INSERT INTO tgtRegistry (tgtNumber,tgtDescription,tgtDTG,tgtReportedBy,tgtSurveillance) VALUES('T-4171142','Selected by HHQ','2023-10-19','SATELLITE','CONTINUOUS');
INSERT INTO tgtFeatures VALUES('T-4171142','HARDENED','STATIC','RESTRICTED','INACTIVE');
INSERT INTO tgtGeometry (tgtNumber,tgtShape,tgtLength,tgtWidth,tgtCoordinates) VALUES('T-4171142','POINT',12,17,'42 76');
INSERT INTO tgtRegistry (tgtNumber,tgtDescription,tgtDTG,tgtReportedBy,tgtSurveillance) VALUES('T-2771143','Selected by Cmdr','2023-12-7','SATELLITE','CONTINUOUS');
INSERT INTO tgtFeatures VALUES('T-2771143','SOFT','STATIC','RESTRICTED','ACTIVE');
INSERT INTO tgtGeometry (tgtNumber,tgtShape,tgtLength,tgtWidth,tgtCoordinates) VALUES('T-2771143','AREA',23,6,'155 72');
INSERT INTO tgtRegistry (tgtNumber,tgtDescription,tgtDTG,tgtReportedBy,tgtSurveillance) VALUES('T-9091144','Selected by JTF','2023-11-12','AIR','NONE');
INSERT INTO tgtFeatures VALUES('T-9091144','FORTIFIED','HIGHLY_MOBILE','UNRESTRICTED','ACTIVE');
INSERT INTO tgtGeometry (tgtNumber,tgtShape,tgtLength,tgtWidth,tgtCoordinates) VALUES('T-9091144','POINT',36,27,'155 45');
INSERT INTO tgtRegistry (tgtNumber,tgtDescription,tgtDTG,tgtReportedBy,tgtSurveillance) VALUES('T-8751145','Selected by JTF','2023-11-7','GROUND','CONTINUOUS');
INSERT INTO tgtFeatures VALUES('T-8751145','REINFORCED','STATIC','PROHIBITED','ACTIVE');
INSERT INTO tgtGeometry (tgtNumber,tgtShape,tgtLength,tgtWidth,tgtCoordinates) VALUES('T-8751145','POINT',41,42,'186 43');
INSERT INTO tgtRegistry (tgtNumber,tgtDescription,tgtDTG,tgtReportedBy,tgtSurveillance) VALUES('T-1761146','Selected by JTF','2023-10-15','AIR','INTERMITTENT');
INSERT INTO tgtFeatures VALUES('T-1761146','HARDENED','SEMI_STATIC','UNRESTRICTED','INACTIVE');
INSERT INTO tgtGeometry (tgtNumber,tgtShape,tgtLength,tgtWidth,tgtCoordinates) VALUES('T-1761146','AREA',40,24,'176 38');
INSERT INTO tgtRegistry (tgtNumber,tgtDescription,tgtDTG,tgtReportedBy,tgtSurveillance) VALUES('T-1791147','Selected by Cmdr','2023-10-23','SATELLITE','NONE');
INSERT INTO tgtFeatures VALUES('T-1791147','REINFORCED','SEMI_STATIC','UNRESTRICTED','INACTIVE');
INSERT INTO tgtGeometry (tgtNumber,tgtShape,tgtLength,tgtWidth,tgtCoordinates) VALUES('T-1791147','POINT',34,10,'28 81');
INSERT INTO tgtRegistry (tgtNumber,tgtDescription,tgtDTG,tgtReportedBy,tgtSurveillance) VALUES('T-2681148','Selected by Cmdr','2023-11-19','AIR','CONTINUOUS');
INSERT INTO tgtFeatures VALUES('T-2681148','REINFORCED','MOBILE','UNRESTRICTED','INACTIVE');
INSERT INTO tgtGeometry (tgtNumber,tgtShape,tgtLength,tgtWidth,tgtCoordinates) VALUES('T-2681148','AREA',12,10,'185 73');
INSERT INTO tgtRegistry (tgtNumber,tgtDescription,tgtDTG,tgtReportedBy,tgtSurveillance) VALUES('T-5221149','Selected by Cmdr','2023-12-13','INTEL','INTERMITTENT');
INSERT INTO tgtFeatures VALUES('T-5221149','REINFORCED','STATIC','RESTRICTED','ACTIVE');
INSERT INTO tgtGeometry (tgtNumber,tgtShape,tgtLength,tgtWidth,tgtCoordinates) VALUES('T-5221149','POINT',47,45,'72 31');
INSERT INTO tgtRegistry (tgtNumber,tgtDescription,tgtDTG,tgtReportedBy,tgtSurveillance) VALUES('T-4861150','Selected by Cmdr','2023-10-25','AIR','NONE');
INSERT INTO tgtFeatures VALUES('T-4861150','REINFORCED','SEMI_STATIC','RESTRICTED','INACTIVE');
INSERT INTO tgtGeometry (tgtNumber,tgtShape,tgtLength,tgtWidth,tgtCoordinates) VALUES('T-4861150','POINT',29,22,'128 27');
INSERT INTO tgtRegistry (tgtNumber,tgtDescription,tgtDTG,tgtReportedBy,tgtSurveillance) VALUES('T-4871151','Selected by Cmdr','2023-10-2','GROUND','INTERMITTENT');
INSERT INTO tgtFeatures VALUES('T-4871151','FORTIFIED','SEMI_STATIC','PROHIBITED','INACTIVE');
INSERT INTO tgtGeometry (tgtNumber,tgtShape,tgtLength,tgtWidth,tgtCoordinates) VALUES('T-4871151','AREA',15,3,'145 89');
INSERT INTO tgtRegistry (tgtNumber,tgtDescription,tgtDTG,tgtReportedBy,tgtSurveillance) VALUES('T-7861152','Selected by Cmdr','2023-11-20','SATELLITE','CONTINUOUS');
INSERT INTO tgtFeatures VALUES('T-7861152','HARDENED','STATIC','RESTRICTED','ACTIVE');
INSERT INTO tgtGeometry (tgtNumber,tgtShape,tgtLength,tgtWidth,tgtCoordinates) VALUES('T-7861152','AREA',23,29,'66 74');
INSERT INTO tgtRegistry (tgtNumber,tgtDescription,tgtDTG,tgtReportedBy,tgtSurveillance) VALUES('T-1461153','Selected by JTF','2023-11-17','INTEL','INTERMITTENT');
INSERT INTO tgtFeatures VALUES('T-1461153','FORTIFIED','SEMI_STATIC','UNRESTRICTED','ACTIVE');
INSERT INTO tgtGeometry (tgtNumber,tgtShape,tgtLength,tgtWidth,tgtCoordinates) VALUES('T-1461153','AREA',29,5,'56 39');
INSERT INTO tgtRegistry (tgtNumber,tgtDescription,tgtDTG,tgtReportedBy,tgtSurveillance) VALUES('T-3261154','Selected by Cmdr','2023-11-17','GROUND','INTERMITTENT');
INSERT INTO tgtFeatures VALUES('T-3261154','REINFORCED','MOBILE','RESTRICTED','ACTIVE');
INSERT INTO tgtGeometry (tgtNumber,tgtShape,tgtLength,tgtWidth,tgtCoordinates) VALUES('T-3261154','AREA',19,19,'143 92');
INSERT INTO tgtRegistry (tgtNumber,tgtDescription,tgtDTG,tgtReportedBy,tgtSurveillance) VALUES('T-4301155','Selected by Cmdr','2023-12-8','AIR','NONE');
INSERT INTO tgtFeatures VALUES('T-4301155','SOFT','STATIC','PROHIBITED','ACTIVE');
INSERT INTO tgtGeometry (tgtNumber,tgtShape,tgtLength,tgtWidth,tgtCoordinates) VALUES('T-4301155','AREA',35,10,'33 64');
INSERT INTO tgtRegistry (tgtNumber,tgtDescription,tgtDTG,tgtReportedBy,tgtSurveillance) VALUES('T-3121156','Selected by JTF','2023-11-12','INTEL','NONE');
INSERT INTO tgtFeatures VALUES('T-3121156','FORTIFIED','HIGHLY_MOBILE','RESTRICTED','ACTIVE');
INSERT INTO tgtGeometry (tgtNumber,tgtShape,tgtLength,tgtWidth,tgtCoordinates) VALUES('T-3121156','POINT',15,30,'179 62');
INSERT INTO tgtRegistry (tgtNumber,tgtDescription,tgtDTG,tgtReportedBy,tgtSurveillance) VALUES('T-9201157','Selected by HHQ','2023-11-19','GROUND','CONTINUOUS');
INSERT INTO tgtFeatures VALUES('T-9201157','REINFORCED','STATIC','UNRESTRICTED','INACTIVE');
INSERT INTO tgtGeometry (tgtNumber,tgtShape,tgtLength,tgtWidth,tgtCoordinates) VALUES('T-9201157','POINT',43,28,'192 35');
INSERT INTO tgtRegistry (tgtNumber,tgtDescription,tgtDTG,tgtReportedBy,tgtSurveillance) VALUES('T-2761158','Selected by JTF','2023-11-6','GROUND','CONTINUOUS');
INSERT INTO tgtFeatures VALUES('T-2761158','HARDENED','MOBILE','UNRESTRICTED','ACTIVE');
INSERT INTO tgtGeometry (tgtNumber,tgtShape,tgtLength,tgtWidth,tgtCoordinates) VALUES('T-2761158','AREA',9,50,'178 80');
INSERT INTO tgtRegistry (tgtNumber,tgtDescription,tgtDTG,tgtReportedBy,tgtSurveillance) VALUES('T-4791159','Selected by HHQ','2023-12-21','AIR','NONE');
INSERT INTO tgtFeatures VALUES('T-4791159','HARDENED','MOBILE','RESTRICTED','ACTIVE');
INSERT INTO tgtGeometry (tgtNumber,tgtShape,tgtLength,tgtWidth,tgtCoordinates) VALUES('T-4791159','AREA',3,17,'45 39');
INSERT INTO tgtRegistry (tgtNumber,tgtDescription,tgtDTG,tgtReportedBy,tgtSurveillance) VALUES('T-2311160','Selected by HHQ','2023-11-1','INTEL','INTERMITTENT');
INSERT INTO tgtFeatures VALUES('T-2311160','FORTIFIED','SEMI_STATIC','RESTRICTED','ACTIVE');
INSERT INTO tgtGeometry (tgtNumber,tgtShape,tgtLength,tgtWidth,tgtCoordinates) VALUES('T-2311160','AREA',3,20,'188 74');
INSERT INTO tgtRegistry (tgtNumber,tgtDescription,tgtDTG,tgtReportedBy,tgtSurveillance) VALUES('T-3131161','Selected by Cmdr','2023-12-2','SATELLITE','INTERMITTENT');
INSERT INTO tgtFeatures VALUES('T-3131161','FORTIFIED','STATIC','RESTRICTED','INACTIVE');
INSERT INTO tgtGeometry (tgtNumber,tgtShape,tgtLength,tgtWidth,tgtCoordinates) VALUES('T-3131161','AREA',33,22,'117 19');
INSERT INTO tgtRegistry (tgtNumber,tgtDescription,tgtDTG,tgtReportedBy,tgtSurveillance) VALUES('T-6351162','Selected by HHQ','2023-10-19','SATELLITE','INTERMITTENT');
INSERT INTO tgtFeatures VALUES('T-6351162','REINFORCED','STATIC','RESTRICTED','ACTIVE');
INSERT INTO tgtGeometry (tgtNumber,tgtShape,tgtLength,tgtWidth,tgtCoordinates) VALUES('T-6351162','POINT',29,17,'61 20');
INSERT INTO tgtRegistry (tgtNumber,tgtDescription,tgtDTG,tgtReportedBy,tgtSurveillance) VALUES('T-2581163','Selected by HHQ','2023-11-25','INTEL','NONE');
INSERT INTO tgtFeatures VALUES('T-2581163','REINFORCED','HIGHLY_MOBILE','PROHIBITED','INACTIVE');
INSERT INTO tgtGeometry (tgtNumber,tgtShape,tgtLength,tgtWidth,tgtCoordinates) VALUES('T-2581163','POINT',45,34,'80 29');
INSERT INTO tgtRegistry (tgtNumber,tgtDescription,tgtDTG,tgtReportedBy,tgtSurveillance) VALUES('T-5021164','Selected by Cmdr','2023-10-12','AIR','INTERMITTENT');
INSERT INTO tgtFeatures VALUES('T-5021164','FORTIFIED','SEMI_STATIC','RESTRICTED','INACTIVE');
INSERT INTO tgtGeometry (tgtNumber,tgtShape,tgtLength,tgtWidth,tgtCoordinates) VALUES('T-5021164','AREA',50,6,'144 45');
INSERT INTO tgtRegistry (tgtNumber,tgtDescription,tgtDTG,tgtReportedBy,tgtSurveillance) VALUES('T-4111165','Selected by HHQ','2023-12-5','INTEL','NONE');
INSERT INTO tgtFeatures VALUES('T-4111165','SOFT','MOBILE','RESTRICTED','ACTIVE');
INSERT INTO tgtGeometry (tgtNumber,tgtShape,tgtLength,tgtWidth,tgtCoordinates) VALUES('T-4111165','AREA',3,37,'197 97');
INSERT INTO tgtRegistry (tgtNumber,tgtDescription,tgtDTG,tgtReportedBy,tgtSurveillance) VALUES('T-5021166','Selected by JTF','2023-12-4','AIR','INTERMITTENT');
INSERT INTO tgtFeatures VALUES('T-5021166','REINFORCED','STATIC','UNRESTRICTED','ACTIVE');
INSERT INTO tgtGeometry (tgtNumber,tgtShape,tgtLength,tgtWidth,tgtCoordinates) VALUES('T-5021166','POINT',1,39,'71 30');
INSERT INTO tgtRegistry (tgtNumber,tgtDescription,tgtDTG,tgtReportedBy,tgtSurveillance) VALUES('T-1251167','Selected by HHQ','2023-11-3','AIR','CONTINUOUS');
INSERT INTO tgtFeatures VALUES('T-1251167','SOFT','STATIC','UNRESTRICTED','ACTIVE');
INSERT INTO tgtGeometry (tgtNumber,tgtShape,tgtLength,tgtWidth,tgtCoordinates) VALUES('T-1251167','AREA',43,19,'182 76');
INSERT INTO tgtRegistry (tgtNumber,tgtDescription,tgtDTG,tgtReportedBy,tgtSurveillance) VALUES('T-8171168','Selected by HHQ','2023-12-7','AIR','CONTINUOUS');
INSERT INTO tgtFeatures VALUES('T-8171168','HARDENED','MOBILE','UNRESTRICTED','ACTIVE');
INSERT INTO tgtGeometry (tgtNumber,tgtShape,tgtLength,tgtWidth,tgtCoordinates) VALUES('T-8171168','POINT',2,32,'172 85');
INSERT INTO tgtRegistry (tgtNumber,tgtDescription,tgtDTG,tgtReportedBy,tgtSurveillance) VALUES('T-6951169','Selected by HHQ','2023-12-1','SATELLITE','NONE');
INSERT INTO tgtFeatures VALUES('T-6951169','FORTIFIED','MOBILE','UNRESTRICTED','ACTIVE');
INSERT INTO tgtGeometry (tgtNumber,tgtShape,tgtLength,tgtWidth,tgtCoordinates) VALUES('T-6951169','AREA',21,39,'49 37');
INSERT INTO tgtRegistry (tgtNumber,tgtDescription,tgtDTG,tgtReportedBy,tgtSurveillance) VALUES('T-7481170','Selected by Cmdr','2023-12-19','AIR','CONTINUOUS');
INSERT INTO tgtFeatures VALUES('T-7481170','HARDENED','HIGHLY_MOBILE','UNRESTRICTED','INACTIVE');
INSERT INTO tgtGeometry (tgtNumber,tgtShape,tgtLength,tgtWidth,tgtCoordinates) VALUES('T-7481170','AREA',25,7,'167 56');
INSERT INTO tgtRegistry (tgtNumber,tgtDescription,tgtDTG,tgtReportedBy,tgtSurveillance) VALUES('T-3021171','Selected by HHQ','2023-10-17','GROUND','NONE');
INSERT INTO tgtFeatures VALUES('T-3021171','HARDENED','STATIC','PROHIBITED','ACTIVE');
INSERT INTO tgtGeometry (tgtNumber,tgtShape,tgtLength,tgtWidth,tgtCoordinates) VALUES('T-3021171','POINT',37,22,'32 96');
INSERT INTO tgtRegistry (tgtNumber,tgtDescription,tgtDTG,tgtReportedBy,tgtSurveillance) VALUES('T-1881172','Selected by JTF','2023-10-12','INTEL','CONTINUOUS');
INSERT INTO tgtFeatures VALUES('T-1881172','REINFORCED','SEMI_STATIC','UNRESTRICTED','INACTIVE');
INSERT INTO tgtGeometry (tgtNumber,tgtShape,tgtLength,tgtWidth,tgtCoordinates) VALUES('T-1881172','AREA',42,42,'61 34');
INSERT INTO tgtRegistry (tgtNumber,tgtDescription,tgtDTG,tgtReportedBy,tgtSurveillance) VALUES('T-9461173','Selected by Cmdr','2023-11-8','GROUND','NONE');
INSERT INTO tgtFeatures VALUES('T-9461173','FORTIFIED','MOBILE','UNRESTRICTED','ACTIVE');
INSERT INTO tgtGeometry (tgtNumber,tgtShape,tgtLength,tgtWidth,tgtCoordinates) VALUES('T-9461173','AREA',44,28,'177 90');
INSERT INTO tgtRegistry (tgtNumber,tgtDescription,tgtDTG,tgtReportedBy,tgtSurveillance) VALUES('T-6181174','Selected by HHQ','2023-11-11','AIR','INTERMITTENT');
INSERT INTO tgtFeatures VALUES('T-6181174','FORTIFIED','MOBILE','PROHIBITED','INACTIVE');
INSERT INTO tgtGeometry (tgtNumber,tgtShape,tgtLength,tgtWidth,tgtCoordinates) VALUES('T-6181174','AREA',49,36,'137 83');
INSERT INTO tgtRegistry (tgtNumber,tgtDescription,tgtDTG,tgtReportedBy,tgtSurveillance) VALUES('T-1621175','Selected by Cmdr','2023-11-13','AIR','INTERMITTENT');
INSERT INTO tgtFeatures VALUES('T-1621175','SOFT','SEMI_STATIC','UNRESTRICTED','ACTIVE');
INSERT INTO tgtGeometry (tgtNumber,tgtShape,tgtLength,tgtWidth,tgtCoordinates) VALUES('T-1621175','AREA',25,31,'137 73');
INSERT INTO tgtRegistry (tgtNumber,tgtDescription,tgtDTG,tgtReportedBy,tgtSurveillance) VALUES('T-8851176','Selected by Cmdr','2023-12-22','SATELLITE','CONTINUOUS');
INSERT INTO tgtFeatures VALUES('T-8851176','HARDENED','MOBILE','PROHIBITED','INACTIVE');
INSERT INTO tgtGeometry (tgtNumber,tgtShape,tgtLength,tgtWidth,tgtCoordinates) VALUES('T-8851176','AREA',41,20,'95 75');
INSERT INTO tgtRegistry (tgtNumber,tgtDescription,tgtDTG,tgtReportedBy,tgtSurveillance) VALUES('T-4611177','Selected by Cmdr','2023-12-9','GROUND','NONE');
INSERT INTO tgtFeatures VALUES('T-4611177','HARDENED','SEMI_STATIC','PROHIBITED','INACTIVE');
INSERT INTO tgtGeometry (tgtNumber,tgtShape,tgtLength,tgtWidth,tgtCoordinates) VALUES('T-4611177','AREA',3,40,'168 49');
INSERT INTO tgtRegistry (tgtNumber,tgtDescription,tgtDTG,tgtReportedBy,tgtSurveillance) VALUES('T-8791178','Selected by Cmdr','2023-12-13','AIR','NONE');
INSERT INTO tgtFeatures VALUES('T-8791178','HARDENED','HIGHLY_MOBILE','UNRESTRICTED','ACTIVE');
INSERT INTO tgtGeometry (tgtNumber,tgtShape,tgtLength,tgtWidth,tgtCoordinates) VALUES('T-8791178','POINT',19,1,'120 37');
INSERT INTO tgtRegistry (tgtNumber,tgtDescription,tgtDTG,tgtReportedBy,tgtSurveillance) VALUES('T-9131179','Selected by JTF','2023-12-3','SATELLITE','INTERMITTENT');
INSERT INTO tgtFeatures VALUES('T-9131179','HARDENED','HIGHLY_MOBILE','PROHIBITED','INACTIVE');
INSERT INTO tgtGeometry (tgtNumber,tgtShape,tgtLength,tgtWidth,tgtCoordinates) VALUES('T-9131179','AREA',41,17,'192 32');
INSERT INTO tgtRegistry (tgtNumber,tgtDescription,tgtDTG,tgtReportedBy,tgtSurveillance) VALUES('T-4391180','Selected by Cmdr','2023-11-5','GROUND','CONTINUOUS');
INSERT INTO tgtFeatures VALUES('T-4391180','FORTIFIED','STATIC','RESTRICTED','ACTIVE');
INSERT INTO tgtGeometry (tgtNumber,tgtShape,tgtLength,tgtWidth,tgtCoordinates) VALUES('T-4391180','POINT',8,25,'195 54');
INSERT INTO tgtRegistry (tgtNumber,tgtDescription,tgtDTG,tgtReportedBy,tgtSurveillance) VALUES('T-2561181','Selected by Cmdr','2023-12-14','GROUND','NONE');
INSERT INTO tgtFeatures VALUES('T-2561181','REINFORCED','MOBILE','UNRESTRICTED','ACTIVE');
INSERT INTO tgtGeometry (tgtNumber,tgtShape,tgtLength,tgtWidth,tgtCoordinates) VALUES('T-2561181','POINT',29,16,'97 92');
INSERT INTO tgtRegistry (tgtNumber,tgtDescription,tgtDTG,tgtReportedBy,tgtSurveillance) VALUES('T-3761182','Selected by HHQ','2023-12-20','AIR','NONE');
INSERT INTO tgtFeatures VALUES('T-3761182','SOFT','SEMI_STATIC','UNRESTRICTED','INACTIVE');
INSERT INTO tgtGeometry (tgtNumber,tgtShape,tgtLength,tgtWidth,tgtCoordinates) VALUES('T-3761182','AREA',37,28,'66 99');
INSERT INTO tgtRegistry (tgtNumber,tgtDescription,tgtDTG,tgtReportedBy,tgtSurveillance) VALUES('T-3131183','Selected by Cmdr','2023-10-10','AIR','INTERMITTENT');
INSERT INTO tgtFeatures VALUES('T-3131183','FORTIFIED','SEMI_STATIC','UNRESTRICTED','INACTIVE');
INSERT INTO tgtGeometry (tgtNumber,tgtShape,tgtLength,tgtWidth,tgtCoordinates) VALUES('T-3131183','AREA',13,42,'111 49');
INSERT INTO tgtRegistry (tgtNumber,tgtDescription,tgtDTG,tgtReportedBy,tgtSurveillance) VALUES('T-2531184','Selected by HHQ','2023-12-10','AIR','INTERMITTENT');
INSERT INTO tgtFeatures VALUES('T-2531184','SOFT','MOBILE','RESTRICTED','INACTIVE');
INSERT INTO tgtGeometry (tgtNumber,tgtShape,tgtLength,tgtWidth,tgtCoordinates) VALUES('T-2531184','AREA',46,8,'191 96');
INSERT INTO tgtRegistry (tgtNumber,tgtDescription,tgtDTG,tgtReportedBy,tgtSurveillance) VALUES('T-4671185','Selected by Cmdr','2023-10-4','GROUND','INTERMITTENT');
INSERT INTO tgtFeatures VALUES('T-4671185','FORTIFIED','STATIC','UNRESTRICTED','INACTIVE');
INSERT INTO tgtGeometry (tgtNumber,tgtShape,tgtLength,tgtWidth,tgtCoordinates) VALUES('T-4671185','POINT',38,20,'159 59');
INSERT INTO tgtRegistry (tgtNumber,tgtDescription,tgtDTG,tgtReportedBy,tgtSurveillance) VALUES('T-2291186','Selected by HHQ','2023-11-7','GROUND','CONTINUOUS');
INSERT INTO tgtFeatures VALUES('T-2291186','FORTIFIED','MOBILE','RESTRICTED','INACTIVE');
INSERT INTO tgtGeometry (tgtNumber,tgtShape,tgtLength,tgtWidth,tgtCoordinates) VALUES('T-2291186','AREA',41,39,'175 77');
INSERT INTO tgtRegistry (tgtNumber,tgtDescription,tgtDTG,tgtReportedBy,tgtSurveillance) VALUES('T-4821187','Selected by JTF','2023-11-23','SATELLITE','INTERMITTENT');
INSERT INTO tgtFeatures VALUES('T-4821187','REINFORCED','MOBILE','RESTRICTED','INACTIVE');
INSERT INTO tgtGeometry (tgtNumber,tgtShape,tgtLength,tgtWidth,tgtCoordinates) VALUES('T-4821187','AREA',7,43,'63 10');
INSERT INTO tgtRegistry (tgtNumber,tgtDescription,tgtDTG,tgtReportedBy,tgtSurveillance) VALUES('T-5751188','Selected by Cmdr','2023-10-11','AIR','NONE');
INSERT INTO tgtFeatures VALUES('T-5751188','REINFORCED','HIGHLY_MOBILE','PROHIBITED','INACTIVE');
INSERT INTO tgtGeometry (tgtNumber,tgtShape,tgtLength,tgtWidth,tgtCoordinates) VALUES('T-5751188','AREA',3,37,'166 41');
INSERT INTO tgtRegistry (tgtNumber,tgtDescription,tgtDTG,tgtReportedBy,tgtSurveillance) VALUES('T-9421189','Selected by JTF','2023-10-3','AIR','NONE');
INSERT INTO tgtFeatures VALUES('T-9421189','HARDENED','MOBILE','PROHIBITED','ACTIVE');
INSERT INTO tgtGeometry (tgtNumber,tgtShape,tgtLength,tgtWidth,tgtCoordinates) VALUES('T-9421189','AREA',34,22,'172 23');
INSERT INTO tgtRegistry (tgtNumber,tgtDescription,tgtDTG,tgtReportedBy,tgtSurveillance) VALUES('T-6021190','Selected by Cmdr','2023-10-17','SATELLITE','CONTINUOUS');
INSERT INTO tgtFeatures VALUES('T-6021190','HARDENED','HIGHLY_MOBILE','UNRESTRICTED','INACTIVE');
INSERT INTO tgtGeometry (tgtNumber,tgtShape,tgtLength,tgtWidth,tgtCoordinates) VALUES('T-6021190','POINT',34,23,'173 100');
INSERT INTO tgtRegistry (tgtNumber,tgtDescription,tgtDTG,tgtReportedBy,tgtSurveillance) VALUES('T-8581191','Selected by Cmdr','2023-12-22','SATELLITE','CONTINUOUS');
INSERT INTO tgtFeatures VALUES('T-8581191','FORTIFIED','SEMI_STATIC','UNRESTRICTED','INACTIVE');
INSERT INTO tgtGeometry (tgtNumber,tgtShape,tgtLength,tgtWidth,tgtCoordinates) VALUES('T-8581191','POINT',17,8,'178 60');
INSERT INTO tgtRegistry (tgtNumber,tgtDescription,tgtDTG,tgtReportedBy,tgtSurveillance) VALUES('T-1921192','Selected by JTF','2023-12-6','GROUND','CONTINUOUS');
INSERT INTO tgtFeatures VALUES('T-1921192','FORTIFIED','MOBILE','UNRESTRICTED','INACTIVE');
INSERT INTO tgtGeometry (tgtNumber,tgtShape,tgtLength,tgtWidth,tgtCoordinates) VALUES('T-1921192','POINT',25,22,'182 97');
INSERT INTO tgtRegistry (tgtNumber,tgtDescription,tgtDTG,tgtReportedBy,tgtSurveillance) VALUES('T-6131193','Selected by JTF','2023-11-19','INTEL','NONE');
INSERT INTO tgtFeatures VALUES('T-6131193','REINFORCED','MOBILE','UNRESTRICTED','ACTIVE');
INSERT INTO tgtGeometry (tgtNumber,tgtShape,tgtLength,tgtWidth,tgtCoordinates) VALUES('T-6131193','POINT',13,29,'170 65');
INSERT INTO tgtRegistry (tgtNumber,tgtDescription,tgtDTG,tgtReportedBy,tgtSurveillance) VALUES('T-4721194','Selected by JTF','2023-10-8','AIR','INTERMITTENT');
INSERT INTO tgtFeatures VALUES('T-4721194','HARDENED','HIGHLY_MOBILE','RESTRICTED','ACTIVE');
INSERT INTO tgtGeometry (tgtNumber,tgtShape,tgtLength,tgtWidth,tgtCoordinates) VALUES('T-4721194','POINT',41,43,'194 47');
INSERT INTO tgtRegistry (tgtNumber,tgtDescription,tgtDTG,tgtReportedBy,tgtSurveillance) VALUES('T-5881195','Selected by JTF','2023-12-20','INTEL','CONTINUOUS');
INSERT INTO tgtFeatures VALUES('T-5881195','FORTIFIED','HIGHLY_MOBILE','RESTRICTED','ACTIVE');
INSERT INTO tgtGeometry (tgtNumber,tgtShape,tgtLength,tgtWidth,tgtCoordinates) VALUES('T-5881195','POINT',49,31,'141 39');
INSERT INTO tgtRegistry (tgtNumber,tgtDescription,tgtDTG,tgtReportedBy,tgtSurveillance) VALUES('T-2191196','Selected by HHQ','2023-12-4','INTEL','CONTINUOUS');
INSERT INTO tgtFeatures VALUES('T-2191196','HARDENED','HIGHLY_MOBILE','UNRESTRICTED','ACTIVE');
INSERT INTO tgtGeometry (tgtNumber,tgtShape,tgtLength,tgtWidth,tgtCoordinates) VALUES('T-2191196','POINT',7,42,'168 99');
INSERT INTO tgtRegistry (tgtNumber,tgtDescription,tgtDTG,tgtReportedBy,tgtSurveillance) VALUES('T-2611197','Selected by HHQ','2023-12-3','AIR','INTERMITTENT');
INSERT INTO tgtFeatures VALUES('T-2611197','HARDENED','STATIC','RESTRICTED','ACTIVE');
INSERT INTO tgtGeometry (tgtNumber,tgtShape,tgtLength,tgtWidth,tgtCoordinates) VALUES('T-2611197','AREA',48,38,'78 32');
INSERT INTO tgtRegistry (tgtNumber,tgtDescription,tgtDTG,tgtReportedBy,tgtSurveillance) VALUES('T-5951198','Selected by HHQ','2023-10-16','GROUND','INTERMITTENT');
INSERT INTO tgtFeatures VALUES('T-5951198','FORTIFIED','HIGHLY_MOBILE','RESTRICTED','ACTIVE');
INSERT INTO tgtGeometry (tgtNumber,tgtShape,tgtLength,tgtWidth,tgtCoordinates) VALUES('T-5951198','AREA',17,29,'49 85');
INSERT INTO tgtRegistry (tgtNumber,tgtDescription,tgtDTG,tgtReportedBy,tgtSurveillance) VALUES('T-6411199','Selected by Cmdr','2023-10-6','INTEL','INTERMITTENT');
INSERT INTO tgtFeatures VALUES('T-6411199','HARDENED','STATIC','RESTRICTED','INACTIVE');
INSERT INTO tgtGeometry (tgtNumber,tgtShape,tgtLength,tgtWidth,tgtCoordinates) VALUES('T-6411199','AREA',26,41,'199 63');
INSERT INTO tgtRegistry (tgtNumber,tgtDescription,tgtDTG,tgtReportedBy,tgtSurveillance) VALUES('T-7911200','Selected by Cmdr','2023-11-7','SATELLITE','INTERMITTENT');
INSERT INTO tgtFeatures VALUES('T-7911200','HARDENED','MOBILE','UNRESTRICTED','ACTIVE');
INSERT INTO tgtGeometry (tgtNumber,tgtShape,tgtLength,tgtWidth,tgtCoordinates) VALUES('T-7911200','POINT',32,3,'139 73');
INSERT INTO tgtRegistry (tgtNumber,tgtDescription,tgtDTG,tgtReportedBy,tgtSurveillance) VALUES('T-3361201','Selected by JTF','2023-12-3','INTEL','NONE');
INSERT INTO tgtFeatures VALUES('T-3361201','REINFORCED','SEMI_STATIC','RESTRICTED','INACTIVE');
INSERT INTO tgtGeometry (tgtNumber,tgtShape,tgtLength,tgtWidth,tgtCoordinates) VALUES('T-3361201','POINT',49,43,'198 17');
INSERT INTO tgtRegistry (tgtNumber,tgtDescription,tgtDTG,tgtReportedBy,tgtSurveillance) VALUES('T-2651202','Selected by JTF','2023-11-22','INTEL','CONTINUOUS');
INSERT INTO tgtFeatures VALUES('T-2651202','REINFORCED','STATIC','RESTRICTED','ACTIVE');
INSERT INTO tgtGeometry (tgtNumber,tgtShape,tgtLength,tgtWidth,tgtCoordinates) VALUES('T-2651202','POINT',15,28,'106 71');
INSERT INTO tgtRegistry (tgtNumber,tgtDescription,tgtDTG,tgtReportedBy,tgtSurveillance) VALUES('T-3011203','Selected by HHQ','2023-10-18','AIR','NONE');
INSERT INTO tgtFeatures VALUES('T-3011203','HARDENED','STATIC','PROHIBITED','INACTIVE');
INSERT INTO tgtGeometry (tgtNumber,tgtShape,tgtLength,tgtWidth,tgtCoordinates) VALUES('T-3011203','POINT',36,46,'169 83');
INSERT INTO tgtRegistry (tgtNumber,tgtDescription,tgtDTG,tgtReportedBy,tgtSurveillance) VALUES('T-4101204','Selected by JTF','2023-12-1','INTEL','CONTINUOUS');
INSERT INTO tgtFeatures VALUES('T-4101204','SOFT','HIGHLY_MOBILE','RESTRICTED','INACTIVE');
INSERT INTO tgtGeometry (tgtNumber,tgtShape,tgtLength,tgtWidth,tgtCoordinates) VALUES('T-4101204','AREA',36,5,'99 37');
INSERT INTO tgtRegistry (tgtNumber,tgtDescription,tgtDTG,tgtReportedBy,tgtSurveillance) VALUES('T-7021205','Selected by HHQ','2023-11-24','GROUND','INTERMITTENT');
INSERT INTO tgtFeatures VALUES('T-7021205','SOFT','MOBILE','RESTRICTED','INACTIVE');
INSERT INTO tgtGeometry (tgtNumber,tgtShape,tgtLength,tgtWidth,tgtCoordinates) VALUES('T-7021205','POINT',42,6,'40 31');
INSERT INTO tgtRegistry (tgtNumber,tgtDescription,tgtDTG,tgtReportedBy,tgtSurveillance) VALUES('T-4611206','Selected by HHQ','2023-12-16','SATELLITE','NONE');
INSERT INTO tgtFeatures VALUES('T-4611206','FORTIFIED','STATIC','PROHIBITED','ACTIVE');
INSERT INTO tgtGeometry (tgtNumber,tgtShape,tgtLength,tgtWidth,tgtCoordinates) VALUES('T-4611206','POINT',10,30,'141 48');
INSERT INTO tgtRegistry (tgtNumber,tgtDescription,tgtDTG,tgtReportedBy,tgtSurveillance) VALUES('T-3801207','Selected by Cmdr','2023-10-7','INTEL','NONE');
INSERT INTO tgtFeatures VALUES('T-3801207','HARDENED','HIGHLY_MOBILE','PROHIBITED','ACTIVE');
INSERT INTO tgtGeometry (tgtNumber,tgtShape,tgtLength,tgtWidth,tgtCoordinates) VALUES('T-3801207','AREA',49,21,'178 81');
INSERT INTO tgtRegistry (tgtNumber,tgtDescription,tgtDTG,tgtReportedBy,tgtSurveillance) VALUES('T-5071208','Selected by HHQ','2023-10-13','SATELLITE','CONTINUOUS');
INSERT INTO tgtFeatures VALUES('T-5071208','SOFT','HIGHLY_MOBILE','RESTRICTED','INACTIVE');
INSERT INTO tgtGeometry (tgtNumber,tgtShape,tgtLength,tgtWidth,tgtCoordinates) VALUES('T-5071208','POINT',19,49,'107 60');
INSERT INTO tgtRegistry (tgtNumber,tgtDescription,tgtDTG,tgtReportedBy,tgtSurveillance) VALUES('T-6091209','Selected by HHQ','2023-12-23','INTEL','INTERMITTENT');
INSERT INTO tgtFeatures VALUES('T-6091209','FORTIFIED','HIGHLY_MOBILE','RESTRICTED','INACTIVE');
INSERT INTO tgtGeometry (tgtNumber,tgtShape,tgtLength,tgtWidth,tgtCoordinates) VALUES('T-6091209','POINT',24,48,'144 76');
INSERT INTO tgtRegistry (tgtNumber,tgtDescription,tgtDTG,tgtReportedBy,tgtSurveillance) VALUES('T-8141210','Selected by Cmdr','2023-12-14','SATELLITE','NONE');
INSERT INTO tgtFeatures VALUES('T-8141210','SOFT','HIGHLY_MOBILE','PROHIBITED','ACTIVE');
INSERT INTO tgtGeometry (tgtNumber,tgtShape,tgtLength,tgtWidth,tgtCoordinates) VALUES('T-8141210','POINT',22,31,'113 51');
INSERT INTO tgtRegistry (tgtNumber,tgtDescription,tgtDTG,tgtReportedBy,tgtSurveillance) VALUES('T-8671211','Selected by HHQ','2023-11-21','SATELLITE','INTERMITTENT');
INSERT INTO tgtFeatures VALUES('T-8671211','SOFT','HIGHLY_MOBILE','RESTRICTED','ACTIVE');
INSERT INTO tgtGeometry (tgtNumber,tgtShape,tgtLength,tgtWidth,tgtCoordinates) VALUES('T-8671211','AREA',24,40,'104 85');
INSERT INTO tgtRegistry (tgtNumber,tgtDescription,tgtDTG,tgtReportedBy,tgtSurveillance) VALUES('T-1511212','Selected by Cmdr','2023-12-25','AIR','INTERMITTENT');
INSERT INTO tgtFeatures VALUES('T-1511212','FORTIFIED','HIGHLY_MOBILE','PROHIBITED','INACTIVE');
INSERT INTO tgtGeometry (tgtNumber,tgtShape,tgtLength,tgtWidth,tgtCoordinates) VALUES('T-1511212','AREA',22,45,'125 50');
INSERT INTO tgtRegistry (tgtNumber,tgtDescription,tgtDTG,tgtReportedBy,tgtSurveillance) VALUES('T-9931213','Selected by Cmdr','2023-12-14','SATELLITE','INTERMITTENT');
INSERT INTO tgtFeatures VALUES('T-9931213','REINFORCED','STATIC','PROHIBITED','INACTIVE');
INSERT INTO tgtGeometry (tgtNumber,tgtShape,tgtLength,tgtWidth,tgtCoordinates) VALUES('T-9931213','POINT',45,24,'35 76');
INSERT INTO tgtRegistry (tgtNumber,tgtDescription,tgtDTG,tgtReportedBy,tgtSurveillance) VALUES('T-6701214','Selected by HHQ','2023-10-25','INTEL','CONTINUOUS');
INSERT INTO tgtFeatures VALUES('T-6701214','REINFORCED','HIGHLY_MOBILE','RESTRICTED','ACTIVE');
INSERT INTO tgtGeometry (tgtNumber,tgtShape,tgtLength,tgtWidth,tgtCoordinates) VALUES('T-6701214','POINT',18,25,'188 42');
INSERT INTO tgtRegistry (tgtNumber,tgtDescription,tgtDTG,tgtReportedBy,tgtSurveillance) VALUES('T-2031215','Selected by Cmdr','2023-12-3','INTEL','INTERMITTENT');
INSERT INTO tgtFeatures VALUES('T-2031215','SOFT','STATIC','UNRESTRICTED','ACTIVE');
INSERT INTO tgtGeometry (tgtNumber,tgtShape,tgtLength,tgtWidth,tgtCoordinates) VALUES('T-2031215','POINT',16,30,'158 83');
INSERT INTO tgtRegistry (tgtNumber,tgtDescription,tgtDTG,tgtReportedBy,tgtSurveillance) VALUES('T-6871216','Selected by Cmdr','2023-11-8','INTEL','CONTINUOUS');
INSERT INTO tgtFeatures VALUES('T-6871216','SOFT','SEMI_STATIC','UNRESTRICTED','ACTIVE');
INSERT INTO tgtGeometry (tgtNumber,tgtShape,tgtLength,tgtWidth,tgtCoordinates) VALUES('T-6871216','POINT',40,40,'20 70');
INSERT INTO tgtRegistry (tgtNumber,tgtDescription,tgtDTG,tgtReportedBy,tgtSurveillance) VALUES('T-3751217','Selected by HHQ','2023-12-17','GROUND','CONTINUOUS');
INSERT INTO tgtFeatures VALUES('T-3751217','HARDENED','SEMI_STATIC','UNRESTRICTED','INACTIVE');
INSERT INTO tgtGeometry (tgtNumber,tgtShape,tgtLength,tgtWidth,tgtCoordinates) VALUES('T-3751217','AREA',18,16,'191 25');
INSERT INTO tgtRegistry (tgtNumber,tgtDescription,tgtDTG,tgtReportedBy,tgtSurveillance) VALUES('T-6191218','Selected by JTF','2023-11-15','GROUND','INTERMITTENT');
INSERT INTO tgtFeatures VALUES('T-6191218','FORTIFIED','HIGHLY_MOBILE','PROHIBITED','ACTIVE');
INSERT INTO tgtGeometry (tgtNumber,tgtShape,tgtLength,tgtWidth,tgtCoordinates) VALUES('T-6191218','POINT',8,11,'82 43');
INSERT INTO tgtRegistry (tgtNumber,tgtDescription,tgtDTG,tgtReportedBy,tgtSurveillance) VALUES('T-3021219','Selected by Cmdr','2023-10-24','AIR','CONTINUOUS');
INSERT INTO tgtFeatures VALUES('T-3021219','HARDENED','HIGHLY_MOBILE','PROHIBITED','INACTIVE');
INSERT INTO tgtGeometry (tgtNumber,tgtShape,tgtLength,tgtWidth,tgtCoordinates) VALUES('T-3021219','POINT',7,4,'60 52');
INSERT INTO tgtRegistry (tgtNumber,tgtDescription,tgtDTG,tgtReportedBy,tgtSurveillance) VALUES('T-1691220','Selected by HHQ','2023-10-6','SATELLITE','CONTINUOUS');
INSERT INTO tgtFeatures VALUES('T-1691220','FORTIFIED','STATIC','RESTRICTED','ACTIVE');
INSERT INTO tgtGeometry (tgtNumber,tgtShape,tgtLength,tgtWidth,tgtCoordinates) VALUES('T-1691220','POINT',49,21,'163 48');
INSERT INTO tgtRegistry (tgtNumber,tgtDescription,tgtDTG,tgtReportedBy,tgtSurveillance) VALUES('T-5511221','Selected by HHQ','2023-12-2','GROUND','INTERMITTENT');
INSERT INTO tgtFeatures VALUES('T-5511221','SOFT','SEMI_STATIC','PROHIBITED','INACTIVE');
INSERT INTO tgtGeometry (tgtNumber,tgtShape,tgtLength,tgtWidth,tgtCoordinates) VALUES('T-5511221','AREA',16,29,'173 31');
INSERT INTO tgtRegistry (tgtNumber,tgtDescription,tgtDTG,tgtReportedBy,tgtSurveillance) VALUES('T-3731222','Selected by Cmdr','2023-10-23','AIR','CONTINUOUS');
INSERT INTO tgtFeatures VALUES('T-3731222','HARDENED','MOBILE','PROHIBITED','ACTIVE');
INSERT INTO tgtGeometry (tgtNumber,tgtShape,tgtLength,tgtWidth,tgtCoordinates) VALUES('T-3731222','POINT',5,35,'108 96');
INSERT INTO tgtRegistry (tgtNumber,tgtDescription,tgtDTG,tgtReportedBy,tgtSurveillance) VALUES('T-2251223','Selected by JTF','2023-11-19','GROUND','INTERMITTENT');
INSERT INTO tgtFeatures VALUES('T-2251223','FORTIFIED','SEMI_STATIC','RESTRICTED','INACTIVE');
INSERT INTO tgtGeometry (tgtNumber,tgtShape,tgtLength,tgtWidth,tgtCoordinates) VALUES('T-2251223','POINT',21,32,'119 88');
INSERT INTO tgtRegistry (tgtNumber,tgtDescription,tgtDTG,tgtReportedBy,tgtSurveillance) VALUES('T-7301224','Selected by Cmdr','2023-11-15','SATELLITE','NONE');
INSERT INTO tgtFeatures VALUES('T-7301224','HARDENED','SEMI_STATIC','UNRESTRICTED','ACTIVE');
INSERT INTO tgtGeometry (tgtNumber,tgtShape,tgtLength,tgtWidth,tgtCoordinates) VALUES('T-7301224','POINT',9,28,'195 30');
INSERT INTO tgtRegistry (tgtNumber,tgtDescription,tgtDTG,tgtReportedBy,tgtSurveillance) VALUES('T-2861225','Selected by Cmdr','2023-11-19','AIR','INTERMITTENT');
INSERT INTO tgtFeatures VALUES('T-2861225','REINFORCED','HIGHLY_MOBILE','UNRESTRICTED','ACTIVE');
INSERT INTO tgtGeometry (tgtNumber,tgtShape,tgtLength,tgtWidth,tgtCoordinates) VALUES('T-2861225','POINT',23,37,'107 65');
INSERT INTO tgtRegistry (tgtNumber,tgtDescription,tgtDTG,tgtReportedBy,tgtSurveillance) VALUES('T-1961226','Selected by HHQ','2023-10-25','GROUND','CONTINUOUS');
INSERT INTO tgtFeatures VALUES('T-1961226','FORTIFIED','HIGHLY_MOBILE','UNRESTRICTED','ACTIVE');
INSERT INTO tgtGeometry (tgtNumber,tgtShape,tgtLength,tgtWidth,tgtCoordinates) VALUES('T-1961226','POINT',16,7,'27 83');
INSERT INTO tgtRegistry (tgtNumber,tgtDescription,tgtDTG,tgtReportedBy,tgtSurveillance) VALUES('T-2471227','Selected by JTF','2023-12-12','GROUND','NONE');
INSERT INTO tgtFeatures VALUES('T-2471227','HARDENED','STATIC','UNRESTRICTED','INACTIVE');
INSERT INTO tgtGeometry (tgtNumber,tgtShape,tgtLength,tgtWidth,tgtCoordinates) VALUES('T-2471227','POINT',30,15,'108 86');
INSERT INTO tgtRegistry (tgtNumber,tgtDescription,tgtDTG,tgtReportedBy,tgtSurveillance) VALUES('T-3411228','Selected by Cmdr','2023-12-7','AIR','INTERMITTENT');
INSERT INTO tgtFeatures VALUES('T-3411228','HARDENED','HIGHLY_MOBILE','PROHIBITED','ACTIVE');
INSERT INTO tgtGeometry (tgtNumber,tgtShape,tgtLength,tgtWidth,tgtCoordinates) VALUES('T-3411228','AREA',18,28,'65 55');
INSERT INTO tgtRegistry (tgtNumber,tgtDescription,tgtDTG,tgtReportedBy,tgtSurveillance) VALUES('T-2041229','Selected by JTF','2023-12-22','SATELLITE','INTERMITTENT');
INSERT INTO tgtFeatures VALUES('T-2041229','REINFORCED','STATIC','PROHIBITED','INACTIVE');
INSERT INTO tgtGeometry (tgtNumber,tgtShape,tgtLength,tgtWidth,tgtCoordinates) VALUES('T-2041229','AREA',48,2,'45 91');
INSERT INTO tgtRegistry (tgtNumber,tgtDescription,tgtDTG,tgtReportedBy,tgtSurveillance) VALUES('T-2471230','Selected by Cmdr','2023-10-15','INTEL','NONE');
INSERT INTO tgtFeatures VALUES('T-2471230','SOFT','MOBILE','RESTRICTED','INACTIVE');
INSERT INTO tgtGeometry (tgtNumber,tgtShape,tgtLength,tgtWidth,tgtCoordinates) VALUES('T-2471230','POINT',23,42,'54 56');
INSERT INTO tgtRegistry (tgtNumber,tgtDescription,tgtDTG,tgtReportedBy,tgtSurveillance) VALUES('T-4711231','Selected by HHQ','2023-10-25','INTEL','NONE');
INSERT INTO tgtFeatures VALUES('T-4711231','SOFT','HIGHLY_MOBILE','RESTRICTED','INACTIVE');
INSERT INTO tgtGeometry (tgtNumber,tgtShape,tgtLength,tgtWidth,tgtCoordinates) VALUES('T-4711231','AREA',40,44,'150 42');
INSERT INTO tgtRegistry (tgtNumber,tgtDescription,tgtDTG,tgtReportedBy,tgtSurveillance) VALUES('T-7081232','Selected by JTF','2023-12-23','AIR','CONTINUOUS');
INSERT INTO tgtFeatures VALUES('T-7081232','SOFT','MOBILE','PROHIBITED','INACTIVE');
INSERT INTO tgtGeometry (tgtNumber,tgtShape,tgtLength,tgtWidth,tgtCoordinates) VALUES('T-7081232','POINT',44,31,'20 41');
INSERT INTO tgtRegistry (tgtNumber,tgtDescription,tgtDTG,tgtReportedBy,tgtSurveillance) VALUES('T-4461233','Selected by HHQ','2023-10-8','GROUND','NONE');
INSERT INTO tgtFeatures VALUES('T-4461233','REINFORCED','MOBILE','PROHIBITED','INACTIVE');
INSERT INTO tgtGeometry (tgtNumber,tgtShape,tgtLength,tgtWidth,tgtCoordinates) VALUES('T-4461233','POINT',33,18,'132 30');
INSERT INTO tgtRegistry (tgtNumber,tgtDescription,tgtDTG,tgtReportedBy,tgtSurveillance) VALUES('T-3171234','Selected by HHQ','2023-10-11','SATELLITE','CONTINUOUS');
INSERT INTO tgtFeatures VALUES('T-3171234','SOFT','STATIC','UNRESTRICTED','INACTIVE');
INSERT INTO tgtGeometry (tgtNumber,tgtShape,tgtLength,tgtWidth,tgtCoordinates) VALUES('T-3171234','AREA',20,30,'127 37');
INSERT INTO tgtRegistry (tgtNumber,tgtDescription,tgtDTG,tgtReportedBy,tgtSurveillance) VALUES('T-3741235','Selected by HHQ','2023-11-5','SATELLITE','CONTINUOUS');
INSERT INTO tgtFeatures VALUES('T-3741235','HARDENED','STATIC','UNRESTRICTED','INACTIVE');
INSERT INTO tgtGeometry (tgtNumber,tgtShape,tgtLength,tgtWidth,tgtCoordinates) VALUES('T-3741235','POINT',13,12,'172 39');
INSERT INTO tgtRegistry (tgtNumber,tgtDescription,tgtDTG,tgtReportedBy,tgtSurveillance) VALUES('T-8151236','Selected by Cmdr','2023-11-7','SATELLITE','NONE');
INSERT INTO tgtFeatures VALUES('T-8151236','FORTIFIED','SEMI_STATIC','UNRESTRICTED','ACTIVE');
INSERT INTO tgtGeometry (tgtNumber,tgtShape,tgtLength,tgtWidth,tgtCoordinates) VALUES('T-8151236','AREA',13,8,'56 43');
INSERT INTO tgtRegistry (tgtNumber,tgtDescription,tgtDTG,tgtReportedBy,tgtSurveillance) VALUES('T-2551237','Selected by JTF','2023-11-19','INTEL','NONE');
INSERT INTO tgtFeatures VALUES('T-2551237','REINFORCED','SEMI_STATIC','UNRESTRICTED','ACTIVE');
INSERT INTO tgtGeometry (tgtNumber,tgtShape,tgtLength,tgtWidth,tgtCoordinates) VALUES('T-2551237','POINT',25,3,'158 40');
INSERT INTO tgtRegistry (tgtNumber,tgtDescription,tgtDTG,tgtReportedBy,tgtSurveillance) VALUES('T-6131238','Selected by JTF','2023-12-20','SATELLITE','INTERMITTENT');
INSERT INTO tgtFeatures VALUES('T-6131238','HARDENED','STATIC','PROHIBITED','ACTIVE');
INSERT INTO tgtGeometry (tgtNumber,tgtShape,tgtLength,tgtWidth,tgtCoordinates) VALUES('T-6131238','AREA',15,29,'83 18');
INSERT INTO tgtRegistry (tgtNumber,tgtDescription,tgtDTG,tgtReportedBy,tgtSurveillance) VALUES('T-5111239','Selected by Cmdr','2023-12-8','GROUND','NONE');
INSERT INTO tgtFeatures VALUES('T-5111239','FORTIFIED','MOBILE','RESTRICTED','INACTIVE');
INSERT INTO tgtGeometry (tgtNumber,tgtShape,tgtLength,tgtWidth,tgtCoordinates) VALUES('T-5111239','AREA',36,27,'55 17');
INSERT INTO tgtRegistry (tgtNumber,tgtDescription,tgtDTG,tgtReportedBy,tgtSurveillance) VALUES('T-4301240','Selected by JTF','2023-10-15','GROUND','INTERMITTENT');
INSERT INTO tgtFeatures VALUES('T-4301240','SOFT','SEMI_STATIC','RESTRICTED','ACTIVE');
INSERT INTO tgtGeometry (tgtNumber,tgtShape,tgtLength,tgtWidth,tgtCoordinates) VALUES('T-4301240','POINT',17,38,'164 20');
INSERT INTO tgtRegistry (tgtNumber,tgtDescription,tgtDTG,tgtReportedBy,tgtSurveillance) VALUES('T-7421241','Selected by Cmdr','2023-12-17','AIR','CONTINUOUS');
INSERT INTO tgtFeatures VALUES('T-7421241','HARDENED','SEMI_STATIC','UNRESTRICTED','INACTIVE');
INSERT INTO tgtGeometry (tgtNumber,tgtShape,tgtLength,tgtWidth,tgtCoordinates) VALUES('T-7421241','AREA',1,35,'123 78');
INSERT INTO tgtRegistry (tgtNumber,tgtDescription,tgtDTG,tgtReportedBy,tgtSurveillance) VALUES('T-9441242','Selected by JTF','2023-10-5','GROUND','NONE');
INSERT INTO tgtFeatures VALUES('T-9441242','SOFT','STATIC','UNRESTRICTED','ACTIVE');
INSERT INTO tgtGeometry (tgtNumber,tgtShape,tgtLength,tgtWidth,tgtCoordinates) VALUES('T-9441242','POINT',28,9,'190 60');
INSERT INTO tgtRegistry (tgtNumber,tgtDescription,tgtDTG,tgtReportedBy,tgtSurveillance) VALUES('T-5431243','Selected by HHQ','2023-12-23','SATELLITE','INTERMITTENT');
INSERT INTO tgtFeatures VALUES('T-5431243','SOFT','HIGHLY_MOBILE','UNRESTRICTED','INACTIVE');
INSERT INTO tgtGeometry (tgtNumber,tgtShape,tgtLength,tgtWidth,tgtCoordinates) VALUES('T-5431243','AREA',25,19,'85 98');
INSERT INTO tgtRegistry (tgtNumber,tgtDescription,tgtDTG,tgtReportedBy,tgtSurveillance) VALUES('T-1921244','Selected by Cmdr','2023-11-25','AIR','CONTINUOUS');
INSERT INTO tgtFeatures VALUES('T-1921244','SOFT','STATIC','PROHIBITED','ACTIVE');
INSERT INTO tgtGeometry (tgtNumber,tgtShape,tgtLength,tgtWidth,tgtCoordinates) VALUES('T-1921244','POINT',34,29,'65 55');
INSERT INTO tgtRegistry (tgtNumber,tgtDescription,tgtDTG,tgtReportedBy,tgtSurveillance) VALUES('T-6751245','Selected by HHQ','2023-11-15','GROUND','NONE');
INSERT INTO tgtFeatures VALUES('T-6751245','REINFORCED','SEMI_STATIC','UNRESTRICTED','ACTIVE');
INSERT INTO tgtGeometry (tgtNumber,tgtShape,tgtLength,tgtWidth,tgtCoordinates) VALUES('T-6751245','AREA',40,18,'136 57');
INSERT INTO tgtRegistry (tgtNumber,tgtDescription,tgtDTG,tgtReportedBy,tgtSurveillance) VALUES('T-5601246','Selected by JTF','2023-10-3','GROUND','NONE');
INSERT INTO tgtFeatures VALUES('T-5601246','HARDENED','STATIC','RESTRICTED','INACTIVE');
INSERT INTO tgtGeometry (tgtNumber,tgtShape,tgtLength,tgtWidth,tgtCoordinates) VALUES('T-5601246','AREA',39,2,'143 56');
INSERT INTO tgtRegistry (tgtNumber,tgtDescription,tgtDTG,tgtReportedBy,tgtSurveillance) VALUES('T-1301247','Selected by Cmdr','2023-12-16','AIR','CONTINUOUS');
INSERT INTO tgtFeatures VALUES('T-1301247','HARDENED','SEMI_STATIC','UNRESTRICTED','ACTIVE');
INSERT INTO tgtGeometry (tgtNumber,tgtShape,tgtLength,tgtWidth,tgtCoordinates) VALUES('T-1301247','POINT',26,1,'198 32');
INSERT INTO tgtRegistry (tgtNumber,tgtDescription,tgtDTG,tgtReportedBy,tgtSurveillance) VALUES('T-6161248','Selected by JTF','2023-11-14','GROUND','INTERMITTENT');
INSERT INTO tgtFeatures VALUES('T-6161248','SOFT','STATIC','UNRESTRICTED','INACTIVE');
INSERT INTO tgtGeometry (tgtNumber,tgtShape,tgtLength,tgtWidth,tgtCoordinates) VALUES('T-6161248','POINT',12,18,'80 60');
INSERT INTO tgtRegistry (tgtNumber,tgtDescription,tgtDTG,tgtReportedBy,tgtSurveillance) VALUES('T-1471249','Selected by JTF','2023-11-23','SATELLITE','INTERMITTENT');
INSERT INTO tgtFeatures VALUES('T-1471249','SOFT','SEMI_STATIC','UNRESTRICTED','INACTIVE');
INSERT INTO tgtGeometry (tgtNumber,tgtShape,tgtLength,tgtWidth,tgtCoordinates) VALUES('T-1471249','POINT',44,31,'117 52');
INSERT INTO tgtRegistry (tgtNumber,tgtDescription,tgtDTG,tgtReportedBy,tgtSurveillance) VALUES('T-1241250','Selected by JTF','2023-10-9','AIR','NONE');
INSERT INTO tgtFeatures VALUES('T-1241250','HARDENED','STATIC','RESTRICTED','INACTIVE');
INSERT INTO tgtGeometry (tgtNumber,tgtShape,tgtLength,tgtWidth,tgtCoordinates) VALUES('T-1241250','POINT',33,13,'95 43');
INSERT INTO tgtRegistry (tgtNumber,tgtDescription,tgtDTG,tgtReportedBy,tgtSurveillance) VALUES('T-9261251','Selected by JTF','2023-11-2','INTEL','NONE');
INSERT INTO tgtFeatures VALUES('T-9261251','HARDENED','STATIC','PROHIBITED','ACTIVE');
INSERT INTO tgtGeometry (tgtNumber,tgtShape,tgtLength,tgtWidth,tgtCoordinates) VALUES('T-9261251','POINT',33,30,'85 11');
INSERT INTO tgtRegistry (tgtNumber,tgtDescription,tgtDTG,tgtReportedBy,tgtSurveillance) VALUES('T-9451252','Selected by Cmdr','2023-11-9','INTEL','CONTINUOUS');
INSERT INTO tgtFeatures VALUES('T-9451252','FORTIFIED','MOBILE','UNRESTRICTED','ACTIVE');
INSERT INTO tgtGeometry (tgtNumber,tgtShape,tgtLength,tgtWidth,tgtCoordinates) VALUES('T-9451252','AREA',41,46,'125 34');
INSERT INTO tgtRegistry (tgtNumber,tgtDescription,tgtDTG,tgtReportedBy,tgtSurveillance) VALUES('T-1101253','Selected by JTF','2023-11-15','INTEL','NONE');
INSERT INTO tgtFeatures VALUES('T-1101253','FORTIFIED','HIGHLY_MOBILE','RESTRICTED','INACTIVE');
INSERT INTO tgtGeometry (tgtNumber,tgtShape,tgtLength,tgtWidth,tgtCoordinates) VALUES('T-1101253','POINT',5,12,'107 38');
INSERT INTO tgtRegistry (tgtNumber,tgtDescription,tgtDTG,tgtReportedBy,tgtSurveillance) VALUES('T-8841254','Selected by JTF','2023-12-22','AIR','INTERMITTENT');
INSERT INTO tgtFeatures VALUES('T-8841254','REINFORCED','MOBILE','UNRESTRICTED','INACTIVE');
INSERT INTO tgtGeometry (tgtNumber,tgtShape,tgtLength,tgtWidth,tgtCoordinates) VALUES('T-8841254','AREA',49,10,'40 30');
INSERT INTO tgtRegistry (tgtNumber,tgtDescription,tgtDTG,tgtReportedBy,tgtSurveillance) VALUES('T-3381255','Selected by JTF','2023-11-18','SATELLITE','CONTINUOUS');
INSERT INTO tgtFeatures VALUES('T-3381255','SOFT','SEMI_STATIC','RESTRICTED','ACTIVE');
INSERT INTO tgtGeometry (tgtNumber,tgtShape,tgtLength,tgtWidth,tgtCoordinates) VALUES('T-3381255','POINT',8,9,'189 23');
INSERT INTO tgtRegistry (tgtNumber,tgtDescription,tgtDTG,tgtReportedBy,tgtSurveillance) VALUES('T-8251256','Selected by JTF','2023-10-19','AIR','INTERMITTENT');
INSERT INTO tgtFeatures VALUES('T-8251256','FORTIFIED','SEMI_STATIC','UNRESTRICTED','ACTIVE');
INSERT INTO tgtGeometry (tgtNumber,tgtShape,tgtLength,tgtWidth,tgtCoordinates) VALUES('T-8251256','AREA',13,14,'158 81');
INSERT INTO tgtRegistry (tgtNumber,tgtDescription,tgtDTG,tgtReportedBy,tgtSurveillance) VALUES('T-1171257','Selected by JTF','2023-10-22','INTEL','CONTINUOUS');
INSERT INTO tgtFeatures VALUES('T-1171257','SOFT','SEMI_STATIC','UNRESTRICTED','INACTIVE');
INSERT INTO tgtGeometry (tgtNumber,tgtShape,tgtLength,tgtWidth,tgtCoordinates) VALUES('T-1171257','AREA',30,20,'141 80');
INSERT INTO tgtRegistry (tgtNumber,tgtDescription,tgtDTG,tgtReportedBy,tgtSurveillance) VALUES('T-8531258','Selected by HHQ','2023-11-25','SATELLITE','INTERMITTENT');
INSERT INTO tgtFeatures VALUES('T-8531258','SOFT','SEMI_STATIC','PROHIBITED','INACTIVE');
INSERT INTO tgtGeometry (tgtNumber,tgtShape,tgtLength,tgtWidth,tgtCoordinates) VALUES('T-8531258','AREA',43,3,'196 57');
INSERT INTO tgtRegistry (tgtNumber,tgtDescription,tgtDTG,tgtReportedBy,tgtSurveillance) VALUES('T-3171259','Selected by HHQ','2023-12-6','GROUND','INTERMITTENT');
INSERT INTO tgtFeatures VALUES('T-3171259','SOFT','HIGHLY_MOBILE','RESTRICTED','ACTIVE');
INSERT INTO tgtGeometry (tgtNumber,tgtShape,tgtLength,tgtWidth,tgtCoordinates) VALUES('T-3171259','AREA',44,41,'74 27');
INSERT INTO tgtRegistry (tgtNumber,tgtDescription,tgtDTG,tgtReportedBy,tgtSurveillance) VALUES('T-4811260','Selected by HHQ','2023-10-24','SATELLITE','INTERMITTENT');
INSERT INTO tgtFeatures VALUES('T-4811260','FORTIFIED','STATIC','RESTRICTED','INACTIVE');
INSERT INTO tgtGeometry (tgtNumber,tgtShape,tgtLength,tgtWidth,tgtCoordinates) VALUES('T-4811260','POINT',43,22,'185 86');
INSERT INTO tgtRegistry (tgtNumber,tgtDescription,tgtDTG,tgtReportedBy,tgtSurveillance) VALUES('T-5351261','Selected by Cmdr','2023-12-13','SATELLITE','INTERMITTENT');
INSERT INTO tgtFeatures VALUES('T-5351261','SOFT','SEMI_STATIC','PROHIBITED','ACTIVE');
INSERT INTO tgtGeometry (tgtNumber,tgtShape,tgtLength,tgtWidth,tgtCoordinates) VALUES('T-5351261','POINT',40,3,'197 99');
INSERT INTO tgtRegistry (tgtNumber,tgtDescription,tgtDTG,tgtReportedBy,tgtSurveillance) VALUES('T-1041262','Selected by HHQ','2023-10-1','SATELLITE','CONTINUOUS');
INSERT INTO tgtFeatures VALUES('T-1041262','REINFORCED','SEMI_STATIC','PROHIBITED','ACTIVE');
INSERT INTO tgtGeometry (tgtNumber,tgtShape,tgtLength,tgtWidth,tgtCoordinates) VALUES('T-1041262','POINT',22,31,'41 77');
INSERT INTO tgtRegistry (tgtNumber,tgtDescription,tgtDTG,tgtReportedBy,tgtSurveillance) VALUES('T-4291263','Selected by JTF','2023-11-20','AIR','INTERMITTENT');
INSERT INTO tgtFeatures VALUES('T-4291263','REINFORCED','HIGHLY_MOBILE','PROHIBITED','ACTIVE');
INSERT INTO tgtGeometry (tgtNumber,tgtShape,tgtLength,tgtWidth,tgtCoordinates) VALUES('T-4291263','AREA',18,27,'177 52');
INSERT INTO tgtRegistry (tgtNumber,tgtDescription,tgtDTG,tgtReportedBy,tgtSurveillance) VALUES('T-5101264','Selected by HHQ','2023-11-22','AIR','CONTINUOUS');
INSERT INTO tgtFeatures VALUES('T-5101264','FORTIFIED','SEMI_STATIC','RESTRICTED','INACTIVE');
INSERT INTO tgtGeometry (tgtNumber,tgtShape,tgtLength,tgtWidth,tgtCoordinates) VALUES('T-5101264','POINT',12,14,'73 100');
INSERT INTO tgtRegistry (tgtNumber,tgtDescription,tgtDTG,tgtReportedBy,tgtSurveillance) VALUES('T-8531265','Selected by HHQ','2023-10-10','INTEL','INTERMITTENT');
INSERT INTO tgtFeatures VALUES('T-8531265','HARDENED','HIGHLY_MOBILE','UNRESTRICTED','INACTIVE');
INSERT INTO tgtGeometry (tgtNumber,tgtShape,tgtLength,tgtWidth,tgtCoordinates) VALUES('T-8531265','AREA',40,50,'144 75');
INSERT INTO tgtRegistry (tgtNumber,tgtDescription,tgtDTG,tgtReportedBy,tgtSurveillance) VALUES('T-6651266','Selected by JTF','2023-11-21','GROUND','INTERMITTENT');
INSERT INTO tgtFeatures VALUES('T-6651266','REINFORCED','SEMI_STATIC','UNRESTRICTED','INACTIVE');
INSERT INTO tgtGeometry (tgtNumber,tgtShape,tgtLength,tgtWidth,tgtCoordinates) VALUES('T-6651266','AREA',4,14,'45 54');
INSERT INTO tgtRegistry (tgtNumber,tgtDescription,tgtDTG,tgtReportedBy,tgtSurveillance) VALUES('T-8291267','Selected by JTF','2023-10-5','SATELLITE','NONE');
INSERT INTO tgtFeatures VALUES('T-8291267','REINFORCED','MOBILE','PROHIBITED','ACTIVE');
INSERT INTO tgtGeometry (tgtNumber,tgtShape,tgtLength,tgtWidth,tgtCoordinates) VALUES('T-8291267','AREA',22,30,'69 20');
INSERT INTO tgtRegistry (tgtNumber,tgtDescription,tgtDTG,tgtReportedBy,tgtSurveillance) VALUES('T-9561268','Selected by JTF','2023-11-6','AIR','CONTINUOUS');
INSERT INTO tgtFeatures VALUES('T-9561268','HARDENED','STATIC','UNRESTRICTED','INACTIVE');
INSERT INTO tgtGeometry (tgtNumber,tgtShape,tgtLength,tgtWidth,tgtCoordinates) VALUES('T-9561268','POINT',4,1,'48 34');
INSERT INTO tgtRegistry (tgtNumber,tgtDescription,tgtDTG,tgtReportedBy,tgtSurveillance) VALUES('T-6501269','Selected by Cmdr','2023-11-21','AIR','INTERMITTENT');
INSERT INTO tgtFeatures VALUES('T-6501269','HARDENED','MOBILE','UNRESTRICTED','INACTIVE');
INSERT INTO tgtGeometry (tgtNumber,tgtShape,tgtLength,tgtWidth,tgtCoordinates) VALUES('T-6501269','POINT',48,33,'85 41');
INSERT INTO tgtRegistry (tgtNumber,tgtDescription,tgtDTG,tgtReportedBy,tgtSurveillance) VALUES('T-4211270','Selected by Cmdr','2023-11-11','GROUND','CONTINUOUS');
INSERT INTO tgtFeatures VALUES('T-4211270','HARDENED','STATIC','UNRESTRICTED','INACTIVE');
INSERT INTO tgtGeometry (tgtNumber,tgtShape,tgtLength,tgtWidth,tgtCoordinates) VALUES('T-4211270','POINT',21,26,'47 90');
INSERT INTO tgtRegistry (tgtNumber,tgtDescription,tgtDTG,tgtReportedBy,tgtSurveillance) VALUES('T-9411271','Selected by JTF','2023-12-2','SATELLITE','NONE');
INSERT INTO tgtFeatures VALUES('T-9411271','HARDENED','SEMI_STATIC','UNRESTRICTED','ACTIVE');
INSERT INTO tgtGeometry (tgtNumber,tgtShape,tgtLength,tgtWidth,tgtCoordinates) VALUES('T-9411271','POINT',50,30,'76 92');
INSERT INTO tgtRegistry (tgtNumber,tgtDescription,tgtDTG,tgtReportedBy,tgtSurveillance) VALUES('T-5291272','Selected by HHQ','2023-10-5','SATELLITE','NONE');
INSERT INTO tgtFeatures VALUES('T-5291272','REINFORCED','HIGHLY_MOBILE','RESTRICTED','ACTIVE');
INSERT INTO tgtGeometry (tgtNumber,tgtShape,tgtLength,tgtWidth,tgtCoordinates) VALUES('T-5291272','AREA',21,27,'77 81');
INSERT INTO tgtRegistry (tgtNumber,tgtDescription,tgtDTG,tgtReportedBy,tgtSurveillance) VALUES('T-4941273','Selected by HHQ','2023-11-4','SATELLITE','CONTINUOUS');
INSERT INTO tgtFeatures VALUES('T-4941273','REINFORCED','HIGHLY_MOBILE','RESTRICTED','INACTIVE');
INSERT INTO tgtGeometry (tgtNumber,tgtShape,tgtLength,tgtWidth,tgtCoordinates) VALUES('T-4941273','AREA',33,43,'105 65');
INSERT INTO tgtRegistry (tgtNumber,tgtDescription,tgtDTG,tgtReportedBy,tgtSurveillance) VALUES('T-2551274','Selected by HHQ','2023-11-22','GROUND','INTERMITTENT');
INSERT INTO tgtFeatures VALUES('T-2551274','HARDENED','HIGHLY_MOBILE','RESTRICTED','ACTIVE');
INSERT INTO tgtGeometry (tgtNumber,tgtShape,tgtLength,tgtWidth,tgtCoordinates) VALUES('T-2551274','AREA',45,11,'144 34');
INSERT INTO tgtRegistry (tgtNumber,tgtDescription,tgtDTG,tgtReportedBy,tgtSurveillance) VALUES('T-6251275','Selected by JTF','2023-11-13','SATELLITE','NONE');
INSERT INTO tgtFeatures VALUES('T-6251275','HARDENED','SEMI_STATIC','RESTRICTED','ACTIVE');
INSERT INTO tgtGeometry (tgtNumber,tgtShape,tgtLength,tgtWidth,tgtCoordinates) VALUES('T-6251275','AREA',40,19,'96 43');
INSERT INTO tgtRegistry (tgtNumber,tgtDescription,tgtDTG,tgtReportedBy,tgtSurveillance) VALUES('T-8901276','Selected by Cmdr','2023-11-4','INTEL','CONTINUOUS');
INSERT INTO tgtFeatures VALUES('T-8901276','FORTIFIED','MOBILE','PROHIBITED','INACTIVE');
INSERT INTO tgtGeometry (tgtNumber,tgtShape,tgtLength,tgtWidth,tgtCoordinates) VALUES('T-8901276','AREA',6,30,'161 16');
INSERT INTO tgtRegistry (tgtNumber,tgtDescription,tgtDTG,tgtReportedBy,tgtSurveillance) VALUES('T-8261277','Selected by JTF','2023-12-14','AIR','CONTINUOUS');
INSERT INTO tgtFeatures VALUES('T-8261277','SOFT','STATIC','UNRESTRICTED','ACTIVE');
INSERT INTO tgtGeometry (tgtNumber,tgtShape,tgtLength,tgtWidth,tgtCoordinates) VALUES('T-8261277','POINT',45,28,'41 43');
INSERT INTO tgtRegistry (tgtNumber,tgtDescription,tgtDTG,tgtReportedBy,tgtSurveillance) VALUES('T-3381278','Selected by JTF','2023-11-21','GROUND','NONE');
INSERT INTO tgtFeatures VALUES('T-3381278','FORTIFIED','SEMI_STATIC','UNRESTRICTED','ACTIVE');
INSERT INTO tgtGeometry (tgtNumber,tgtShape,tgtLength,tgtWidth,tgtCoordinates) VALUES('T-3381278','AREA',19,8,'171 57');
INSERT INTO tgtRegistry (tgtNumber,tgtDescription,tgtDTG,tgtReportedBy,tgtSurveillance) VALUES('T-1431279','Selected by Cmdr','2023-11-19','INTEL','INTERMITTENT');
INSERT INTO tgtFeatures VALUES('T-1431279','REINFORCED','HIGHLY_MOBILE','PROHIBITED','ACTIVE');
INSERT INTO tgtGeometry (tgtNumber,tgtShape,tgtLength,tgtWidth,tgtCoordinates) VALUES('T-1431279','AREA',16,42,'20 34');
INSERT INTO tgtRegistry (tgtNumber,tgtDescription,tgtDTG,tgtReportedBy,tgtSurveillance) VALUES('T-1391280','Selected by HHQ','2023-10-6','INTEL','INTERMITTENT');
INSERT INTO tgtFeatures VALUES('T-1391280','HARDENED','SEMI_STATIC','PROHIBITED','INACTIVE');
INSERT INTO tgtGeometry (tgtNumber,tgtShape,tgtLength,tgtWidth,tgtCoordinates) VALUES('T-1391280','AREA',29,10,'31 89');
INSERT INTO tgtRegistry (tgtNumber,tgtDescription,tgtDTG,tgtReportedBy,tgtSurveillance) VALUES('T-7541281','Selected by JTF','2023-12-22','AIR','NONE');
INSERT INTO tgtFeatures VALUES('T-7541281','FORTIFIED','HIGHLY_MOBILE','UNRESTRICTED','INACTIVE');
INSERT INTO tgtGeometry (tgtNumber,tgtShape,tgtLength,tgtWidth,tgtCoordinates) VALUES('T-7541281','AREA',27,41,'118 93');
INSERT INTO tgtRegistry (tgtNumber,tgtDescription,tgtDTG,tgtReportedBy,tgtSurveillance) VALUES('T-5841282','Selected by JTF','2023-10-12','AIR','INTERMITTENT');
INSERT INTO tgtFeatures VALUES('T-5841282','SOFT','MOBILE','PROHIBITED','INACTIVE');
INSERT INTO tgtGeometry (tgtNumber,tgtShape,tgtLength,tgtWidth,tgtCoordinates) VALUES('T-5841282','AREA',36,16,'192 61');
INSERT INTO tgtRegistry (tgtNumber,tgtDescription,tgtDTG,tgtReportedBy,tgtSurveillance) VALUES('T-9781283','Selected by JTF','2023-11-15','AIR','NONE');
INSERT INTO tgtFeatures VALUES('T-9781283','FORTIFIED','SEMI_STATIC','RESTRICTED','ACTIVE');
INSERT INTO tgtGeometry (tgtNumber,tgtShape,tgtLength,tgtWidth,tgtCoordinates) VALUES('T-9781283','POINT',16,35,'152 34');
INSERT INTO tgtRegistry (tgtNumber,tgtDescription,tgtDTG,tgtReportedBy,tgtSurveillance) VALUES('T-7371284','Selected by JTF','2023-11-19','INTEL','INTERMITTENT');
INSERT INTO tgtFeatures VALUES('T-7371284','FORTIFIED','MOBILE','RESTRICTED','INACTIVE');
INSERT INTO tgtGeometry (tgtNumber,tgtShape,tgtLength,tgtWidth,tgtCoordinates) VALUES('T-7371284','POINT',32,41,'79 19');
INSERT INTO tgtRegistry (tgtNumber,tgtDescription,tgtDTG,tgtReportedBy,tgtSurveillance) VALUES('T-3561285','Selected by HHQ','2023-12-19','GROUND','INTERMITTENT');
INSERT INTO tgtFeatures VALUES('T-3561285','REINFORCED','MOBILE','PROHIBITED','INACTIVE');
INSERT INTO tgtGeometry (tgtNumber,tgtShape,tgtLength,tgtWidth,tgtCoordinates) VALUES('T-3561285','AREA',44,30,'83 65');
INSERT INTO tgtRegistry (tgtNumber,tgtDescription,tgtDTG,tgtReportedBy,tgtSurveillance) VALUES('T-5951286','Selected by Cmdr','2023-11-14','INTEL','INTERMITTENT');
INSERT INTO tgtFeatures VALUES('T-5951286','FORTIFIED','STATIC','PROHIBITED','INACTIVE');
INSERT INTO tgtGeometry (tgtNumber,tgtShape,tgtLength,tgtWidth,tgtCoordinates) VALUES('T-5951286','AREA',11,1,'98 60');
INSERT INTO tgtRegistry (tgtNumber,tgtDescription,tgtDTG,tgtReportedBy,tgtSurveillance) VALUES('T-2601287','Selected by HHQ','2023-11-24','AIR','INTERMITTENT');
INSERT INTO tgtFeatures VALUES('T-2601287','FORTIFIED','HIGHLY_MOBILE','RESTRICTED','ACTIVE');
INSERT INTO tgtGeometry (tgtNumber,tgtShape,tgtLength,tgtWidth,tgtCoordinates) VALUES('T-2601287','POINT',37,5,'44 25');
INSERT INTO tgtRegistry (tgtNumber,tgtDescription,tgtDTG,tgtReportedBy,tgtSurveillance) VALUES('T-4521288','Selected by Cmdr','2023-10-12','GROUND','CONTINUOUS');
INSERT INTO tgtFeatures VALUES('T-4521288','HARDENED','MOBILE','PROHIBITED','INACTIVE');
INSERT INTO tgtGeometry (tgtNumber,tgtShape,tgtLength,tgtWidth,tgtCoordinates) VALUES('T-4521288','POINT',12,35,'93 14');
INSERT INTO tgtRegistry (tgtNumber,tgtDescription,tgtDTG,tgtReportedBy,tgtSurveillance) VALUES('T-2541289','Selected by Cmdr','2023-12-25','SATELLITE','NONE');
INSERT INTO tgtFeatures VALUES('T-2541289','FORTIFIED','MOBILE','RESTRICTED','ACTIVE');
INSERT INTO tgtGeometry (tgtNumber,tgtShape,tgtLength,tgtWidth,tgtCoordinates) VALUES('T-2541289','POINT',20,4,'146 65');
INSERT INTO tgtRegistry (tgtNumber,tgtDescription,tgtDTG,tgtReportedBy,tgtSurveillance) VALUES('T-9981290','Selected by Cmdr','2023-10-3','SATELLITE','INTERMITTENT');
INSERT INTO tgtFeatures VALUES('T-9981290','SOFT','MOBILE','UNRESTRICTED','INACTIVE');
INSERT INTO tgtGeometry (tgtNumber,tgtShape,tgtLength,tgtWidth,tgtCoordinates) VALUES('T-9981290','AREA',29,49,'31 92');
INSERT INTO tgtRegistry (tgtNumber,tgtDescription,tgtDTG,tgtReportedBy,tgtSurveillance) VALUES('T-5181291','Selected by JTF','2023-12-21','AIR','CONTINUOUS');
INSERT INTO tgtFeatures VALUES('T-5181291','HARDENED','MOBILE','RESTRICTED','INACTIVE');
INSERT INTO tgtGeometry (tgtNumber,tgtShape,tgtLength,tgtWidth,tgtCoordinates) VALUES('T-5181291','AREA',50,43,'186 20');
INSERT INTO tgtRegistry (tgtNumber,tgtDescription,tgtDTG,tgtReportedBy,tgtSurveillance) VALUES('T-9331292','Selected by JTF','2023-12-19','SATELLITE','NONE');
INSERT INTO tgtFeatures VALUES('T-9331292','HARDENED','SEMI_STATIC','UNRESTRICTED','INACTIVE');
INSERT INTO tgtGeometry (tgtNumber,tgtShape,tgtLength,tgtWidth,tgtCoordinates) VALUES('T-9331292','POINT',40,6,'106 15');
INSERT INTO tgtRegistry (tgtNumber,tgtDescription,tgtDTG,tgtReportedBy,tgtSurveillance) VALUES('T-7591293','Selected by Cmdr','2023-10-24','AIR','NONE');
INSERT INTO tgtFeatures VALUES('T-7591293','REINFORCED','SEMI_STATIC','UNRESTRICTED','ACTIVE');
INSERT INTO tgtGeometry (tgtNumber,tgtShape,tgtLength,tgtWidth,tgtCoordinates) VALUES('T-7591293','AREA',30,14,'118 27');
INSERT INTO tgtRegistry (tgtNumber,tgtDescription,tgtDTG,tgtReportedBy,tgtSurveillance) VALUES('T-3711294','Selected by HHQ','2023-10-18','SATELLITE','CONTINUOUS');
INSERT INTO tgtFeatures VALUES('T-3711294','REINFORCED','MOBILE','UNRESTRICTED','INACTIVE');
INSERT INTO tgtGeometry (tgtNumber,tgtShape,tgtLength,tgtWidth,tgtCoordinates) VALUES('T-3711294','POINT',47,31,'33 25');
INSERT INTO tgtRegistry (tgtNumber,tgtDescription,tgtDTG,tgtReportedBy,tgtSurveillance) VALUES('T-3851295','Selected by JTF','2023-11-5','INTEL','INTERMITTENT');
INSERT INTO tgtFeatures VALUES('T-3851295','REINFORCED','HIGHLY_MOBILE','RESTRICTED','ACTIVE');
INSERT INTO tgtGeometry (tgtNumber,tgtShape,tgtLength,tgtWidth,tgtCoordinates) VALUES('T-3851295','POINT',12,16,'161 74');
INSERT INTO tgtRegistry (tgtNumber,tgtDescription,tgtDTG,tgtReportedBy,tgtSurveillance) VALUES('T-5451296','Selected by HHQ','2023-10-16','AIR','NONE');
INSERT INTO tgtFeatures VALUES('T-5451296','SOFT','HIGHLY_MOBILE','PROHIBITED','ACTIVE');
INSERT INTO tgtGeometry (tgtNumber,tgtShape,tgtLength,tgtWidth,tgtCoordinates) VALUES('T-5451296','AREA',24,11,'59 11');
INSERT INTO tgtRegistry (tgtNumber,tgtDescription,tgtDTG,tgtReportedBy,tgtSurveillance) VALUES('T-4261297','Selected by HHQ','2023-11-15','INTEL','INTERMITTENT');
INSERT INTO tgtFeatures VALUES('T-4261297','SOFT','SEMI_STATIC','UNRESTRICTED','INACTIVE');
INSERT INTO tgtGeometry (tgtNumber,tgtShape,tgtLength,tgtWidth,tgtCoordinates) VALUES('T-4261297','POINT',46,4,'147 70');
INSERT INTO tgtRegistry (tgtNumber,tgtDescription,tgtDTG,tgtReportedBy,tgtSurveillance) VALUES('T-5041298','Selected by Cmdr','2023-10-17','INTEL','CONTINUOUS');
INSERT INTO tgtFeatures VALUES('T-5041298','FORTIFIED','SEMI_STATIC','RESTRICTED','ACTIVE');
INSERT INTO tgtGeometry (tgtNumber,tgtShape,tgtLength,tgtWidth,tgtCoordinates) VALUES('T-5041298','POINT',47,22,'126 76');
INSERT INTO tgtRegistry (tgtNumber,tgtDescription,tgtDTG,tgtReportedBy,tgtSurveillance) VALUES('T-2541299','Selected by HHQ','2023-12-7','AIR','INTERMITTENT');
INSERT INTO tgtFeatures VALUES('T-2541299','HARDENED','SEMI_STATIC','PROHIBITED','ACTIVE');
INSERT INTO tgtGeometry (tgtNumber,tgtShape,tgtLength,tgtWidth,tgtCoordinates) VALUES('T-2541299','POINT',6,26,'96 93');
INSERT INTO tgtRegistry (tgtNumber,tgtDescription,tgtDTG,tgtReportedBy,tgtSurveillance) VALUES('T-2291300','Selected by Cmdr','2023-12-25','AIR','NONE');
INSERT INTO tgtFeatures VALUES('T-2291300','FORTIFIED','SEMI_STATIC','UNRESTRICTED','ACTIVE');
INSERT INTO tgtGeometry (tgtNumber,tgtShape,tgtLength,tgtWidth,tgtCoordinates) VALUES('T-2291300','POINT',49,46,'29 78');
INSERT INTO tgtRegistry (tgtNumber,tgtDescription,tgtDTG,tgtReportedBy,tgtSurveillance) VALUES('T-5921301','Selected by Cmdr','2023-11-1','SATELLITE','NONE');
INSERT INTO tgtFeatures VALUES('T-5921301','REINFORCED','SEMI_STATIC','RESTRICTED','ACTIVE');
INSERT INTO tgtGeometry (tgtNumber,tgtShape,tgtLength,tgtWidth,tgtCoordinates) VALUES('T-5921301','AREA',3,14,'175 30');
INSERT INTO tgtRegistry (tgtNumber,tgtDescription,tgtDTG,tgtReportedBy,tgtSurveillance) VALUES('T-8871302','Selected by JTF','2023-11-14','SATELLITE','CONTINUOUS');
INSERT INTO tgtFeatures VALUES('T-8871302','FORTIFIED','SEMI_STATIC','PROHIBITED','ACTIVE');
INSERT INTO tgtGeometry (tgtNumber,tgtShape,tgtLength,tgtWidth,tgtCoordinates) VALUES('T-8871302','POINT',14,22,'103 79');
INSERT INTO tgtRegistry (tgtNumber,tgtDescription,tgtDTG,tgtReportedBy,tgtSurveillance) VALUES('T-3181303','Selected by JTF','2023-12-11','INTEL','CONTINUOUS');
INSERT INTO tgtFeatures VALUES('T-3181303','REINFORCED','STATIC','UNRESTRICTED','ACTIVE');
INSERT INTO tgtGeometry (tgtNumber,tgtShape,tgtLength,tgtWidth,tgtCoordinates) VALUES('T-3181303','AREA',4,49,'20 58');
INSERT INTO tgtRegistry (tgtNumber,tgtDescription,tgtDTG,tgtReportedBy,tgtSurveillance) VALUES('T-6011304','Selected by JTF','2023-12-15','AIR','CONTINUOUS');
INSERT INTO tgtFeatures VALUES('T-6011304','HARDENED','STATIC','UNRESTRICTED','INACTIVE');
INSERT INTO tgtGeometry (tgtNumber,tgtShape,tgtLength,tgtWidth,tgtCoordinates) VALUES('T-6011304','AREA',10,24,'157 41');
INSERT INTO tgtRegistry (tgtNumber,tgtDescription,tgtDTG,tgtReportedBy,tgtSurveillance) VALUES('T-3351305','Selected by JTF','2023-11-7','AIR','INTERMITTENT');
INSERT INTO tgtFeatures VALUES('T-3351305','FORTIFIED','MOBILE','UNRESTRICTED','ACTIVE');
INSERT INTO tgtGeometry (tgtNumber,tgtShape,tgtLength,tgtWidth,tgtCoordinates) VALUES('T-3351305','AREA',23,3,'126 21');
INSERT INTO tgtRegistry (tgtNumber,tgtDescription,tgtDTG,tgtReportedBy,tgtSurveillance) VALUES('T-3191306','Selected by Cmdr','2023-12-2','AIR','INTERMITTENT');
INSERT INTO tgtFeatures VALUES('T-3191306','HARDENED','STATIC','PROHIBITED','INACTIVE');
INSERT INTO tgtGeometry (tgtNumber,tgtShape,tgtLength,tgtWidth,tgtCoordinates) VALUES('T-3191306','POINT',15,24,'199 53');
INSERT INTO tgtRegistry (tgtNumber,tgtDescription,tgtDTG,tgtReportedBy,tgtSurveillance) VALUES('T-5191307','Selected by JTF','2023-12-22','INTEL','NONE');
INSERT INTO tgtFeatures VALUES('T-5191307','HARDENED','HIGHLY_MOBILE','UNRESTRICTED','ACTIVE');
INSERT INTO tgtGeometry (tgtNumber,tgtShape,tgtLength,tgtWidth,tgtCoordinates) VALUES('T-5191307','AREA',46,42,'195 43');
INSERT INTO tgtRegistry (tgtNumber,tgtDescription,tgtDTG,tgtReportedBy,tgtSurveillance) VALUES('T-5061308','Selected by JTF','2023-11-10','AIR','CONTINUOUS');
INSERT INTO tgtFeatures VALUES('T-5061308','REINFORCED','HIGHLY_MOBILE','PROHIBITED','ACTIVE');
INSERT INTO tgtGeometry (tgtNumber,tgtShape,tgtLength,tgtWidth,tgtCoordinates) VALUES('T-5061308','AREA',37,9,'155 44');
INSERT INTO tgtRegistry (tgtNumber,tgtDescription,tgtDTG,tgtReportedBy,tgtSurveillance) VALUES('T-9121309','Selected by Cmdr','2023-10-5','INTEL','NONE');
INSERT INTO tgtFeatures VALUES('T-9121309','REINFORCED','STATIC','UNRESTRICTED','ACTIVE');
INSERT INTO tgtGeometry (tgtNumber,tgtShape,tgtLength,tgtWidth,tgtCoordinates) VALUES('T-9121309','POINT',22,48,'158 12');
INSERT INTO tgtRegistry (tgtNumber,tgtDescription,tgtDTG,tgtReportedBy,tgtSurveillance) VALUES('T-2251310','Selected by HHQ','2023-11-2','INTEL','INTERMITTENT');
INSERT INTO tgtFeatures VALUES('T-2251310','FORTIFIED','SEMI_STATIC','RESTRICTED','INACTIVE');
INSERT INTO tgtGeometry (tgtNumber,tgtShape,tgtLength,tgtWidth,tgtCoordinates) VALUES('T-2251310','POINT',35,31,'148 24');
INSERT INTO tgtRegistry (tgtNumber,tgtDescription,tgtDTG,tgtReportedBy,tgtSurveillance) VALUES('T-2641311','Selected by HHQ','2023-10-9','AIR','NONE');
INSERT INTO tgtFeatures VALUES('T-2641311','REINFORCED','HIGHLY_MOBILE','PROHIBITED','INACTIVE');
INSERT INTO tgtGeometry (tgtNumber,tgtShape,tgtLength,tgtWidth,tgtCoordinates) VALUES('T-2641311','POINT',29,11,'21 62');
INSERT INTO tgtRegistry (tgtNumber,tgtDescription,tgtDTG,tgtReportedBy,tgtSurveillance) VALUES('T-9731312','Selected by HHQ','2023-10-5','GROUND','INTERMITTENT');
INSERT INTO tgtFeatures VALUES('T-9731312','SOFT','STATIC','UNRESTRICTED','ACTIVE');
INSERT INTO tgtGeometry (tgtNumber,tgtShape,tgtLength,tgtWidth,tgtCoordinates) VALUES('T-9731312','POINT',19,41,'20 26');
INSERT INTO tgtRegistry (tgtNumber,tgtDescription,tgtDTG,tgtReportedBy,tgtSurveillance) VALUES('T-1591313','Selected by HHQ','2023-11-18','INTEL','CONTINUOUS');
INSERT INTO tgtFeatures VALUES('T-1591313','HARDENED','MOBILE','PROHIBITED','ACTIVE');
INSERT INTO tgtGeometry (tgtNumber,tgtShape,tgtLength,tgtWidth,tgtCoordinates) VALUES('T-1591313','AREA',8,29,'176 60');
INSERT INTO tgtRegistry (tgtNumber,tgtDescription,tgtDTG,tgtReportedBy,tgtSurveillance) VALUES('T-3521314','Selected by HHQ','2023-12-18','AIR','NONE');
INSERT INTO tgtFeatures VALUES('T-3521314','HARDENED','MOBILE','RESTRICTED','ACTIVE');
INSERT INTO tgtGeometry (tgtNumber,tgtShape,tgtLength,tgtWidth,tgtCoordinates) VALUES('T-3521314','AREA',43,22,'35 88');
INSERT INTO tgtRegistry (tgtNumber,tgtDescription,tgtDTG,tgtReportedBy,tgtSurveillance) VALUES('T-4121315','Selected by JTF','2023-12-19','SATELLITE','INTERMITTENT');
INSERT INTO tgtFeatures VALUES('T-4121315','SOFT','SEMI_STATIC','PROHIBITED','INACTIVE');
INSERT INTO tgtGeometry (tgtNumber,tgtShape,tgtLength,tgtWidth,tgtCoordinates) VALUES('T-4121315','POINT',32,4,'126 89');
INSERT INTO tgtRegistry (tgtNumber,tgtDescription,tgtDTG,tgtReportedBy,tgtSurveillance) VALUES('T-2581316','Selected by Cmdr','2023-10-5','SATELLITE','CONTINUOUS');
INSERT INTO tgtFeatures VALUES('T-2581316','HARDENED','MOBILE','UNRESTRICTED','ACTIVE');
INSERT INTO tgtGeometry (tgtNumber,tgtShape,tgtLength,tgtWidth,tgtCoordinates) VALUES('T-2581316','POINT',29,32,'172 82');
INSERT INTO tgtRegistry (tgtNumber,tgtDescription,tgtDTG,tgtReportedBy,tgtSurveillance) VALUES('T-5041317','Selected by Cmdr','2023-12-14','GROUND','NONE');
INSERT INTO tgtFeatures VALUES('T-5041317','REINFORCED','STATIC','RESTRICTED','ACTIVE');
INSERT INTO tgtGeometry (tgtNumber,tgtShape,tgtLength,tgtWidth,tgtCoordinates) VALUES('T-5041317','AREA',28,24,'141 13');
INSERT INTO tgtRegistry (tgtNumber,tgtDescription,tgtDTG,tgtReportedBy,tgtSurveillance) VALUES('T-8961318','Selected by HHQ','2023-11-24','INTEL','NONE');
INSERT INTO tgtFeatures VALUES('T-8961318','FORTIFIED','HIGHLY_MOBILE','PROHIBITED','ACTIVE');
INSERT INTO tgtGeometry (tgtNumber,tgtShape,tgtLength,tgtWidth,tgtCoordinates) VALUES('T-8961318','AREA',2,43,'155 77');
INSERT INTO tgtRegistry (tgtNumber,tgtDescription,tgtDTG,tgtReportedBy,tgtSurveillance) VALUES('T-8371319','Selected by HHQ','2023-11-7','SATELLITE','INTERMITTENT');
INSERT INTO tgtFeatures VALUES('T-8371319','FORTIFIED','HIGHLY_MOBILE','PROHIBITED','ACTIVE');
INSERT INTO tgtGeometry (tgtNumber,tgtShape,tgtLength,tgtWidth,tgtCoordinates) VALUES('T-8371319','AREA',46,29,'108 29');
INSERT INTO tgtRegistry (tgtNumber,tgtDescription,tgtDTG,tgtReportedBy,tgtSurveillance) VALUES('T-3071320','Selected by HHQ','2023-10-14','SATELLITE','CONTINUOUS');
INSERT INTO tgtFeatures VALUES('T-3071320','SOFT','SEMI_STATIC','PROHIBITED','INACTIVE');
INSERT INTO tgtGeometry (tgtNumber,tgtShape,tgtLength,tgtWidth,tgtCoordinates) VALUES('T-3071320','AREA',47,46,'42 92');
INSERT INTO tgtRegistry (tgtNumber,tgtDescription,tgtDTG,tgtReportedBy,tgtSurveillance) VALUES('T-3741321','Selected by JTF','2023-10-20','SATELLITE','NONE');
INSERT INTO tgtFeatures VALUES('T-3741321','REINFORCED','SEMI_STATIC','UNRESTRICTED','INACTIVE');
INSERT INTO tgtGeometry (tgtNumber,tgtShape,tgtLength,tgtWidth,tgtCoordinates) VALUES('T-3741321','POINT',34,20,'69 68');
INSERT INTO tgtRegistry (tgtNumber,tgtDescription,tgtDTG,tgtReportedBy,tgtSurveillance) VALUES('T-3481322','Selected by HHQ','2023-10-16','INTEL','CONTINUOUS');
INSERT INTO tgtFeatures VALUES('T-3481322','REINFORCED','MOBILE','PROHIBITED','ACTIVE');
INSERT INTO tgtGeometry (tgtNumber,tgtShape,tgtLength,tgtWidth,tgtCoordinates) VALUES('T-3481322','AREA',4,29,'77 97');
INSERT INTO tgtRegistry (tgtNumber,tgtDescription,tgtDTG,tgtReportedBy,tgtSurveillance) VALUES('T-8381323','Selected by HHQ','2023-11-22','GROUND','INTERMITTENT');
INSERT INTO tgtFeatures VALUES('T-8381323','FORTIFIED','HIGHLY_MOBILE','UNRESTRICTED','ACTIVE');
INSERT INTO tgtGeometry (tgtNumber,tgtShape,tgtLength,tgtWidth,tgtCoordinates) VALUES('T-8381323','POINT',44,27,'200 14');
INSERT INTO tgtRegistry (tgtNumber,tgtDescription,tgtDTG,tgtReportedBy,tgtSurveillance) VALUES('T-4551324','Selected by HHQ','2023-11-5','INTEL','INTERMITTENT');
INSERT INTO tgtFeatures VALUES('T-4551324','REINFORCED','SEMI_STATIC','UNRESTRICTED','INACTIVE');
INSERT INTO tgtGeometry (tgtNumber,tgtShape,tgtLength,tgtWidth,tgtCoordinates) VALUES('T-4551324','AREA',47,43,'27 38');
INSERT INTO tgtRegistry (tgtNumber,tgtDescription,tgtDTG,tgtReportedBy,tgtSurveillance) VALUES('T-6331325','Selected by JTF','2023-10-5','AIR','INTERMITTENT');
INSERT INTO tgtFeatures VALUES('T-6331325','SOFT','HIGHLY_MOBILE','UNRESTRICTED','INACTIVE');
INSERT INTO tgtGeometry (tgtNumber,tgtShape,tgtLength,tgtWidth,tgtCoordinates) VALUES('T-6331325','AREA',22,1,'54 39');
INSERT INTO tgtRegistry (tgtNumber,tgtDescription,tgtDTG,tgtReportedBy,tgtSurveillance) VALUES('T-3031326','Selected by Cmdr','2023-10-21','GROUND','CONTINUOUS');
INSERT INTO tgtFeatures VALUES('T-3031326','FORTIFIED','MOBILE','RESTRICTED','ACTIVE');
INSERT INTO tgtGeometry (tgtNumber,tgtShape,tgtLength,tgtWidth,tgtCoordinates) VALUES('T-3031326','AREA',18,39,'71 62');
INSERT INTO tgtRegistry (tgtNumber,tgtDescription,tgtDTG,tgtReportedBy,tgtSurveillance) VALUES('T-8481327','Selected by HHQ','2023-12-16','INTEL','CONTINUOUS');
INSERT INTO tgtFeatures VALUES('T-8481327','SOFT','HIGHLY_MOBILE','RESTRICTED','ACTIVE');
INSERT INTO tgtGeometry (tgtNumber,tgtShape,tgtLength,tgtWidth,tgtCoordinates) VALUES('T-8481327','POINT',27,10,'24 22');
INSERT INTO tgtRegistry (tgtNumber,tgtDescription,tgtDTG,tgtReportedBy,tgtSurveillance) VALUES('T-7891328','Selected by JTF','2023-12-19','SATELLITE','INTERMITTENT');
INSERT INTO tgtFeatures VALUES('T-7891328','FORTIFIED','MOBILE','UNRESTRICTED','INACTIVE');
INSERT INTO tgtGeometry (tgtNumber,tgtShape,tgtLength,tgtWidth,tgtCoordinates) VALUES('T-7891328','AREA',6,4,'109 25');
INSERT INTO tgtRegistry (tgtNumber,tgtDescription,tgtDTG,tgtReportedBy,tgtSurveillance) VALUES('T-2951329','Selected by JTF','2023-11-5','AIR','NONE');
INSERT INTO tgtFeatures VALUES('T-2951329','FORTIFIED','MOBILE','PROHIBITED','ACTIVE');
INSERT INTO tgtGeometry (tgtNumber,tgtShape,tgtLength,tgtWidth,tgtCoordinates) VALUES('T-2951329','AREA',43,8,'80 41');
INSERT INTO tgtRegistry (tgtNumber,tgtDescription,tgtDTG,tgtReportedBy,tgtSurveillance) VALUES('T-5851330','Selected by JTF','2023-12-5','INTEL','CONTINUOUS');
INSERT INTO tgtFeatures VALUES('T-5851330','FORTIFIED','SEMI_STATIC','RESTRICTED','ACTIVE');
INSERT INTO tgtGeometry (tgtNumber,tgtShape,tgtLength,tgtWidth,tgtCoordinates) VALUES('T-5851330','AREA',29,44,'64 33');
INSERT INTO tgtRegistry (tgtNumber,tgtDescription,tgtDTG,tgtReportedBy,tgtSurveillance) VALUES('T-5451331','Selected by Cmdr','2023-12-11','AIR','NONE');
INSERT INTO tgtFeatures VALUES('T-5451331','REINFORCED','STATIC','UNRESTRICTED','ACTIVE');
INSERT INTO tgtGeometry (tgtNumber,tgtShape,tgtLength,tgtWidth,tgtCoordinates) VALUES('T-5451331','AREA',49,42,'80 62');
INSERT INTO tgtRegistry (tgtNumber,tgtDescription,tgtDTG,tgtReportedBy,tgtSurveillance) VALUES('T-5091332','Selected by Cmdr','2023-11-22','SATELLITE','INTERMITTENT');
INSERT INTO tgtFeatures VALUES('T-5091332','REINFORCED','MOBILE','PROHIBITED','INACTIVE');
INSERT INTO tgtGeometry (tgtNumber,tgtShape,tgtLength,tgtWidth,tgtCoordinates) VALUES('T-5091332','AREA',24,36,'112 43');
INSERT INTO tgtRegistry (tgtNumber,tgtDescription,tgtDTG,tgtReportedBy,tgtSurveillance) VALUES('T-1971333','Selected by JTF','2023-12-13','GROUND','INTERMITTENT');
INSERT INTO tgtFeatures VALUES('T-1971333','FORTIFIED','SEMI_STATIC','UNRESTRICTED','INACTIVE');
INSERT INTO tgtGeometry (tgtNumber,tgtShape,tgtLength,tgtWidth,tgtCoordinates) VALUES('T-1971333','POINT',35,17,'36 12');
INSERT INTO tgtRegistry (tgtNumber,tgtDescription,tgtDTG,tgtReportedBy,tgtSurveillance) VALUES('T-4901334','Selected by Cmdr','2023-10-6','GROUND','INTERMITTENT');
INSERT INTO tgtFeatures VALUES('T-4901334','HARDENED','STATIC','RESTRICTED','ACTIVE');
INSERT INTO tgtGeometry (tgtNumber,tgtShape,tgtLength,tgtWidth,tgtCoordinates) VALUES('T-4901334','AREA',49,11,'115 34');
INSERT INTO tgtRegistry (tgtNumber,tgtDescription,tgtDTG,tgtReportedBy,tgtSurveillance) VALUES('T-3131335','Selected by HHQ','2023-10-23','GROUND','CONTINUOUS');
INSERT INTO tgtFeatures VALUES('T-3131335','FORTIFIED','SEMI_STATIC','PROHIBITED','ACTIVE');
INSERT INTO tgtGeometry (tgtNumber,tgtShape,tgtLength,tgtWidth,tgtCoordinates) VALUES('T-3131335','POINT',1,30,'91 74');
INSERT INTO tgtRegistry (tgtNumber,tgtDescription,tgtDTG,tgtReportedBy,tgtSurveillance) VALUES('T-2071336','Selected by Cmdr','2023-11-24','INTEL','INTERMITTENT');
INSERT INTO tgtFeatures VALUES('T-2071336','REINFORCED','MOBILE','PROHIBITED','INACTIVE');
INSERT INTO tgtGeometry (tgtNumber,tgtShape,tgtLength,tgtWidth,tgtCoordinates) VALUES('T-2071336','POINT',36,5,'52 78');
INSERT INTO tgtRegistry (tgtNumber,tgtDescription,tgtDTG,tgtReportedBy,tgtSurveillance) VALUES('T-1351337','Selected by JTF','2023-11-16','GROUND','INTERMITTENT');
INSERT INTO tgtFeatures VALUES('T-1351337','FORTIFIED','HIGHLY_MOBILE','UNRESTRICTED','INACTIVE');
INSERT INTO tgtGeometry (tgtNumber,tgtShape,tgtLength,tgtWidth,tgtCoordinates) VALUES('T-1351337','POINT',39,29,'129 19');
INSERT INTO tgtRegistry (tgtNumber,tgtDescription,tgtDTG,tgtReportedBy,tgtSurveillance) VALUES('T-9411338','Selected by Cmdr','2023-12-1','INTEL','CONTINUOUS');
INSERT INTO tgtFeatures VALUES('T-9411338','FORTIFIED','HIGHLY_MOBILE','PROHIBITED','INACTIVE');
INSERT INTO tgtGeometry (tgtNumber,tgtShape,tgtLength,tgtWidth,tgtCoordinates) VALUES('T-9411338','AREA',31,8,'193 83');
INSERT INTO tgtRegistry (tgtNumber,tgtDescription,tgtDTG,tgtReportedBy,tgtSurveillance) VALUES('T-7221339','Selected by JTF','2023-10-14','SATELLITE','INTERMITTENT');
INSERT INTO tgtFeatures VALUES('T-7221339','SOFT','MOBILE','PROHIBITED','INACTIVE');
INSERT INTO tgtGeometry (tgtNumber,tgtShape,tgtLength,tgtWidth,tgtCoordinates) VALUES('T-7221339','POINT',45,32,'173 65');
INSERT INTO tgtRegistry (tgtNumber,tgtDescription,tgtDTG,tgtReportedBy,tgtSurveillance) VALUES('T-5771340','Selected by JTF','2023-12-14','SATELLITE','INTERMITTENT');
INSERT INTO tgtFeatures VALUES('T-5771340','SOFT','STATIC','PROHIBITED','INACTIVE');
INSERT INTO tgtGeometry (tgtNumber,tgtShape,tgtLength,tgtWidth,tgtCoordinates) VALUES('T-5771340','POINT',42,36,'90 72');
INSERT INTO tgtRegistry (tgtNumber,tgtDescription,tgtDTG,tgtReportedBy,tgtSurveillance) VALUES('T-5981341','Selected by JTF','2023-10-21','SATELLITE','NONE');
INSERT INTO tgtFeatures VALUES('T-5981341','SOFT','HIGHLY_MOBILE','RESTRICTED','INACTIVE');
INSERT INTO tgtGeometry (tgtNumber,tgtShape,tgtLength,tgtWidth,tgtCoordinates) VALUES('T-5981341','AREA',21,37,'188 14');
INSERT INTO tgtRegistry (tgtNumber,tgtDescription,tgtDTG,tgtReportedBy,tgtSurveillance) VALUES('T-6561342','Selected by HHQ','2023-11-15','SATELLITE','CONTINUOUS');
INSERT INTO tgtFeatures VALUES('T-6561342','REINFORCED','STATIC','RESTRICTED','ACTIVE');
INSERT INTO tgtGeometry (tgtNumber,tgtShape,tgtLength,tgtWidth,tgtCoordinates) VALUES('T-6561342','AREA',24,22,'173 99');
INSERT INTO tgtRegistry (tgtNumber,tgtDescription,tgtDTG,tgtReportedBy,tgtSurveillance) VALUES('T-8711343','Selected by Cmdr','2023-10-8','AIR','INTERMITTENT');
INSERT INTO tgtFeatures VALUES('T-8711343','SOFT','SEMI_STATIC','RESTRICTED','ACTIVE');
INSERT INTO tgtGeometry (tgtNumber,tgtShape,tgtLength,tgtWidth,tgtCoordinates) VALUES('T-8711343','POINT',40,25,'180 74');
INSERT INTO tgtRegistry (tgtNumber,tgtDescription,tgtDTG,tgtReportedBy,tgtSurveillance) VALUES('T-2961344','Selected by Cmdr','2023-12-3','AIR','NONE');
INSERT INTO tgtFeatures VALUES('T-2961344','REINFORCED','SEMI_STATIC','UNRESTRICTED','ACTIVE');
INSERT INTO tgtGeometry (tgtNumber,tgtShape,tgtLength,tgtWidth,tgtCoordinates) VALUES('T-2961344','AREA',22,15,'143 16');
INSERT INTO tgtRegistry (tgtNumber,tgtDescription,tgtDTG,tgtReportedBy,tgtSurveillance) VALUES('T-5561345','Selected by HHQ','2023-10-18','AIR','NONE');
INSERT INTO tgtFeatures VALUES('T-5561345','FORTIFIED','MOBILE','PROHIBITED','INACTIVE');
INSERT INTO tgtGeometry (tgtNumber,tgtShape,tgtLength,tgtWidth,tgtCoordinates) VALUES('T-5561345','AREA',13,21,'101 82');
INSERT INTO tgtRegistry (tgtNumber,tgtDescription,tgtDTG,tgtReportedBy,tgtSurveillance) VALUES('T-8651346','Selected by JTF','2023-10-6','AIR','CONTINUOUS');
INSERT INTO tgtFeatures VALUES('T-8651346','HARDENED','STATIC','RESTRICTED','INACTIVE');
INSERT INTO tgtGeometry (tgtNumber,tgtShape,tgtLength,tgtWidth,tgtCoordinates) VALUES('T-8651346','AREA',28,4,'153 31');
INSERT INTO tgtRegistry (tgtNumber,tgtDescription,tgtDTG,tgtReportedBy,tgtSurveillance) VALUES('T-6911347','Selected by JTF','2023-10-7','GROUND','CONTINUOUS');
INSERT INTO tgtFeatures VALUES('T-6911347','FORTIFIED','STATIC','PROHIBITED','INACTIVE');
INSERT INTO tgtGeometry (tgtNumber,tgtShape,tgtLength,tgtWidth,tgtCoordinates) VALUES('T-6911347','POINT',16,39,'92 52');
INSERT INTO tgtRegistry (tgtNumber,tgtDescription,tgtDTG,tgtReportedBy,tgtSurveillance) VALUES('T-2901348','Selected by JTF','2023-11-8','INTEL','CONTINUOUS');
INSERT INTO tgtFeatures VALUES('T-2901348','REINFORCED','STATIC','RESTRICTED','ACTIVE');
INSERT INTO tgtGeometry (tgtNumber,tgtShape,tgtLength,tgtWidth,tgtCoordinates) VALUES('T-2901348','AREA',29,13,'55 92');
INSERT INTO tgtRegistry (tgtNumber,tgtDescription,tgtDTG,tgtReportedBy,tgtSurveillance) VALUES('T-6101349','Selected by JTF','2023-12-8','GROUND','INTERMITTENT');
INSERT INTO tgtFeatures VALUES('T-6101349','SOFT','SEMI_STATIC','PROHIBITED','INACTIVE');
INSERT INTO tgtGeometry (tgtNumber,tgtShape,tgtLength,tgtWidth,tgtCoordinates) VALUES('T-6101349','AREA',4,12,'124 39');
INSERT INTO tgtRegistry (tgtNumber,tgtDescription,tgtDTG,tgtReportedBy,tgtSurveillance) VALUES('T-6341350','Selected by JTF','2023-12-7','SATELLITE','CONTINUOUS');
INSERT INTO tgtFeatures VALUES('T-6341350','SOFT','HIGHLY_MOBILE','UNRESTRICTED','INACTIVE');
INSERT INTO tgtGeometry (tgtNumber,tgtShape,tgtLength,tgtWidth,tgtCoordinates) VALUES('T-6341350','POINT',10,22,'122 77');
INSERT INTO tgtRegistry (tgtNumber,tgtDescription,tgtDTG,tgtReportedBy,tgtSurveillance) VALUES('T-5641351','Selected by JTF','2023-10-21','GROUND','CONTINUOUS');
INSERT INTO tgtFeatures VALUES('T-5641351','REINFORCED','STATIC','RESTRICTED','ACTIVE');
INSERT INTO tgtGeometry (tgtNumber,tgtShape,tgtLength,tgtWidth,tgtCoordinates) VALUES('T-5641351','AREA',17,49,'113 43');
INSERT INTO tgtRegistry (tgtNumber,tgtDescription,tgtDTG,tgtReportedBy,tgtSurveillance) VALUES('T-1291352','Selected by JTF','2023-11-18','SATELLITE','NONE');
INSERT INTO tgtFeatures VALUES('T-1291352','SOFT','MOBILE','PROHIBITED','ACTIVE');
INSERT INTO tgtGeometry (tgtNumber,tgtShape,tgtLength,tgtWidth,tgtCoordinates) VALUES('T-1291352','POINT',2,9,'25 87');
INSERT INTO tgtRegistry (tgtNumber,tgtDescription,tgtDTG,tgtReportedBy,tgtSurveillance) VALUES('T-8041353','Selected by JTF','2023-10-10','INTEL','CONTINUOUS');
INSERT INTO tgtFeatures VALUES('T-8041353','REINFORCED','SEMI_STATIC','RESTRICTED','ACTIVE');
INSERT INTO tgtGeometry (tgtNumber,tgtShape,tgtLength,tgtWidth,tgtCoordinates) VALUES('T-8041353','POINT',3,22,'141 50');
INSERT INTO tgtRegistry (tgtNumber,tgtDescription,tgtDTG,tgtReportedBy,tgtSurveillance) VALUES('T-2261354','Selected by HHQ','2023-11-15','SATELLITE','CONTINUOUS');
INSERT INTO tgtFeatures VALUES('T-2261354','REINFORCED','HIGHLY_MOBILE','UNRESTRICTED','INACTIVE');
INSERT INTO tgtGeometry (tgtNumber,tgtShape,tgtLength,tgtWidth,tgtCoordinates) VALUES('T-2261354','POINT',15,8,'122 42');
INSERT INTO tgtRegistry (tgtNumber,tgtDescription,tgtDTG,tgtReportedBy,tgtSurveillance) VALUES('T-5371355','Selected by JTF','2023-10-3','GROUND','CONTINUOUS');
INSERT INTO tgtFeatures VALUES('T-5371355','REINFORCED','MOBILE','UNRESTRICTED','INACTIVE');
INSERT INTO tgtGeometry (tgtNumber,tgtShape,tgtLength,tgtWidth,tgtCoordinates) VALUES('T-5371355','POINT',44,25,'116 89');
INSERT INTO tgtRegistry (tgtNumber,tgtDescription,tgtDTG,tgtReportedBy,tgtSurveillance) VALUES('T-4961356','Selected by JTF','2023-10-8','GROUND','CONTINUOUS');
INSERT INTO tgtFeatures VALUES('T-4961356','REINFORCED','SEMI_STATIC','UNRESTRICTED','INACTIVE');
INSERT INTO tgtGeometry (tgtNumber,tgtShape,tgtLength,tgtWidth,tgtCoordinates) VALUES('T-4961356','POINT',4,1,'57 69');
INSERT INTO tgtRegistry (tgtNumber,tgtDescription,tgtDTG,tgtReportedBy,tgtSurveillance) VALUES('T-1551357','Selected by JTF','2023-10-8','SATELLITE','CONTINUOUS');
INSERT INTO tgtFeatures VALUES('T-1551357','REINFORCED','MOBILE','UNRESTRICTED','INACTIVE');
INSERT INTO tgtGeometry (tgtNumber,tgtShape,tgtLength,tgtWidth,tgtCoordinates) VALUES('T-1551357','AREA',32,24,'126 27');
INSERT INTO tgtRegistry (tgtNumber,tgtDescription,tgtDTG,tgtReportedBy,tgtSurveillance) VALUES('T-9201358','Selected by JTF','2023-11-21','AIR','INTERMITTENT');
INSERT INTO tgtFeatures VALUES('T-9201358','REINFORCED','SEMI_STATIC','UNRESTRICTED','ACTIVE');
INSERT INTO tgtGeometry (tgtNumber,tgtShape,tgtLength,tgtWidth,tgtCoordinates) VALUES('T-9201358','POINT',27,40,'147 51');
INSERT INTO tgtRegistry (tgtNumber,tgtDescription,tgtDTG,tgtReportedBy,tgtSurveillance) VALUES('T-1661359','Selected by JTF','2023-12-17','GROUND','NONE');
INSERT INTO tgtFeatures VALUES('T-1661359','SOFT','HIGHLY_MOBILE','RESTRICTED','ACTIVE');
INSERT INTO tgtGeometry (tgtNumber,tgtShape,tgtLength,tgtWidth,tgtCoordinates) VALUES('T-1661359','AREA',43,31,'194 34');
INSERT INTO tgtRegistry (tgtNumber,tgtDescription,tgtDTG,tgtReportedBy,tgtSurveillance) VALUES('T-6721360','Selected by Cmdr','2023-11-19','GROUND','INTERMITTENT');
INSERT INTO tgtFeatures VALUES('T-6721360','FORTIFIED','SEMI_STATIC','PROHIBITED','INACTIVE');
INSERT INTO tgtGeometry (tgtNumber,tgtShape,tgtLength,tgtWidth,tgtCoordinates) VALUES('T-6721360','AREA',15,33,'87 93');
INSERT INTO tgtRegistry (tgtNumber,tgtDescription,tgtDTG,tgtReportedBy,tgtSurveillance) VALUES('T-4491361','Selected by Cmdr','2023-12-3','GROUND','NONE');
INSERT INTO tgtFeatures VALUES('T-4491361','HARDENED','MOBILE','PROHIBITED','ACTIVE');
INSERT INTO tgtGeometry (tgtNumber,tgtShape,tgtLength,tgtWidth,tgtCoordinates) VALUES('T-4491361','POINT',43,16,'178 62');
INSERT INTO tgtRegistry (tgtNumber,tgtDescription,tgtDTG,tgtReportedBy,tgtSurveillance) VALUES('T-7071362','Selected by Cmdr','2023-10-18','GROUND','NONE');
INSERT INTO tgtFeatures VALUES('T-7071362','HARDENED','SEMI_STATIC','PROHIBITED','ACTIVE');
INSERT INTO tgtGeometry (tgtNumber,tgtShape,tgtLength,tgtWidth,tgtCoordinates) VALUES('T-7071362','POINT',30,33,'63 88');
INSERT INTO tgtRegistry (tgtNumber,tgtDescription,tgtDTG,tgtReportedBy,tgtSurveillance) VALUES('T-5981363','Selected by Cmdr','2023-10-23','AIR','CONTINUOUS');
INSERT INTO tgtFeatures VALUES('T-5981363','FORTIFIED','HIGHLY_MOBILE','PROHIBITED','ACTIVE');
INSERT INTO tgtGeometry (tgtNumber,tgtShape,tgtLength,tgtWidth,tgtCoordinates) VALUES('T-5981363','AREA',4,21,'189 27');
INSERT INTO tgtRegistry (tgtNumber,tgtDescription,tgtDTG,tgtReportedBy,tgtSurveillance) VALUES('T-6311364','Selected by Cmdr','2023-11-7','SATELLITE','CONTINUOUS');
INSERT INTO tgtFeatures VALUES('T-6311364','REINFORCED','SEMI_STATIC','RESTRICTED','ACTIVE');
INSERT INTO tgtGeometry (tgtNumber,tgtShape,tgtLength,tgtWidth,tgtCoordinates) VALUES('T-6311364','AREA',18,13,'170 54');
INSERT INTO tgtRegistry (tgtNumber,tgtDescription,tgtDTG,tgtReportedBy,tgtSurveillance) VALUES('T-3901365','Selected by JTF','2023-10-23','AIR','NONE');
INSERT INTO tgtFeatures VALUES('T-3901365','FORTIFIED','STATIC','UNRESTRICTED','INACTIVE');
INSERT INTO tgtGeometry (tgtNumber,tgtShape,tgtLength,tgtWidth,tgtCoordinates) VALUES('T-3901365','POINT',20,46,'176 87');
INSERT INTO tgtRegistry (tgtNumber,tgtDescription,tgtDTG,tgtReportedBy,tgtSurveillance) VALUES('T-1721366','Selected by Cmdr','2023-12-7','SATELLITE','INTERMITTENT');
INSERT INTO tgtFeatures VALUES('T-1721366','FORTIFIED','HIGHLY_MOBILE','RESTRICTED','INACTIVE');
INSERT INTO tgtGeometry (tgtNumber,tgtShape,tgtLength,tgtWidth,tgtCoordinates) VALUES('T-1721366','AREA',45,15,'22 36');
INSERT INTO tgtRegistry (tgtNumber,tgtDescription,tgtDTG,tgtReportedBy,tgtSurveillance) VALUES('T-5471367','Selected by HHQ','2023-11-24','GROUND','INTERMITTENT');
INSERT INTO tgtFeatures VALUES('T-5471367','REINFORCED','MOBILE','PROHIBITED','INACTIVE');
INSERT INTO tgtGeometry (tgtNumber,tgtShape,tgtLength,tgtWidth,tgtCoordinates) VALUES('T-5471367','POINT',15,40,'171 56');
INSERT INTO tgtRegistry (tgtNumber,tgtDescription,tgtDTG,tgtReportedBy,tgtSurveillance) VALUES('T-8391368','Selected by HHQ','2023-12-24','GROUND','NONE');
INSERT INTO tgtFeatures VALUES('T-8391368','FORTIFIED','MOBILE','UNRESTRICTED','INACTIVE');
INSERT INTO tgtGeometry (tgtNumber,tgtShape,tgtLength,tgtWidth,tgtCoordinates) VALUES('T-8391368','POINT',35,49,'43 24');
INSERT INTO tgtRegistry (tgtNumber,tgtDescription,tgtDTG,tgtReportedBy,tgtSurveillance) VALUES('T-9131369','Selected by HHQ','2023-10-5','GROUND','INTERMITTENT');
INSERT INTO tgtFeatures VALUES('T-9131369','HARDENED','SEMI_STATIC','PROHIBITED','INACTIVE');
INSERT INTO tgtGeometry (tgtNumber,tgtShape,tgtLength,tgtWidth,tgtCoordinates) VALUES('T-9131369','POINT',40,39,'169 87');
INSERT INTO tgtRegistry (tgtNumber,tgtDescription,tgtDTG,tgtReportedBy,tgtSurveillance) VALUES('T-2271370','Selected by Cmdr','2023-11-5','SATELLITE','INTERMITTENT');
INSERT INTO tgtFeatures VALUES('T-2271370','FORTIFIED','SEMI_STATIC','RESTRICTED','ACTIVE');
INSERT INTO tgtGeometry (tgtNumber,tgtShape,tgtLength,tgtWidth,tgtCoordinates) VALUES('T-2271370','POINT',10,1,'128 93');
INSERT INTO tgtRegistry (tgtNumber,tgtDescription,tgtDTG,tgtReportedBy,tgtSurveillance) VALUES('T-9601371','Selected by HHQ','2023-11-23','GROUND','CONTINUOUS');
INSERT INTO tgtFeatures VALUES('T-9601371','SOFT','HIGHLY_MOBILE','UNRESTRICTED','INACTIVE');
INSERT INTO tgtGeometry (tgtNumber,tgtShape,tgtLength,tgtWidth,tgtCoordinates) VALUES('T-9601371','AREA',25,5,'129 24');
INSERT INTO tgtRegistry (tgtNumber,tgtDescription,tgtDTG,tgtReportedBy,tgtSurveillance) VALUES('T-6261372','Selected by JTF','2023-11-14','SATELLITE','CONTINUOUS');
INSERT INTO tgtFeatures VALUES('T-6261372','FORTIFIED','STATIC','PROHIBITED','INACTIVE');
INSERT INTO tgtGeometry (tgtNumber,tgtShape,tgtLength,tgtWidth,tgtCoordinates) VALUES('T-6261372','AREA',16,13,'105 54');
INSERT INTO tgtRegistry (tgtNumber,tgtDescription,tgtDTG,tgtReportedBy,tgtSurveillance) VALUES('T-2581373','Selected by Cmdr','2023-12-4','GROUND','INTERMITTENT');
INSERT INTO tgtFeatures VALUES('T-2581373','SOFT','SEMI_STATIC','UNRESTRICTED','INACTIVE');
INSERT INTO tgtGeometry (tgtNumber,tgtShape,tgtLength,tgtWidth,tgtCoordinates) VALUES('T-2581373','AREA',49,18,'103 66');
INSERT INTO tgtRegistry (tgtNumber,tgtDescription,tgtDTG,tgtReportedBy,tgtSurveillance) VALUES('T-1761374','Selected by JTF','2023-10-10','GROUND','NONE');
INSERT INTO tgtFeatures VALUES('T-1761374','FORTIFIED','MOBILE','RESTRICTED','ACTIVE');
INSERT INTO tgtGeometry (tgtNumber,tgtShape,tgtLength,tgtWidth,tgtCoordinates) VALUES('T-1761374','AREA',17,47,'154 72');
INSERT INTO tgtRegistry (tgtNumber,tgtDescription,tgtDTG,tgtReportedBy,tgtSurveillance) VALUES('T-9211375','Selected by Cmdr','2023-11-23','INTEL','CONTINUOUS');
INSERT INTO tgtFeatures VALUES('T-9211375','SOFT','STATIC','PROHIBITED','ACTIVE');
INSERT INTO tgtGeometry (tgtNumber,tgtShape,tgtLength,tgtWidth,tgtCoordinates) VALUES('T-9211375','POINT',4,7,'143 48');
INSERT INTO tgtRegistry (tgtNumber,tgtDescription,tgtDTG,tgtReportedBy,tgtSurveillance) VALUES('T-6171376','Selected by HHQ','2023-10-17','AIR','CONTINUOUS');
INSERT INTO tgtFeatures VALUES('T-6171376','HARDENED','STATIC','UNRESTRICTED','INACTIVE');
INSERT INTO tgtGeometry (tgtNumber,tgtShape,tgtLength,tgtWidth,tgtCoordinates) VALUES('T-6171376','AREA',11,6,'31 35');
INSERT INTO tgtRegistry (tgtNumber,tgtDescription,tgtDTG,tgtReportedBy,tgtSurveillance) VALUES('T-9121377','Selected by JTF','2023-12-20','SATELLITE','CONTINUOUS');
INSERT INTO tgtFeatures VALUES('T-9121377','FORTIFIED','HIGHLY_MOBILE','UNRESTRICTED','INACTIVE');
INSERT INTO tgtGeometry (tgtNumber,tgtShape,tgtLength,tgtWidth,tgtCoordinates) VALUES('T-9121377','POINT',50,18,'171 19');
INSERT INTO tgtRegistry (tgtNumber,tgtDescription,tgtDTG,tgtReportedBy,tgtSurveillance) VALUES('T-7951378','Selected by Cmdr','2023-12-7','INTEL','CONTINUOUS');
INSERT INTO tgtFeatures VALUES('T-7951378','HARDENED','STATIC','RESTRICTED','INACTIVE');
INSERT INTO tgtGeometry (tgtNumber,tgtShape,tgtLength,tgtWidth,tgtCoordinates) VALUES('T-7951378','AREA',22,14,'180 97');
INSERT INTO tgtRegistry (tgtNumber,tgtDescription,tgtDTG,tgtReportedBy,tgtSurveillance) VALUES('T-1061379','Selected by JTF','2023-11-12','GROUND','CONTINUOUS');
INSERT INTO tgtFeatures VALUES('T-1061379','FORTIFIED','SEMI_STATIC','UNRESTRICTED','INACTIVE');
INSERT INTO tgtGeometry (tgtNumber,tgtShape,tgtLength,tgtWidth,tgtCoordinates) VALUES('T-1061379','POINT',2,7,'185 50');
INSERT INTO tgtRegistry (tgtNumber,tgtDescription,tgtDTG,tgtReportedBy,tgtSurveillance) VALUES('T-1251380','Selected by Cmdr','2023-12-16','SATELLITE','CONTINUOUS');
INSERT INTO tgtFeatures VALUES('T-1251380','SOFT','HIGHLY_MOBILE','UNRESTRICTED','ACTIVE');
INSERT INTO tgtGeometry (tgtNumber,tgtShape,tgtLength,tgtWidth,tgtCoordinates) VALUES('T-1251380','POINT',6,19,'138 14');
INSERT INTO tgtRegistry (tgtNumber,tgtDescription,tgtDTG,tgtReportedBy,tgtSurveillance) VALUES('T-3441381','Selected by JTF','2023-12-1','INTEL','CONTINUOUS');
INSERT INTO tgtFeatures VALUES('T-3441381','HARDENED','MOBILE','RESTRICTED','ACTIVE');
INSERT INTO tgtGeometry (tgtNumber,tgtShape,tgtLength,tgtWidth,tgtCoordinates) VALUES('T-3441381','AREA',7,35,'141 37');
INSERT INTO tgtRegistry (tgtNumber,tgtDescription,tgtDTG,tgtReportedBy,tgtSurveillance) VALUES('T-6891382','Selected by Cmdr','2023-10-25','SATELLITE','INTERMITTENT');
INSERT INTO tgtFeatures VALUES('T-6891382','FORTIFIED','SEMI_STATIC','UNRESTRICTED','INACTIVE');
INSERT INTO tgtGeometry (tgtNumber,tgtShape,tgtLength,tgtWidth,tgtCoordinates) VALUES('T-6891382','POINT',15,10,'111 35');
INSERT INTO tgtRegistry (tgtNumber,tgtDescription,tgtDTG,tgtReportedBy,tgtSurveillance) VALUES('T-8591383','Selected by Cmdr','2023-12-22','GROUND','NONE');
INSERT INTO tgtFeatures VALUES('T-8591383','REINFORCED','MOBILE','PROHIBITED','INACTIVE');
INSERT INTO tgtGeometry (tgtNumber,tgtShape,tgtLength,tgtWidth,tgtCoordinates) VALUES('T-8591383','POINT',8,2,'60 87');
INSERT INTO tgtRegistry (tgtNumber,tgtDescription,tgtDTG,tgtReportedBy,tgtSurveillance) VALUES('T-2511384','Selected by HHQ','2023-12-10','INTEL','NONE');
INSERT INTO tgtFeatures VALUES('T-2511384','FORTIFIED','HIGHLY_MOBILE','PROHIBITED','ACTIVE');
INSERT INTO tgtGeometry (tgtNumber,tgtShape,tgtLength,tgtWidth,tgtCoordinates) VALUES('T-2511384','POINT',15,15,'74 22');
INSERT INTO tgtRegistry (tgtNumber,tgtDescription,tgtDTG,tgtReportedBy,tgtSurveillance) VALUES('T-6581385','Selected by JTF','2023-12-4','SATELLITE','INTERMITTENT');
INSERT INTO tgtFeatures VALUES('T-6581385','REINFORCED','MOBILE','RESTRICTED','ACTIVE');
INSERT INTO tgtGeometry (tgtNumber,tgtShape,tgtLength,tgtWidth,tgtCoordinates) VALUES('T-6581385','AREA',35,46,'139 56');
INSERT INTO tgtRegistry (tgtNumber,tgtDescription,tgtDTG,tgtReportedBy,tgtSurveillance) VALUES('T-2951386','Selected by JTF','2023-11-17','SATELLITE','CONTINUOUS');
INSERT INTO tgtFeatures VALUES('T-2951386','FORTIFIED','SEMI_STATIC','PROHIBITED','ACTIVE');
INSERT INTO tgtGeometry (tgtNumber,tgtShape,tgtLength,tgtWidth,tgtCoordinates) VALUES('T-2951386','AREA',13,44,'106 25');
INSERT INTO tgtRegistry (tgtNumber,tgtDescription,tgtDTG,tgtReportedBy,tgtSurveillance) VALUES('T-5401387','Selected by JTF','2023-10-21','SATELLITE','NONE');
INSERT INTO tgtFeatures VALUES('T-5401387','HARDENED','STATIC','RESTRICTED','INACTIVE');
INSERT INTO tgtGeometry (tgtNumber,tgtShape,tgtLength,tgtWidth,tgtCoordinates) VALUES('T-5401387','AREA',40,39,'148 43');
INSERT INTO tgtRegistry (tgtNumber,tgtDescription,tgtDTG,tgtReportedBy,tgtSurveillance) VALUES('T-8051388','Selected by JTF','2023-12-22','INTEL','CONTINUOUS');
INSERT INTO tgtFeatures VALUES('T-8051388','REINFORCED','STATIC','UNRESTRICTED','INACTIVE');
INSERT INTO tgtGeometry (tgtNumber,tgtShape,tgtLength,tgtWidth,tgtCoordinates) VALUES('T-8051388','AREA',6,45,'42 84');
INSERT INTO tgtRegistry (tgtNumber,tgtDescription,tgtDTG,tgtReportedBy,tgtSurveillance) VALUES('T-9791389','Selected by JTF','2023-10-11','SATELLITE','CONTINUOUS');
INSERT INTO tgtFeatures VALUES('T-9791389','SOFT','HIGHLY_MOBILE','UNRESTRICTED','ACTIVE');
INSERT INTO tgtGeometry (tgtNumber,tgtShape,tgtLength,tgtWidth,tgtCoordinates) VALUES('T-9791389','POINT',33,20,'128 75');
INSERT INTO tgtRegistry (tgtNumber,tgtDescription,tgtDTG,tgtReportedBy,tgtSurveillance) VALUES('T-2901390','Selected by Cmdr','2023-11-7','AIR','CONTINUOUS');
INSERT INTO tgtFeatures VALUES('T-2901390','REINFORCED','MOBILE','PROHIBITED','INACTIVE');
INSERT INTO tgtGeometry (tgtNumber,tgtShape,tgtLength,tgtWidth,tgtCoordinates) VALUES('T-2901390','POINT',28,35,'82 68');
INSERT INTO tgtRegistry (tgtNumber,tgtDescription,tgtDTG,tgtReportedBy,tgtSurveillance) VALUES('T-6191391','Selected by Cmdr','2023-12-8','SATELLITE','CONTINUOUS');
INSERT INTO tgtFeatures VALUES('T-6191391','HARDENED','SEMI_STATIC','UNRESTRICTED','ACTIVE');
INSERT INTO tgtGeometry (tgtNumber,tgtShape,tgtLength,tgtWidth,tgtCoordinates) VALUES('T-6191391','POINT',11,12,'73 16');
INSERT INTO tgtRegistry (tgtNumber,tgtDescription,tgtDTG,tgtReportedBy,tgtSurveillance) VALUES('T-6391392','Selected by HHQ','2023-11-24','SATELLITE','INTERMITTENT');
INSERT INTO tgtFeatures VALUES('T-6391392','REINFORCED','HIGHLY_MOBILE','PROHIBITED','INACTIVE');
INSERT INTO tgtGeometry (tgtNumber,tgtShape,tgtLength,tgtWidth,tgtCoordinates) VALUES('T-6391392','AREA',18,20,'128 84');
INSERT INTO tgtRegistry (tgtNumber,tgtDescription,tgtDTG,tgtReportedBy,tgtSurveillance) VALUES('T-9861393','Selected by JTF','2023-12-8','SATELLITE','CONTINUOUS');
INSERT INTO tgtFeatures VALUES('T-9861393','HARDENED','SEMI_STATIC','RESTRICTED','INACTIVE');
INSERT INTO tgtGeometry (tgtNumber,tgtShape,tgtLength,tgtWidth,tgtCoordinates) VALUES('T-9861393','POINT',26,40,'197 77');
INSERT INTO tgtRegistry (tgtNumber,tgtDescription,tgtDTG,tgtReportedBy,tgtSurveillance) VALUES('T-6921394','Selected by Cmdr','2023-11-8','SATELLITE','NONE');
INSERT INTO tgtFeatures VALUES('T-6921394','FORTIFIED','STATIC','UNRESTRICTED','INACTIVE');
INSERT INTO tgtGeometry (tgtNumber,tgtShape,tgtLength,tgtWidth,tgtCoordinates) VALUES('T-6921394','AREA',15,7,'36 42');
INSERT INTO tgtRegistry (tgtNumber,tgtDescription,tgtDTG,tgtReportedBy,tgtSurveillance) VALUES('T-8131395','Selected by HHQ','2023-11-8','AIR','NONE');
INSERT INTO tgtFeatures VALUES('T-8131395','HARDENED','STATIC','PROHIBITED','ACTIVE');
INSERT INTO tgtGeometry (tgtNumber,tgtShape,tgtLength,tgtWidth,tgtCoordinates) VALUES('T-8131395','POINT',28,8,'151 65');
INSERT INTO tgtRegistry (tgtNumber,tgtDescription,tgtDTG,tgtReportedBy,tgtSurveillance) VALUES('T-9101396','Selected by HHQ','2023-10-13','SATELLITE','NONE');
INSERT INTO tgtFeatures VALUES('T-9101396','SOFT','HIGHLY_MOBILE','PROHIBITED','INACTIVE');
INSERT INTO tgtGeometry (tgtNumber,tgtShape,tgtLength,tgtWidth,tgtCoordinates) VALUES('T-9101396','POINT',44,29,'114 27');
INSERT INTO tgtRegistry (tgtNumber,tgtDescription,tgtDTG,tgtReportedBy,tgtSurveillance) VALUES('T-8651397','Selected by Cmdr','2023-11-16','GROUND','INTERMITTENT');
INSERT INTO tgtFeatures VALUES('T-8651397','SOFT','SEMI_STATIC','PROHIBITED','INACTIVE');
INSERT INTO tgtGeometry (tgtNumber,tgtShape,tgtLength,tgtWidth,tgtCoordinates) VALUES('T-8651397','AREA',22,27,'65 99');
INSERT INTO tgtRegistry (tgtNumber,tgtDescription,tgtDTG,tgtReportedBy,tgtSurveillance) VALUES('T-8661398','Selected by HHQ','2023-12-13','AIR','NONE');
INSERT INTO tgtFeatures VALUES('T-8661398','SOFT','HIGHLY_MOBILE','RESTRICTED','ACTIVE');
INSERT INTO tgtGeometry (tgtNumber,tgtShape,tgtLength,tgtWidth,tgtCoordinates) VALUES('T-8661398','AREA',26,27,'156 96');
INSERT INTO tgtRegistry (tgtNumber,tgtDescription,tgtDTG,tgtReportedBy,tgtSurveillance) VALUES('T-2141399','Selected by JTF','2023-11-3','AIR','INTERMITTENT');
INSERT INTO tgtFeatures VALUES('T-2141399','SOFT','STATIC','PROHIBITED','ACTIVE');
INSERT INTO tgtGeometry (tgtNumber,tgtShape,tgtLength,tgtWidth,tgtCoordinates) VALUES('T-2141399','POINT',6,29,'145 74');
INSERT INTO tgtRegistry (tgtNumber,tgtDescription,tgtDTG,tgtReportedBy,tgtSurveillance) VALUES('T-5961400','Selected by Cmdr','2023-12-8','SATELLITE','CONTINUOUS');
INSERT INTO tgtFeatures VALUES('T-5961400','SOFT','SEMI_STATIC','RESTRICTED','ACTIVE');
INSERT INTO tgtGeometry (tgtNumber,tgtShape,tgtLength,tgtWidth,tgtCoordinates) VALUES('T-5961400','AREA',14,12,'172 94');
INSERT INTO tgtRegistry (tgtNumber,tgtDescription,tgtDTG,tgtReportedBy,tgtSurveillance) VALUES('T-2901401','Selected by Cmdr','2023-11-1','AIR','NONE');
INSERT INTO tgtFeatures VALUES('T-2901401','SOFT','HIGHLY_MOBILE','PROHIBITED','ACTIVE');
INSERT INTO tgtGeometry (tgtNumber,tgtShape,tgtLength,tgtWidth,tgtCoordinates) VALUES('T-2901401','POINT',31,35,'52 59');
INSERT INTO tgtRegistry (tgtNumber,tgtDescription,tgtDTG,tgtReportedBy,tgtSurveillance) VALUES('T-7611402','Selected by Cmdr','2023-11-21','INTEL','INTERMITTENT');
INSERT INTO tgtFeatures VALUES('T-7611402','SOFT','SEMI_STATIC','UNRESTRICTED','INACTIVE');
INSERT INTO tgtGeometry (tgtNumber,tgtShape,tgtLength,tgtWidth,tgtCoordinates) VALUES('T-7611402','AREA',7,40,'87 74');
INSERT INTO tgtRegistry (tgtNumber,tgtDescription,tgtDTG,tgtReportedBy,tgtSurveillance) VALUES('T-7761403','Selected by JTF','2023-10-20','INTEL','NONE');
INSERT INTO tgtFeatures VALUES('T-7761403','REINFORCED','HIGHLY_MOBILE','PROHIBITED','INACTIVE');
INSERT INTO tgtGeometry (tgtNumber,tgtShape,tgtLength,tgtWidth,tgtCoordinates) VALUES('T-7761403','POINT',50,48,'110 76');
INSERT INTO tgtRegistry (tgtNumber,tgtDescription,tgtDTG,tgtReportedBy,tgtSurveillance) VALUES('T-5641404','Selected by Cmdr','2023-10-8','INTEL','CONTINUOUS');
INSERT INTO tgtFeatures VALUES('T-5641404','FORTIFIED','STATIC','PROHIBITED','ACTIVE');
INSERT INTO tgtGeometry (tgtNumber,tgtShape,tgtLength,tgtWidth,tgtCoordinates) VALUES('T-5641404','AREA',44,14,'41 96');
INSERT INTO tgtRegistry (tgtNumber,tgtDescription,tgtDTG,tgtReportedBy,tgtSurveillance) VALUES('T-1151405','Selected by HHQ','2023-11-7','AIR','INTERMITTENT');
INSERT INTO tgtFeatures VALUES('T-1151405','HARDENED','MOBILE','UNRESTRICTED','INACTIVE');
INSERT INTO tgtGeometry (tgtNumber,tgtShape,tgtLength,tgtWidth,tgtCoordinates) VALUES('T-1151405','AREA',26,24,'63 91');
INSERT INTO tgtRegistry (tgtNumber,tgtDescription,tgtDTG,tgtReportedBy,tgtSurveillance) VALUES('T-9851406','Selected by Cmdr','2023-11-22','SATELLITE','NONE');
INSERT INTO tgtFeatures VALUES('T-9851406','REINFORCED','MOBILE','UNRESTRICTED','INACTIVE');
INSERT INTO tgtGeometry (tgtNumber,tgtShape,tgtLength,tgtWidth,tgtCoordinates) VALUES('T-9851406','AREA',46,16,'182 66');
INSERT INTO tgtRegistry (tgtNumber,tgtDescription,tgtDTG,tgtReportedBy,tgtSurveillance) VALUES('T-6641407','Selected by Cmdr','2023-12-12','SATELLITE','CONTINUOUS');
INSERT INTO tgtFeatures VALUES('T-6641407','REINFORCED','SEMI_STATIC','UNRESTRICTED','ACTIVE');
INSERT INTO tgtGeometry (tgtNumber,tgtShape,tgtLength,tgtWidth,tgtCoordinates) VALUES('T-6641407','POINT',13,11,'121 27');
INSERT INTO tgtRegistry (tgtNumber,tgtDescription,tgtDTG,tgtReportedBy,tgtSurveillance) VALUES('T-1501408','Selected by JTF','2023-11-7','SATELLITE','NONE');
INSERT INTO tgtFeatures VALUES('T-1501408','REINFORCED','HIGHLY_MOBILE','UNRESTRICTED','INACTIVE');
INSERT INTO tgtGeometry (tgtNumber,tgtShape,tgtLength,tgtWidth,tgtCoordinates) VALUES('T-1501408','POINT',31,48,'67 60');
INSERT INTO tgtRegistry (tgtNumber,tgtDescription,tgtDTG,tgtReportedBy,tgtSurveillance) VALUES('T-3831409','Selected by Cmdr','2023-11-13','INTEL','CONTINUOUS');
INSERT INTO tgtFeatures VALUES('T-3831409','SOFT','HIGHLY_MOBILE','PROHIBITED','ACTIVE');
INSERT INTO tgtGeometry (tgtNumber,tgtShape,tgtLength,tgtWidth,tgtCoordinates) VALUES('T-3831409','POINT',43,19,'90 22');
INSERT INTO tgtRegistry (tgtNumber,tgtDescription,tgtDTG,tgtReportedBy,tgtSurveillance) VALUES('T-2281410','Selected by JTF','2023-12-3','INTEL','NONE');
INSERT INTO tgtFeatures VALUES('T-2281410','SOFT','SEMI_STATIC','PROHIBITED','INACTIVE');
INSERT INTO tgtGeometry (tgtNumber,tgtShape,tgtLength,tgtWidth,tgtCoordinates) VALUES('T-2281410','AREA',1,43,'28 24');
INSERT INTO tgtRegistry (tgtNumber,tgtDescription,tgtDTG,tgtReportedBy,tgtSurveillance) VALUES('T-5201411','Selected by JTF','2023-12-8','GROUND','CONTINUOUS');
INSERT INTO tgtFeatures VALUES('T-5201411','HARDENED','STATIC','UNRESTRICTED','INACTIVE');
INSERT INTO tgtGeometry (tgtNumber,tgtShape,tgtLength,tgtWidth,tgtCoordinates) VALUES('T-5201411','AREA',24,3,'50 25');
INSERT INTO tgtRegistry (tgtNumber,tgtDescription,tgtDTG,tgtReportedBy,tgtSurveillance) VALUES('T-3211412','Selected by HHQ','2023-11-14','SATELLITE','INTERMITTENT');
INSERT INTO tgtFeatures VALUES('T-3211412','SOFT','MOBILE','UNRESTRICTED','ACTIVE');
INSERT INTO tgtGeometry (tgtNumber,tgtShape,tgtLength,tgtWidth,tgtCoordinates) VALUES('T-3211412','POINT',17,8,'153 92');
INSERT INTO tgtRegistry (tgtNumber,tgtDescription,tgtDTG,tgtReportedBy,tgtSurveillance) VALUES('T-2711413','Selected by HHQ','2023-11-2','SATELLITE','NONE');
INSERT INTO tgtFeatures VALUES('T-2711413','REINFORCED','SEMI_STATIC','RESTRICTED','ACTIVE');
INSERT INTO tgtGeometry (tgtNumber,tgtShape,tgtLength,tgtWidth,tgtCoordinates) VALUES('T-2711413','AREA',50,28,'79 56');
INSERT INTO tgtRegistry (tgtNumber,tgtDescription,tgtDTG,tgtReportedBy,tgtSurveillance) VALUES('T-1131414','Selected by Cmdr','2023-11-22','SATELLITE','NONE');
INSERT INTO tgtFeatures VALUES('T-1131414','REINFORCED','STATIC','PROHIBITED','ACTIVE');
INSERT INTO tgtGeometry (tgtNumber,tgtShape,tgtLength,tgtWidth,tgtCoordinates) VALUES('T-1131414','POINT',4,19,'168 62');
INSERT INTO tgtRegistry (tgtNumber,tgtDescription,tgtDTG,tgtReportedBy,tgtSurveillance) VALUES('T-1181415','Selected by Cmdr','2023-11-7','INTEL','INTERMITTENT');
INSERT INTO tgtFeatures VALUES('T-1181415','REINFORCED','MOBILE','RESTRICTED','ACTIVE');
INSERT INTO tgtGeometry (tgtNumber,tgtShape,tgtLength,tgtWidth,tgtCoordinates) VALUES('T-1181415','POINT',23,42,'161 15');
INSERT INTO tgtRegistry (tgtNumber,tgtDescription,tgtDTG,tgtReportedBy,tgtSurveillance) VALUES('T-3611416','Selected by HHQ','2023-10-20','GROUND','CONTINUOUS');
INSERT INTO tgtFeatures VALUES('T-3611416','REINFORCED','SEMI_STATIC','UNRESTRICTED','INACTIVE');
INSERT INTO tgtGeometry (tgtNumber,tgtShape,tgtLength,tgtWidth,tgtCoordinates) VALUES('T-3611416','AREA',39,31,'193 55');
INSERT INTO tgtRegistry (tgtNumber,tgtDescription,tgtDTG,tgtReportedBy,tgtSurveillance) VALUES('T-1911417','Selected by JTF','2023-10-12','SATELLITE','INTERMITTENT');
INSERT INTO tgtFeatures VALUES('T-1911417','HARDENED','MOBILE','RESTRICTED','ACTIVE');
INSERT INTO tgtGeometry (tgtNumber,tgtShape,tgtLength,tgtWidth,tgtCoordinates) VALUES('T-1911417','AREA',13,26,'107 35');
INSERT INTO tgtRegistry (tgtNumber,tgtDescription,tgtDTG,tgtReportedBy,tgtSurveillance) VALUES('T-4931418','Selected by Cmdr','2023-10-13','GROUND','CONTINUOUS');
INSERT INTO tgtFeatures VALUES('T-4931418','REINFORCED','HIGHLY_MOBILE','PROHIBITED','INACTIVE');
INSERT INTO tgtGeometry (tgtNumber,tgtShape,tgtLength,tgtWidth,tgtCoordinates) VALUES('T-4931418','POINT',42,24,'76 50');
INSERT INTO tgtRegistry (tgtNumber,tgtDescription,tgtDTG,tgtReportedBy,tgtSurveillance) VALUES('T-5201419','Selected by JTF','2023-11-13','SATELLITE','CONTINUOUS');
INSERT INTO tgtFeatures VALUES('T-5201419','FORTIFIED','STATIC','PROHIBITED','INACTIVE');
INSERT INTO tgtGeometry (tgtNumber,tgtShape,tgtLength,tgtWidth,tgtCoordinates) VALUES('T-5201419','AREA',21,41,'156 33');
INSERT INTO tgtRegistry (tgtNumber,tgtDescription,tgtDTG,tgtReportedBy,tgtSurveillance) VALUES('T-1941420','Selected by JTF','2023-11-16','SATELLITE','NONE');
INSERT INTO tgtFeatures VALUES('T-1941420','REINFORCED','MOBILE','RESTRICTED','INACTIVE');
INSERT INTO tgtGeometry (tgtNumber,tgtShape,tgtLength,tgtWidth,tgtCoordinates) VALUES('T-1941420','AREA',47,13,'103 33');
INSERT INTO tgtRegistry (tgtNumber,tgtDescription,tgtDTG,tgtReportedBy,tgtSurveillance) VALUES('T-2471421','Selected by JTF','2023-12-6','AIR','NONE');
INSERT INTO tgtFeatures VALUES('T-2471421','HARDENED','STATIC','PROHIBITED','ACTIVE');
INSERT INTO tgtGeometry (tgtNumber,tgtShape,tgtLength,tgtWidth,tgtCoordinates) VALUES('T-2471421','AREA',4,13,'157 77');
INSERT INTO tgtRegistry (tgtNumber,tgtDescription,tgtDTG,tgtReportedBy,tgtSurveillance) VALUES('T-3531422','Selected by JTF','2023-12-4','AIR','CONTINUOUS');
INSERT INTO tgtFeatures VALUES('T-3531422','SOFT','MOBILE','UNRESTRICTED','ACTIVE');
INSERT INTO tgtGeometry (tgtNumber,tgtShape,tgtLength,tgtWidth,tgtCoordinates) VALUES('T-3531422','AREA',1,3,'92 15');
INSERT INTO tgtRegistry (tgtNumber,tgtDescription,tgtDTG,tgtReportedBy,tgtSurveillance) VALUES('T-7441423','Selected by HHQ','2023-12-12','AIR','NONE');
INSERT INTO tgtFeatures VALUES('T-7441423','SOFT','STATIC','RESTRICTED','ACTIVE');
INSERT INTO tgtGeometry (tgtNumber,tgtShape,tgtLength,tgtWidth,tgtCoordinates) VALUES('T-7441423','AREA',42,32,'74 29');
INSERT INTO tgtRegistry (tgtNumber,tgtDescription,tgtDTG,tgtReportedBy,tgtSurveillance) VALUES('T-8891424','Selected by HHQ','2023-10-22','INTEL','NONE');
INSERT INTO tgtFeatures VALUES('T-8891424','REINFORCED','STATIC','PROHIBITED','INACTIVE');
INSERT INTO tgtGeometry (tgtNumber,tgtShape,tgtLength,tgtWidth,tgtCoordinates) VALUES('T-8891424','AREA',29,6,'130 72');
INSERT INTO tgtRegistry (tgtNumber,tgtDescription,tgtDTG,tgtReportedBy,tgtSurveillance) VALUES('T-9031425','Selected by HHQ','2023-10-9','SATELLITE','NONE');
INSERT INTO tgtFeatures VALUES('T-9031425','REINFORCED','STATIC','RESTRICTED','INACTIVE');
INSERT INTO tgtGeometry (tgtNumber,tgtShape,tgtLength,tgtWidth,tgtCoordinates) VALUES('T-9031425','POINT',35,30,'122 70');
INSERT INTO tgtRegistry (tgtNumber,tgtDescription,tgtDTG,tgtReportedBy,tgtSurveillance) VALUES('T-2951426','Selected by HHQ','2023-10-1','AIR','CONTINUOUS');
INSERT INTO tgtFeatures VALUES('T-2951426','REINFORCED','SEMI_STATIC','PROHIBITED','ACTIVE');
INSERT INTO tgtGeometry (tgtNumber,tgtShape,tgtLength,tgtWidth,tgtCoordinates) VALUES('T-2951426','AREA',30,41,'34 93');
INSERT INTO tgtRegistry (tgtNumber,tgtDescription,tgtDTG,tgtReportedBy,tgtSurveillance) VALUES('T-4371427','Selected by Cmdr','2023-11-9','AIR','NONE');
INSERT INTO tgtFeatures VALUES('T-4371427','FORTIFIED','STATIC','RESTRICTED','ACTIVE');
INSERT INTO tgtGeometry (tgtNumber,tgtShape,tgtLength,tgtWidth,tgtCoordinates) VALUES('T-4371427','POINT',15,12,'150 60');
INSERT INTO tgtRegistry (tgtNumber,tgtDescription,tgtDTG,tgtReportedBy,tgtSurveillance) VALUES('T-3091428','Selected by HHQ','2023-10-16','SATELLITE','NONE');
INSERT INTO tgtFeatures VALUES('T-3091428','SOFT','MOBILE','RESTRICTED','ACTIVE');
INSERT INTO tgtGeometry (tgtNumber,tgtShape,tgtLength,tgtWidth,tgtCoordinates) VALUES('T-3091428','POINT',43,31,'125 90');
INSERT INTO tgtRegistry (tgtNumber,tgtDescription,tgtDTG,tgtReportedBy,tgtSurveillance) VALUES('T-1071429','Selected by HHQ','2023-12-11','INTEL','NONE');
INSERT INTO tgtFeatures VALUES('T-1071429','HARDENED','HIGHLY_MOBILE','RESTRICTED','INACTIVE');
INSERT INTO tgtGeometry (tgtNumber,tgtShape,tgtLength,tgtWidth,tgtCoordinates) VALUES('T-1071429','POINT',7,8,'158 67');
INSERT INTO tgtRegistry (tgtNumber,tgtDescription,tgtDTG,tgtReportedBy,tgtSurveillance) VALUES('T-3281430','Selected by HHQ','2023-12-24','INTEL','INTERMITTENT');
INSERT INTO tgtFeatures VALUES('T-3281430','FORTIFIED','SEMI_STATIC','RESTRICTED','INACTIVE');
INSERT INTO tgtGeometry (tgtNumber,tgtShape,tgtLength,tgtWidth,tgtCoordinates) VALUES('T-3281430','AREA',29,35,'31 72');
INSERT INTO tgtRegistry (tgtNumber,tgtDescription,tgtDTG,tgtReportedBy,tgtSurveillance) VALUES('T-6391431','Selected by Cmdr','2023-10-9','INTEL','CONTINUOUS');
INSERT INTO tgtFeatures VALUES('T-6391431','REINFORCED','SEMI_STATIC','PROHIBITED','INACTIVE');
INSERT INTO tgtGeometry (tgtNumber,tgtShape,tgtLength,tgtWidth,tgtCoordinates) VALUES('T-6391431','AREA',25,17,'136 92');
INSERT INTO tgtRegistry (tgtNumber,tgtDescription,tgtDTG,tgtReportedBy,tgtSurveillance) VALUES('T-3841432','Selected by HHQ','2023-10-20','SATELLITE','INTERMITTENT');
INSERT INTO tgtFeatures VALUES('T-3841432','FORTIFIED','HIGHLY_MOBILE','UNRESTRICTED','ACTIVE');
INSERT INTO tgtGeometry (tgtNumber,tgtShape,tgtLength,tgtWidth,tgtCoordinates) VALUES('T-3841432','AREA',47,21,'69 35');
INSERT INTO tgtRegistry (tgtNumber,tgtDescription,tgtDTG,tgtReportedBy,tgtSurveillance) VALUES('T-3801433','Selected by JTF','2023-10-25','GROUND','INTERMITTENT');
INSERT INTO tgtFeatures VALUES('T-3801433','SOFT','HIGHLY_MOBILE','RESTRICTED','ACTIVE');
INSERT INTO tgtGeometry (tgtNumber,tgtShape,tgtLength,tgtWidth,tgtCoordinates) VALUES('T-3801433','AREA',15,39,'180 85');
INSERT INTO tgtRegistry (tgtNumber,tgtDescription,tgtDTG,tgtReportedBy,tgtSurveillance) VALUES('T-4521434','Selected by JTF','2023-11-4','GROUND','NONE');
INSERT INTO tgtFeatures VALUES('T-4521434','HARDENED','SEMI_STATIC','PROHIBITED','INACTIVE');
INSERT INTO tgtGeometry (tgtNumber,tgtShape,tgtLength,tgtWidth,tgtCoordinates) VALUES('T-4521434','AREA',41,46,'101 100');
INSERT INTO tgtRegistry (tgtNumber,tgtDescription,tgtDTG,tgtReportedBy,tgtSurveillance) VALUES('T-2351435','Selected by HHQ','2023-12-3','AIR','CONTINUOUS');
INSERT INTO tgtFeatures VALUES('T-2351435','HARDENED','MOBILE','RESTRICTED','INACTIVE');
INSERT INTO tgtGeometry (tgtNumber,tgtShape,tgtLength,tgtWidth,tgtCoordinates) VALUES('T-2351435','AREA',1,29,'38 16');
INSERT INTO tgtRegistry (tgtNumber,tgtDescription,tgtDTG,tgtReportedBy,tgtSurveillance) VALUES('T-8981436','Selected by Cmdr','2023-10-20','GROUND','INTERMITTENT');
INSERT INTO tgtFeatures VALUES('T-8981436','HARDENED','HIGHLY_MOBILE','UNRESTRICTED','INACTIVE');
INSERT INTO tgtGeometry (tgtNumber,tgtShape,tgtLength,tgtWidth,tgtCoordinates) VALUES('T-8981436','POINT',43,11,'200 64');
INSERT INTO tgtRegistry (tgtNumber,tgtDescription,tgtDTG,tgtReportedBy,tgtSurveillance) VALUES('T-8071437','Selected by Cmdr','2023-10-7','SATELLITE','INTERMITTENT');
INSERT INTO tgtFeatures VALUES('T-8071437','SOFT','HIGHLY_MOBILE','RESTRICTED','ACTIVE');
INSERT INTO tgtGeometry (tgtNumber,tgtShape,tgtLength,tgtWidth,tgtCoordinates) VALUES('T-8071437','AREA',22,41,'80 76');
INSERT INTO tgtRegistry (tgtNumber,tgtDescription,tgtDTG,tgtReportedBy,tgtSurveillance) VALUES('T-6601438','Selected by Cmdr','2023-11-16','SATELLITE','INTERMITTENT');
INSERT INTO tgtFeatures VALUES('T-6601438','REINFORCED','SEMI_STATIC','RESTRICTED','ACTIVE');
INSERT INTO tgtGeometry (tgtNumber,tgtShape,tgtLength,tgtWidth,tgtCoordinates) VALUES('T-6601438','POINT',1,47,'194 22');
INSERT INTO tgtRegistry (tgtNumber,tgtDescription,tgtDTG,tgtReportedBy,tgtSurveillance) VALUES('T-8971439','Selected by Cmdr','2023-10-14','GROUND','INTERMITTENT');
INSERT INTO tgtFeatures VALUES('T-8971439','FORTIFIED','HIGHLY_MOBILE','UNRESTRICTED','INACTIVE');
INSERT INTO tgtGeometry (tgtNumber,tgtShape,tgtLength,tgtWidth,tgtCoordinates) VALUES('T-8971439','AREA',4,20,'84 75');
INSERT INTO tgtRegistry (tgtNumber,tgtDescription,tgtDTG,tgtReportedBy,tgtSurveillance) VALUES('T-3881440','Selected by HHQ','2023-10-13','GROUND','CONTINUOUS');
INSERT INTO tgtFeatures VALUES('T-3881440','SOFT','HIGHLY_MOBILE','PROHIBITED','ACTIVE');
INSERT INTO tgtGeometry (tgtNumber,tgtShape,tgtLength,tgtWidth,tgtCoordinates) VALUES('T-3881440','POINT',8,7,'86 27');
INSERT INTO tgtRegistry (tgtNumber,tgtDescription,tgtDTG,tgtReportedBy,tgtSurveillance) VALUES('T-8921441','Selected by Cmdr','2023-10-6','AIR','NONE');
INSERT INTO tgtFeatures VALUES('T-8921441','REINFORCED','STATIC','PROHIBITED','ACTIVE');
INSERT INTO tgtGeometry (tgtNumber,tgtShape,tgtLength,tgtWidth,tgtCoordinates) VALUES('T-8921441','AREA',1,28,'60 49');
INSERT INTO tgtRegistry (tgtNumber,tgtDescription,tgtDTG,tgtReportedBy,tgtSurveillance) VALUES('T-3291442','Selected by HHQ','2023-12-18','SATELLITE','INTERMITTENT');
INSERT INTO tgtFeatures VALUES('T-3291442','FORTIFIED','HIGHLY_MOBILE','RESTRICTED','INACTIVE');
INSERT INTO tgtGeometry (tgtNumber,tgtShape,tgtLength,tgtWidth,tgtCoordinates) VALUES('T-3291442','AREA',34,36,'93 47');
INSERT INTO tgtRegistry (tgtNumber,tgtDescription,tgtDTG,tgtReportedBy,tgtSurveillance) VALUES('T-9831443','Selected by HHQ','2023-10-16','AIR','NONE');
INSERT INTO tgtFeatures VALUES('T-9831443','HARDENED','SEMI_STATIC','PROHIBITED','INACTIVE');
INSERT INTO tgtGeometry (tgtNumber,tgtShape,tgtLength,tgtWidth,tgtCoordinates) VALUES('T-9831443','POINT',39,35,'156 47');
INSERT INTO tgtRegistry (tgtNumber,tgtDescription,tgtDTG,tgtReportedBy,tgtSurveillance) VALUES('T-7151444','Selected by JTF','2023-12-2','INTEL','INTERMITTENT');
INSERT INTO tgtFeatures VALUES('T-7151444','FORTIFIED','MOBILE','RESTRICTED','INACTIVE');
INSERT INTO tgtGeometry (tgtNumber,tgtShape,tgtLength,tgtWidth,tgtCoordinates) VALUES('T-7151444','AREA',14,19,'118 59');
INSERT INTO tgtRegistry (tgtNumber,tgtDescription,tgtDTG,tgtReportedBy,tgtSurveillance) VALUES('T-1061445','Selected by JTF','2023-10-14','INTEL','NONE');
INSERT INTO tgtFeatures VALUES('T-1061445','FORTIFIED','SEMI_STATIC','UNRESTRICTED','INACTIVE');
INSERT INTO tgtGeometry (tgtNumber,tgtShape,tgtLength,tgtWidth,tgtCoordinates) VALUES('T-1061445','POINT',12,22,'58 23');
INSERT INTO tgtRegistry (tgtNumber,tgtDescription,tgtDTG,tgtReportedBy,tgtSurveillance) VALUES('T-8151446','Selected by Cmdr','2023-10-25','GROUND','NONE');
INSERT INTO tgtFeatures VALUES('T-8151446','SOFT','STATIC','RESTRICTED','ACTIVE');
INSERT INTO tgtGeometry (tgtNumber,tgtShape,tgtLength,tgtWidth,tgtCoordinates) VALUES('T-8151446','POINT',19,42,'176 76');
INSERT INTO tgtRegistry (tgtNumber,tgtDescription,tgtDTG,tgtReportedBy,tgtSurveillance) VALUES('T-9161447','Selected by JTF','2023-10-15','SATELLITE','CONTINUOUS');
INSERT INTO tgtFeatures VALUES('T-9161447','REINFORCED','HIGHLY_MOBILE','RESTRICTED','INACTIVE');
INSERT INTO tgtGeometry (tgtNumber,tgtShape,tgtLength,tgtWidth,tgtCoordinates) VALUES('T-9161447','AREA',9,28,'80 82');
INSERT INTO tgtRegistry (tgtNumber,tgtDescription,tgtDTG,tgtReportedBy,tgtSurveillance) VALUES('T-3091448','Selected by JTF','2023-10-25','INTEL','INTERMITTENT');
INSERT INTO tgtFeatures VALUES('T-3091448','FORTIFIED','SEMI_STATIC','PROHIBITED','INACTIVE');
INSERT INTO tgtGeometry (tgtNumber,tgtShape,tgtLength,tgtWidth,tgtCoordinates) VALUES('T-3091448','AREA',13,26,'20 83');
INSERT INTO tgtRegistry (tgtNumber,tgtDescription,tgtDTG,tgtReportedBy,tgtSurveillance) VALUES('T-6851449','Selected by Cmdr','2023-11-23','INTEL','NONE');
INSERT INTO tgtFeatures VALUES('T-6851449','HARDENED','STATIC','PROHIBITED','INACTIVE');
INSERT INTO tgtGeometry (tgtNumber,tgtShape,tgtLength,tgtWidth,tgtCoordinates) VALUES('T-6851449','AREA',37,19,'192 92');
INSERT INTO tgtRegistry (tgtNumber,tgtDescription,tgtDTG,tgtReportedBy,tgtSurveillance) VALUES('T-3231450','Selected by Cmdr','2023-11-3','GROUND','CONTINUOUS');
INSERT INTO tgtFeatures VALUES('T-3231450','FORTIFIED','STATIC','PROHIBITED','ACTIVE');
INSERT INTO tgtGeometry (tgtNumber,tgtShape,tgtLength,tgtWidth,tgtCoordinates) VALUES('T-3231450','AREA',49,5,'157 11');
INSERT INTO tgtRegistry (tgtNumber,tgtDescription,tgtDTG,tgtReportedBy,tgtSurveillance) VALUES('T-6031451','Selected by HHQ','2023-10-14','GROUND','INTERMITTENT');
INSERT INTO tgtFeatures VALUES('T-6031451','HARDENED','HIGHLY_MOBILE','PROHIBITED','ACTIVE');
INSERT INTO tgtGeometry (tgtNumber,tgtShape,tgtLength,tgtWidth,tgtCoordinates) VALUES('T-6031451','POINT',7,29,'39 52');
INSERT INTO tgtRegistry (tgtNumber,tgtDescription,tgtDTG,tgtReportedBy,tgtSurveillance) VALUES('T-8131452','Selected by Cmdr','2023-11-15','AIR','CONTINUOUS');
INSERT INTO tgtFeatures VALUES('T-8131452','SOFT','SEMI_STATIC','UNRESTRICTED','ACTIVE');
INSERT INTO tgtGeometry (tgtNumber,tgtShape,tgtLength,tgtWidth,tgtCoordinates) VALUES('T-8131452','AREA',38,20,'61 21');
INSERT INTO tgtRegistry (tgtNumber,tgtDescription,tgtDTG,tgtReportedBy,tgtSurveillance) VALUES('T-5621453','Selected by JTF','2023-11-19','SATELLITE','CONTINUOUS');
INSERT INTO tgtFeatures VALUES('T-5621453','REINFORCED','STATIC','PROHIBITED','INACTIVE');
INSERT INTO tgtGeometry (tgtNumber,tgtShape,tgtLength,tgtWidth,tgtCoordinates) VALUES('T-5621453','AREA',2,9,'139 55');
INSERT INTO tgtRegistry (tgtNumber,tgtDescription,tgtDTG,tgtReportedBy,tgtSurveillance) VALUES('T-2561454','Selected by JTF','2023-12-12','AIR','INTERMITTENT');
INSERT INTO tgtFeatures VALUES('T-2561454','HARDENED','HIGHLY_MOBILE','PROHIBITED','ACTIVE');
INSERT INTO tgtGeometry (tgtNumber,tgtShape,tgtLength,tgtWidth,tgtCoordinates) VALUES('T-2561454','AREA',17,7,'20 87');
INSERT INTO tgtRegistry (tgtNumber,tgtDescription,tgtDTG,tgtReportedBy,tgtSurveillance) VALUES('T-6101455','Selected by Cmdr','2023-10-12','INTEL','INTERMITTENT');
INSERT INTO tgtFeatures VALUES('T-6101455','SOFT','MOBILE','RESTRICTED','INACTIVE');
INSERT INTO tgtGeometry (tgtNumber,tgtShape,tgtLength,tgtWidth,tgtCoordinates) VALUES('T-6101455','AREA',48,19,'28 60');
INSERT INTO tgtRegistry (tgtNumber,tgtDescription,tgtDTG,tgtReportedBy,tgtSurveillance) VALUES('T-5791456','Selected by HHQ','2023-10-23','INTEL','CONTINUOUS');
INSERT INTO tgtFeatures VALUES('T-5791456','REINFORCED','MOBILE','PROHIBITED','INACTIVE');
INSERT INTO tgtGeometry (tgtNumber,tgtShape,tgtLength,tgtWidth,tgtCoordinates) VALUES('T-5791456','POINT',6,29,'77 94');
INSERT INTO tgtRegistry (tgtNumber,tgtDescription,tgtDTG,tgtReportedBy,tgtSurveillance) VALUES('T-9131457','Selected by JTF','2023-11-22','SATELLITE','NONE');
INSERT INTO tgtFeatures VALUES('T-9131457','REINFORCED','HIGHLY_MOBILE','UNRESTRICTED','INACTIVE');
INSERT INTO tgtGeometry (tgtNumber,tgtShape,tgtLength,tgtWidth,tgtCoordinates) VALUES('T-9131457','POINT',2,6,'134 51');
INSERT INTO tgtRegistry (tgtNumber,tgtDescription,tgtDTG,tgtReportedBy,tgtSurveillance) VALUES('T-8841458','Selected by JTF','2023-12-13','AIR','NONE');
INSERT INTO tgtFeatures VALUES('T-8841458','HARDENED','MOBILE','UNRESTRICTED','ACTIVE');
INSERT INTO tgtGeometry (tgtNumber,tgtShape,tgtLength,tgtWidth,tgtCoordinates) VALUES('T-8841458','POINT',25,15,'40 73');
INSERT INTO tgtRegistry (tgtNumber,tgtDescription,tgtDTG,tgtReportedBy,tgtSurveillance) VALUES('T-3631459','Selected by Cmdr','2023-10-23','INTEL','CONTINUOUS');
INSERT INTO tgtFeatures VALUES('T-3631459','HARDENED','STATIC','UNRESTRICTED','ACTIVE');
INSERT INTO tgtGeometry (tgtNumber,tgtShape,tgtLength,tgtWidth,tgtCoordinates) VALUES('T-3631459','POINT',44,45,'61 97');
INSERT INTO tgtRegistry (tgtNumber,tgtDescription,tgtDTG,tgtReportedBy,tgtSurveillance) VALUES('T-5501460','Selected by JTF','2023-11-4','SATELLITE','CONTINUOUS');
INSERT INTO tgtFeatures VALUES('T-5501460','SOFT','SEMI_STATIC','UNRESTRICTED','INACTIVE');
INSERT INTO tgtGeometry (tgtNumber,tgtShape,tgtLength,tgtWidth,tgtCoordinates) VALUES('T-5501460','POINT',9,21,'124 76');
INSERT INTO tgtRegistry (tgtNumber,tgtDescription,tgtDTG,tgtReportedBy,tgtSurveillance) VALUES('T-8211461','Selected by HHQ','2023-11-9','GROUND','CONTINUOUS');
INSERT INTO tgtFeatures VALUES('T-8211461','REINFORCED','STATIC','UNRESTRICTED','INACTIVE');
INSERT INTO tgtGeometry (tgtNumber,tgtShape,tgtLength,tgtWidth,tgtCoordinates) VALUES('T-8211461','POINT',46,2,'199 24');
INSERT INTO tgtRegistry (tgtNumber,tgtDescription,tgtDTG,tgtReportedBy,tgtSurveillance) VALUES('T-9161462','Selected by JTF','2023-12-7','INTEL','NONE');
INSERT INTO tgtFeatures VALUES('T-9161462','SOFT','HIGHLY_MOBILE','UNRESTRICTED','ACTIVE');
INSERT INTO tgtGeometry (tgtNumber,tgtShape,tgtLength,tgtWidth,tgtCoordinates) VALUES('T-9161462','AREA',41,47,'50 70');
INSERT INTO tgtRegistry (tgtNumber,tgtDescription,tgtDTG,tgtReportedBy,tgtSurveillance) VALUES('T-7731463','Selected by JTF','2023-10-14','SATELLITE','CONTINUOUS');
INSERT INTO tgtFeatures VALUES('T-7731463','SOFT','STATIC','RESTRICTED','INACTIVE');
INSERT INTO tgtGeometry (tgtNumber,tgtShape,tgtLength,tgtWidth,tgtCoordinates) VALUES('T-7731463','AREA',25,42,'77 27');
INSERT INTO tgtRegistry (tgtNumber,tgtDescription,tgtDTG,tgtReportedBy,tgtSurveillance) VALUES('T-1851464','Selected by JTF','2023-10-24','SATELLITE','INTERMITTENT');
INSERT INTO tgtFeatures VALUES('T-1851464','REINFORCED','STATIC','UNRESTRICTED','INACTIVE');
INSERT INTO tgtGeometry (tgtNumber,tgtShape,tgtLength,tgtWidth,tgtCoordinates) VALUES('T-1851464','AREA',22,42,'143 83');
INSERT INTO tgtRegistry (tgtNumber,tgtDescription,tgtDTG,tgtReportedBy,tgtSurveillance) VALUES('T-7371465','Selected by HHQ','2023-11-11','INTEL','INTERMITTENT');
INSERT INTO tgtFeatures VALUES('T-7371465','HARDENED','HIGHLY_MOBILE','UNRESTRICTED','ACTIVE');
INSERT INTO tgtGeometry (tgtNumber,tgtShape,tgtLength,tgtWidth,tgtCoordinates) VALUES('T-7371465','AREA',37,8,'153 98');
INSERT INTO tgtRegistry (tgtNumber,tgtDescription,tgtDTG,tgtReportedBy,tgtSurveillance) VALUES('T-2341466','Selected by JTF','2023-10-7','GROUND','NONE');
INSERT INTO tgtFeatures VALUES('T-2341466','REINFORCED','MOBILE','PROHIBITED','ACTIVE');
INSERT INTO tgtGeometry (tgtNumber,tgtShape,tgtLength,tgtWidth,tgtCoordinates) VALUES('T-2341466','AREA',18,25,'96 56');
INSERT INTO tgtRegistry (tgtNumber,tgtDescription,tgtDTG,tgtReportedBy,tgtSurveillance) VALUES('T-7101467','Selected by HHQ','2023-12-25','INTEL','CONTINUOUS');
INSERT INTO tgtFeatures VALUES('T-7101467','FORTIFIED','SEMI_STATIC','RESTRICTED','INACTIVE');
INSERT INTO tgtGeometry (tgtNumber,tgtShape,tgtLength,tgtWidth,tgtCoordinates) VALUES('T-7101467','POINT',28,18,'175 22');
INSERT INTO tgtRegistry (tgtNumber,tgtDescription,tgtDTG,tgtReportedBy,tgtSurveillance) VALUES('T-9071468','Selected by HHQ','2023-11-15','GROUND','NONE');
INSERT INTO tgtFeatures VALUES('T-9071468','REINFORCED','HIGHLY_MOBILE','PROHIBITED','INACTIVE');
INSERT INTO tgtGeometry (tgtNumber,tgtShape,tgtLength,tgtWidth,tgtCoordinates) VALUES('T-9071468','POINT',10,14,'22 72');
INSERT INTO tgtRegistry (tgtNumber,tgtDescription,tgtDTG,tgtReportedBy,tgtSurveillance) VALUES('T-5441469','Selected by JTF','2023-10-15','GROUND','NONE');
INSERT INTO tgtFeatures VALUES('T-5441469','REINFORCED','MOBILE','PROHIBITED','INACTIVE');
INSERT INTO tgtGeometry (tgtNumber,tgtShape,tgtLength,tgtWidth,tgtCoordinates) VALUES('T-5441469','AREA',22,38,'109 69');
INSERT INTO tgtRegistry (tgtNumber,tgtDescription,tgtDTG,tgtReportedBy,tgtSurveillance) VALUES('T-5871470','Selected by JTF','2023-11-3','INTEL','CONTINUOUS');
INSERT INTO tgtFeatures VALUES('T-5871470','REINFORCED','MOBILE','UNRESTRICTED','ACTIVE');
INSERT INTO tgtGeometry (tgtNumber,tgtShape,tgtLength,tgtWidth,tgtCoordinates) VALUES('T-5871470','POINT',46,16,'121 58');
INSERT INTO tgtRegistry (tgtNumber,tgtDescription,tgtDTG,tgtReportedBy,tgtSurveillance) VALUES('T-2051471','Selected by Cmdr','2023-10-15','INTEL','INTERMITTENT');
INSERT INTO tgtFeatures VALUES('T-2051471','SOFT','STATIC','UNRESTRICTED','ACTIVE');
INSERT INTO tgtGeometry (tgtNumber,tgtShape,tgtLength,tgtWidth,tgtCoordinates) VALUES('T-2051471','AREA',3,41,'191 51');
INSERT INTO tgtRegistry (tgtNumber,tgtDescription,tgtDTG,tgtReportedBy,tgtSurveillance) VALUES('T-9271472','Selected by HHQ','2023-12-13','SATELLITE','NONE');
INSERT INTO tgtFeatures VALUES('T-9271472','REINFORCED','HIGHLY_MOBILE','UNRESTRICTED','INACTIVE');
INSERT INTO tgtGeometry (tgtNumber,tgtShape,tgtLength,tgtWidth,tgtCoordinates) VALUES('T-9271472','POINT',33,33,'160 69');
INSERT INTO tgtRegistry (tgtNumber,tgtDescription,tgtDTG,tgtReportedBy,tgtSurveillance) VALUES('T-1411473','Selected by HHQ','2023-11-4','GROUND','INTERMITTENT');
INSERT INTO tgtFeatures VALUES('T-1411473','FORTIFIED','SEMI_STATIC','UNRESTRICTED','ACTIVE');
INSERT INTO tgtGeometry (tgtNumber,tgtShape,tgtLength,tgtWidth,tgtCoordinates) VALUES('T-1411473','AREA',3,21,'89 87');
INSERT INTO tgtRegistry (tgtNumber,tgtDescription,tgtDTG,tgtReportedBy,tgtSurveillance) VALUES('T-8761474','Selected by Cmdr','2023-10-2','AIR','NONE');
INSERT INTO tgtFeatures VALUES('T-8761474','HARDENED','MOBILE','RESTRICTED','ACTIVE');
INSERT INTO tgtGeometry (tgtNumber,tgtShape,tgtLength,tgtWidth,tgtCoordinates) VALUES('T-8761474','POINT',21,23,'153 45');
INSERT INTO tgtRegistry (tgtNumber,tgtDescription,tgtDTG,tgtReportedBy,tgtSurveillance) VALUES('T-7781475','Selected by HHQ','2023-11-6','AIR','INTERMITTENT');
INSERT INTO tgtFeatures VALUES('T-7781475','REINFORCED','STATIC','RESTRICTED','ACTIVE');
INSERT INTO tgtGeometry (tgtNumber,tgtShape,tgtLength,tgtWidth,tgtCoordinates) VALUES('T-7781475','POINT',7,15,'53 70');
INSERT INTO tgtRegistry (tgtNumber,tgtDescription,tgtDTG,tgtReportedBy,tgtSurveillance) VALUES('T-7251476','Selected by JTF','2023-11-15','INTEL','CONTINUOUS');
INSERT INTO tgtFeatures VALUES('T-7251476','REINFORCED','SEMI_STATIC','RESTRICTED','INACTIVE');
INSERT INTO tgtGeometry (tgtNumber,tgtShape,tgtLength,tgtWidth,tgtCoordinates) VALUES('T-7251476','AREA',19,37,'37 12');
INSERT INTO tgtRegistry (tgtNumber,tgtDescription,tgtDTG,tgtReportedBy,tgtSurveillance) VALUES('T-2831477','Selected by Cmdr','2023-11-17','AIR','NONE');
INSERT INTO tgtFeatures VALUES('T-2831477','FORTIFIED','SEMI_STATIC','PROHIBITED','INACTIVE');
INSERT INTO tgtGeometry (tgtNumber,tgtShape,tgtLength,tgtWidth,tgtCoordinates) VALUES('T-2831477','AREA',20,10,'135 33');
INSERT INTO tgtRegistry (tgtNumber,tgtDescription,tgtDTG,tgtReportedBy,tgtSurveillance) VALUES('T-9501478','Selected by HHQ','2023-11-25','GROUND','INTERMITTENT');
INSERT INTO tgtFeatures VALUES('T-9501478','HARDENED','STATIC','UNRESTRICTED','INACTIVE');
INSERT INTO tgtGeometry (tgtNumber,tgtShape,tgtLength,tgtWidth,tgtCoordinates) VALUES('T-9501478','POINT',15,29,'183 14');
INSERT INTO tgtRegistry (tgtNumber,tgtDescription,tgtDTG,tgtReportedBy,tgtSurveillance) VALUES('T-2451479','Selected by Cmdr','2023-10-10','INTEL','CONTINUOUS');
INSERT INTO tgtFeatures VALUES('T-2451479','SOFT','HIGHLY_MOBILE','PROHIBITED','INACTIVE');
INSERT INTO tgtGeometry (tgtNumber,tgtShape,tgtLength,tgtWidth,tgtCoordinates) VALUES('T-2451479','POINT',10,6,'122 76');
INSERT INTO tgtRegistry (tgtNumber,tgtDescription,tgtDTG,tgtReportedBy,tgtSurveillance) VALUES('T-3891480','Selected by HHQ','2023-12-9','GROUND','CONTINUOUS');
INSERT INTO tgtFeatures VALUES('T-3891480','REINFORCED','SEMI_STATIC','PROHIBITED','ACTIVE');
INSERT INTO tgtGeometry (tgtNumber,tgtShape,tgtLength,tgtWidth,tgtCoordinates) VALUES('T-3891480','AREA',50,45,'56 51');
INSERT INTO tgtRegistry (tgtNumber,tgtDescription,tgtDTG,tgtReportedBy,tgtSurveillance) VALUES('T-2631481','Selected by Cmdr','2023-11-4','INTEL','INTERMITTENT');
INSERT INTO tgtFeatures VALUES('T-2631481','SOFT','HIGHLY_MOBILE','RESTRICTED','INACTIVE');
INSERT INTO tgtGeometry (tgtNumber,tgtShape,tgtLength,tgtWidth,tgtCoordinates) VALUES('T-2631481','AREA',1,7,'38 32');
INSERT INTO tgtRegistry (tgtNumber,tgtDescription,tgtDTG,tgtReportedBy,tgtSurveillance) VALUES('T-7191482','Selected by Cmdr','2023-12-24','SATELLITE','INTERMITTENT');
INSERT INTO tgtFeatures VALUES('T-7191482','SOFT','MOBILE','UNRESTRICTED','ACTIVE');
INSERT INTO tgtGeometry (tgtNumber,tgtShape,tgtLength,tgtWidth,tgtCoordinates) VALUES('T-7191482','POINT',37,8,'144 19');
INSERT INTO tgtRegistry (tgtNumber,tgtDescription,tgtDTG,tgtReportedBy,tgtSurveillance) VALUES('T-5911483','Selected by JTF','2023-11-11','GROUND','NONE');
INSERT INTO tgtFeatures VALUES('T-5911483','HARDENED','HIGHLY_MOBILE','UNRESTRICTED','INACTIVE');
INSERT INTO tgtGeometry (tgtNumber,tgtShape,tgtLength,tgtWidth,tgtCoordinates) VALUES('T-5911483','AREA',9,18,'161 14');
INSERT INTO tgtRegistry (tgtNumber,tgtDescription,tgtDTG,tgtReportedBy,tgtSurveillance) VALUES('T-7711484','Selected by JTF','2023-11-24','SATELLITE','CONTINUOUS');
INSERT INTO tgtFeatures VALUES('T-7711484','SOFT','STATIC','RESTRICTED','ACTIVE');
INSERT INTO tgtGeometry (tgtNumber,tgtShape,tgtLength,tgtWidth,tgtCoordinates) VALUES('T-7711484','AREA',19,19,'187 71');
INSERT INTO tgtRegistry (tgtNumber,tgtDescription,tgtDTG,tgtReportedBy,tgtSurveillance) VALUES('T-7341485','Selected by Cmdr','2023-12-12','AIR','INTERMITTENT');
INSERT INTO tgtFeatures VALUES('T-7341485','FORTIFIED','STATIC','UNRESTRICTED','ACTIVE');
INSERT INTO tgtGeometry (tgtNumber,tgtShape,tgtLength,tgtWidth,tgtCoordinates) VALUES('T-7341485','AREA',30,28,'86 16');
INSERT INTO tgtRegistry (tgtNumber,tgtDescription,tgtDTG,tgtReportedBy,tgtSurveillance) VALUES('T-5071486','Selected by HHQ','2023-12-15','AIR','INTERMITTENT');
INSERT INTO tgtFeatures VALUES('T-5071486','SOFT','STATIC','PROHIBITED','INACTIVE');
INSERT INTO tgtGeometry (tgtNumber,tgtShape,tgtLength,tgtWidth,tgtCoordinates) VALUES('T-5071486','POINT',2,10,'101 56');
INSERT INTO tgtRegistry (tgtNumber,tgtDescription,tgtDTG,tgtReportedBy,tgtSurveillance) VALUES('T-8721487','Selected by Cmdr','2023-12-22','SATELLITE','NONE');
INSERT INTO tgtFeatures VALUES('T-8721487','FORTIFIED','SEMI_STATIC','RESTRICTED','INACTIVE');
INSERT INTO tgtGeometry (tgtNumber,tgtShape,tgtLength,tgtWidth,tgtCoordinates) VALUES('T-8721487','AREA',36,5,'102 88');
INSERT INTO tgtRegistry (tgtNumber,tgtDescription,tgtDTG,tgtReportedBy,tgtSurveillance) VALUES('T-5861488','Selected by JTF','2023-10-5','AIR','CONTINUOUS');
INSERT INTO tgtFeatures VALUES('T-5861488','SOFT','SEMI_STATIC','UNRESTRICTED','ACTIVE');
INSERT INTO tgtGeometry (tgtNumber,tgtShape,tgtLength,tgtWidth,tgtCoordinates) VALUES('T-5861488','POINT',24,42,'162 21');
INSERT INTO tgtRegistry (tgtNumber,tgtDescription,tgtDTG,tgtReportedBy,tgtSurveillance) VALUES('T-7641489','Selected by JTF','2023-10-12','INTEL','CONTINUOUS');
INSERT INTO tgtFeatures VALUES('T-7641489','SOFT','HIGHLY_MOBILE','PROHIBITED','INACTIVE');
INSERT INTO tgtGeometry (tgtNumber,tgtShape,tgtLength,tgtWidth,tgtCoordinates) VALUES('T-7641489','AREA',46,41,'176 95');
INSERT INTO tgtRegistry (tgtNumber,tgtDescription,tgtDTG,tgtReportedBy,tgtSurveillance) VALUES('T-5701490','Selected by Cmdr','2023-11-4','SATELLITE','NONE');
INSERT INTO tgtFeatures VALUES('T-5701490','REINFORCED','SEMI_STATIC','RESTRICTED','INACTIVE');
INSERT INTO tgtGeometry (tgtNumber,tgtShape,tgtLength,tgtWidth,tgtCoordinates) VALUES('T-5701490','AREA',20,38,'98 68');
INSERT INTO tgtRegistry (tgtNumber,tgtDescription,tgtDTG,tgtReportedBy,tgtSurveillance) VALUES('T-4081491','Selected by HHQ','2023-11-23','AIR','CONTINUOUS');
INSERT INTO tgtFeatures VALUES('T-4081491','SOFT','HIGHLY_MOBILE','RESTRICTED','ACTIVE');
INSERT INTO tgtGeometry (tgtNumber,tgtShape,tgtLength,tgtWidth,tgtCoordinates) VALUES('T-4081491','AREA',23,29,'32 58');
INSERT INTO tgtRegistry (tgtNumber,tgtDescription,tgtDTG,tgtReportedBy,tgtSurveillance) VALUES('T-8381492','Selected by HHQ','2023-12-1','INTEL','INTERMITTENT');
INSERT INTO tgtFeatures VALUES('T-8381492','FORTIFIED','MOBILE','UNRESTRICTED','ACTIVE');
INSERT INTO tgtGeometry (tgtNumber,tgtShape,tgtLength,tgtWidth,tgtCoordinates) VALUES('T-8381492','AREA',29,28,'159 84');
INSERT INTO tgtRegistry (tgtNumber,tgtDescription,tgtDTG,tgtReportedBy,tgtSurveillance) VALUES('T-5021493','Selected by HHQ','2023-12-20','SATELLITE','CONTINUOUS');
INSERT INTO tgtFeatures VALUES('T-5021493','SOFT','SEMI_STATIC','RESTRICTED','ACTIVE');
INSERT INTO tgtGeometry (tgtNumber,tgtShape,tgtLength,tgtWidth,tgtCoordinates) VALUES('T-5021493','AREA',1,33,'60 88');
INSERT INTO tgtRegistry (tgtNumber,tgtDescription,tgtDTG,tgtReportedBy,tgtSurveillance) VALUES('T-2481494','Selected by HHQ','2023-11-14','SATELLITE','NONE');
INSERT INTO tgtFeatures VALUES('T-2481494','FORTIFIED','HIGHLY_MOBILE','PROHIBITED','ACTIVE');
INSERT INTO tgtGeometry (tgtNumber,tgtShape,tgtLength,tgtWidth,tgtCoordinates) VALUES('T-2481494','AREA',8,16,'180 42');
INSERT INTO tgtRegistry (tgtNumber,tgtDescription,tgtDTG,tgtReportedBy,tgtSurveillance) VALUES('T-2811495','Selected by Cmdr','2023-11-15','AIR','CONTINUOUS');
INSERT INTO tgtFeatures VALUES('T-2811495','FORTIFIED','STATIC','PROHIBITED','ACTIVE');
INSERT INTO tgtGeometry (tgtNumber,tgtShape,tgtLength,tgtWidth,tgtCoordinates) VALUES('T-2811495','POINT',30,5,'139 17');
INSERT INTO tgtRegistry (tgtNumber,tgtDescription,tgtDTG,tgtReportedBy,tgtSurveillance) VALUES('T-9031496','Selected by JTF','2023-11-6','GROUND','INTERMITTENT');
INSERT INTO tgtFeatures VALUES('T-9031496','REINFORCED','HIGHLY_MOBILE','RESTRICTED','INACTIVE');
INSERT INTO tgtGeometry (tgtNumber,tgtShape,tgtLength,tgtWidth,tgtCoordinates) VALUES('T-9031496','POINT',38,19,'151 17');
INSERT INTO tgtRegistry (tgtNumber,tgtDescription,tgtDTG,tgtReportedBy,tgtSurveillance) VALUES('T-5301497','Selected by JTF','2023-12-3','GROUND','CONTINUOUS');
INSERT INTO tgtFeatures VALUES('T-5301497','SOFT','STATIC','UNRESTRICTED','ACTIVE');
INSERT INTO tgtGeometry (tgtNumber,tgtShape,tgtLength,tgtWidth,tgtCoordinates) VALUES('T-5301497','POINT',1,42,'114 53');
INSERT INTO tgtRegistry (tgtNumber,tgtDescription,tgtDTG,tgtReportedBy,tgtSurveillance) VALUES('T-8591498','Selected by Cmdr','2023-12-23','INTEL','NONE');
INSERT INTO tgtFeatures VALUES('T-8591498','HARDENED','STATIC','PROHIBITED','INACTIVE');
INSERT INTO tgtGeometry (tgtNumber,tgtShape,tgtLength,tgtWidth,tgtCoordinates) VALUES('T-8591498','AREA',46,8,'45 14');
INSERT INTO tgtRegistry (tgtNumber,tgtDescription,tgtDTG,tgtReportedBy,tgtSurveillance) VALUES('T-8701499','Selected by Cmdr','2023-12-20','GROUND','CONTINUOUS');
INSERT INTO tgtFeatures VALUES('T-8701499','SOFT','MOBILE','RESTRICTED','ACTIVE');
INSERT INTO tgtGeometry (tgtNumber,tgtShape,tgtLength,tgtWidth,tgtCoordinates) VALUES('T-8701499','POINT',46,36,'33 15');
INSERT INTO tgtRegistry (tgtNumber,tgtDescription,tgtDTG,tgtReportedBy,tgtSurveillance) VALUES('T-1491500','Selected by Cmdr','2023-12-3','AIR','CONTINUOUS');
INSERT INTO tgtFeatures VALUES('T-1491500','FORTIFIED','HIGHLY_MOBILE','PROHIBITED','INACTIVE');
INSERT INTO tgtGeometry (tgtNumber,tgtShape,tgtLength,tgtWidth,tgtCoordinates) VALUES('T-1491500','AREA',14,1,'30 17');
INSERT INTO tgtRegistry (tgtNumber,tgtDescription,tgtDTG,tgtReportedBy,tgtSurveillance) VALUES('T-7311501','Selected by Cmdr','2023-11-8','AIR','INTERMITTENT');
INSERT INTO tgtFeatures VALUES('T-7311501','REINFORCED','STATIC','RESTRICTED','INACTIVE');
INSERT INTO tgtGeometry (tgtNumber,tgtShape,tgtLength,tgtWidth,tgtCoordinates) VALUES('T-7311501','POINT',21,38,'129 99');
INSERT INTO tgtRegistry (tgtNumber,tgtDescription,tgtDTG,tgtReportedBy,tgtSurveillance) VALUES('T-7851502','Selected by JTF','2023-10-5','INTEL','INTERMITTENT');
INSERT INTO tgtFeatures VALUES('T-7851502','HARDENED','SEMI_STATIC','RESTRICTED','ACTIVE');
INSERT INTO tgtGeometry (tgtNumber,tgtShape,tgtLength,tgtWidth,tgtCoordinates) VALUES('T-7851502','AREA',10,1,'51 75');
INSERT INTO tgtRegistry (tgtNumber,tgtDescription,tgtDTG,tgtReportedBy,tgtSurveillance) VALUES('T-1031503','Selected by Cmdr','2023-12-19','SATELLITE','NONE');
INSERT INTO tgtFeatures VALUES('T-1031503','HARDENED','STATIC','UNRESTRICTED','INACTIVE');
INSERT INTO tgtGeometry (tgtNumber,tgtShape,tgtLength,tgtWidth,tgtCoordinates) VALUES('T-1031503','AREA',14,16,'158 67');
INSERT INTO tgtRegistry (tgtNumber,tgtDescription,tgtDTG,tgtReportedBy,tgtSurveillance) VALUES('T-4351504','Selected by Cmdr','2023-12-8','SATELLITE','CONTINUOUS');
INSERT INTO tgtFeatures VALUES('T-4351504','REINFORCED','HIGHLY_MOBILE','PROHIBITED','INACTIVE');
INSERT INTO tgtGeometry (tgtNumber,tgtShape,tgtLength,tgtWidth,tgtCoordinates) VALUES('T-4351504','POINT',43,34,'184 48');
INSERT INTO tgtRegistry (tgtNumber,tgtDescription,tgtDTG,tgtReportedBy,tgtSurveillance) VALUES('T-3641505','Selected by JTF','2023-10-18','SATELLITE','NONE');
INSERT INTO tgtFeatures VALUES('T-3641505','FORTIFIED','HIGHLY_MOBILE','PROHIBITED','ACTIVE');
INSERT INTO tgtGeometry (tgtNumber,tgtShape,tgtLength,tgtWidth,tgtCoordinates) VALUES('T-3641505','AREA',4,19,'161 30');
INSERT INTO tgtRegistry (tgtNumber,tgtDescription,tgtDTG,tgtReportedBy,tgtSurveillance) VALUES('T-4021506','Selected by JTF','2023-10-7','GROUND','NONE');
INSERT INTO tgtFeatures VALUES('T-4021506','FORTIFIED','HIGHLY_MOBILE','PROHIBITED','ACTIVE');
INSERT INTO tgtGeometry (tgtNumber,tgtShape,tgtLength,tgtWidth,tgtCoordinates) VALUES('T-4021506','POINT',1,46,'144 55');
INSERT INTO tgtRegistry (tgtNumber,tgtDescription,tgtDTG,tgtReportedBy,tgtSurveillance) VALUES('T-1781507','Selected by Cmdr','2023-12-14','AIR','INTERMITTENT');
INSERT INTO tgtFeatures VALUES('T-1781507','FORTIFIED','STATIC','PROHIBITED','ACTIVE');
INSERT INTO tgtGeometry (tgtNumber,tgtShape,tgtLength,tgtWidth,tgtCoordinates) VALUES('T-1781507','POINT',14,9,'111 56');
INSERT INTO tgtRegistry (tgtNumber,tgtDescription,tgtDTG,tgtReportedBy,tgtSurveillance) VALUES('T-9961508','Selected by JTF','2023-12-23','SATELLITE','INTERMITTENT');
INSERT INTO tgtFeatures VALUES('T-9961508','FORTIFIED','MOBILE','PROHIBITED','INACTIVE');
INSERT INTO tgtGeometry (tgtNumber,tgtShape,tgtLength,tgtWidth,tgtCoordinates) VALUES('T-9961508','AREA',50,34,'28 73');
INSERT INTO tgtRegistry (tgtNumber,tgtDescription,tgtDTG,tgtReportedBy,tgtSurveillance) VALUES('T-8141509','Selected by HHQ','2023-10-6','SATELLITE','NONE');
INSERT INTO tgtFeatures VALUES('T-8141509','FORTIFIED','HIGHLY_MOBILE','UNRESTRICTED','ACTIVE');
INSERT INTO tgtGeometry (tgtNumber,tgtShape,tgtLength,tgtWidth,tgtCoordinates) VALUES('T-8141509','AREA',5,22,'174 54');
INSERT INTO tgtRegistry (tgtNumber,tgtDescription,tgtDTG,tgtReportedBy,tgtSurveillance) VALUES('T-9321510','Selected by HHQ','2023-12-10','GROUND','CONTINUOUS');
INSERT INTO tgtFeatures VALUES('T-9321510','FORTIFIED','SEMI_STATIC','UNRESTRICTED','ACTIVE');
INSERT INTO tgtGeometry (tgtNumber,tgtShape,tgtLength,tgtWidth,tgtCoordinates) VALUES('T-9321510','POINT',9,22,'103 94');
INSERT INTO tgtRegistry (tgtNumber,tgtDescription,tgtDTG,tgtReportedBy,tgtSurveillance) VALUES('T-7081511','Selected by HHQ','2023-11-24','GROUND','INTERMITTENT');
INSERT INTO tgtFeatures VALUES('T-7081511','HARDENED','MOBILE','PROHIBITED','INACTIVE');
INSERT INTO tgtGeometry (tgtNumber,tgtShape,tgtLength,tgtWidth,tgtCoordinates) VALUES('T-7081511','AREA',6,8,'100 85');
INSERT INTO tgtRegistry (tgtNumber,tgtDescription,tgtDTG,tgtReportedBy,tgtSurveillance) VALUES('T-8921512','Selected by Cmdr','2023-12-21','AIR','NONE');
INSERT INTO tgtFeatures VALUES('T-8921512','SOFT','HIGHLY_MOBILE','UNRESTRICTED','ACTIVE');
INSERT INTO tgtGeometry (tgtNumber,tgtShape,tgtLength,tgtWidth,tgtCoordinates) VALUES('T-8921512','AREA',26,34,'169 74');
INSERT INTO tgtRegistry (tgtNumber,tgtDescription,tgtDTG,tgtReportedBy,tgtSurveillance) VALUES('T-1451513','Selected by JTF','2023-10-5','INTEL','CONTINUOUS');
INSERT INTO tgtFeatures VALUES('T-1451513','REINFORCED','MOBILE','UNRESTRICTED','INACTIVE');
INSERT INTO tgtGeometry (tgtNumber,tgtShape,tgtLength,tgtWidth,tgtCoordinates) VALUES('T-1451513','AREA',27,38,'89 29');
INSERT INTO tgtRegistry (tgtNumber,tgtDescription,tgtDTG,tgtReportedBy,tgtSurveillance) VALUES('T-5441514','Selected by Cmdr','2023-10-11','INTEL','NONE');
INSERT INTO tgtFeatures VALUES('T-5441514','FORTIFIED','MOBILE','UNRESTRICTED','INACTIVE');
INSERT INTO tgtGeometry (tgtNumber,tgtShape,tgtLength,tgtWidth,tgtCoordinates) VALUES('T-5441514','POINT',29,3,'88 66');
INSERT INTO tgtRegistry (tgtNumber,tgtDescription,tgtDTG,tgtReportedBy,tgtSurveillance) VALUES('T-7101515','Selected by HHQ','2023-10-15','GROUND','INTERMITTENT');
INSERT INTO tgtFeatures VALUES('T-7101515','HARDENED','HIGHLY_MOBILE','UNRESTRICTED','INACTIVE');
INSERT INTO tgtGeometry (tgtNumber,tgtShape,tgtLength,tgtWidth,tgtCoordinates) VALUES('T-7101515','AREA',24,25,'34 46');
INSERT INTO tgtRegistry (tgtNumber,tgtDescription,tgtDTG,tgtReportedBy,tgtSurveillance) VALUES('T-5011516','Selected by JTF','2023-11-19','SATELLITE','CONTINUOUS');
INSERT INTO tgtFeatures VALUES('T-5011516','FORTIFIED','SEMI_STATIC','PROHIBITED','INACTIVE');
INSERT INTO tgtGeometry (tgtNumber,tgtShape,tgtLength,tgtWidth,tgtCoordinates) VALUES('T-5011516','AREA',6,2,'153 28');
INSERT INTO tgtRegistry (tgtNumber,tgtDescription,tgtDTG,tgtReportedBy,tgtSurveillance) VALUES('T-6801517','Selected by Cmdr','2023-10-20','GROUND','INTERMITTENT');
INSERT INTO tgtFeatures VALUES('T-6801517','SOFT','HIGHLY_MOBILE','RESTRICTED','ACTIVE');
INSERT INTO tgtGeometry (tgtNumber,tgtShape,tgtLength,tgtWidth,tgtCoordinates) VALUES('T-6801517','POINT',6,24,'99 22');
INSERT INTO tgtRegistry (tgtNumber,tgtDescription,tgtDTG,tgtReportedBy,tgtSurveillance) VALUES('T-5171518','Selected by JTF','2023-11-15','GROUND','INTERMITTENT');
INSERT INTO tgtFeatures VALUES('T-5171518','FORTIFIED','STATIC','UNRESTRICTED','INACTIVE');
INSERT INTO tgtGeometry (tgtNumber,tgtShape,tgtLength,tgtWidth,tgtCoordinates) VALUES('T-5171518','AREA',20,47,'99 61');
INSERT INTO tgtRegistry (tgtNumber,tgtDescription,tgtDTG,tgtReportedBy,tgtSurveillance) VALUES('T-9731519','Selected by Cmdr','2023-11-3','INTEL','CONTINUOUS');
INSERT INTO tgtFeatures VALUES('T-9731519','SOFT','MOBILE','RESTRICTED','INACTIVE');
INSERT INTO tgtGeometry (tgtNumber,tgtShape,tgtLength,tgtWidth,tgtCoordinates) VALUES('T-9731519','AREA',15,43,'78 64');
INSERT INTO tgtRegistry (tgtNumber,tgtDescription,tgtDTG,tgtReportedBy,tgtSurveillance) VALUES('T-3731520','Selected by HHQ','2023-12-2','INTEL','CONTINUOUS');
INSERT INTO tgtFeatures VALUES('T-3731520','REINFORCED','MOBILE','RESTRICTED','ACTIVE');
INSERT INTO tgtGeometry (tgtNumber,tgtShape,tgtLength,tgtWidth,tgtCoordinates) VALUES('T-3731520','AREA',11,35,'121 77');
INSERT INTO tgtRegistry (tgtNumber,tgtDescription,tgtDTG,tgtReportedBy,tgtSurveillance) VALUES('T-7651521','Selected by Cmdr','2023-11-6','GROUND','CONTINUOUS');
INSERT INTO tgtFeatures VALUES('T-7651521','HARDENED','HIGHLY_MOBILE','UNRESTRICTED','ACTIVE');
INSERT INTO tgtGeometry (tgtNumber,tgtShape,tgtLength,tgtWidth,tgtCoordinates) VALUES('T-7651521','POINT',18,30,'149 68');
INSERT INTO tgtRegistry (tgtNumber,tgtDescription,tgtDTG,tgtReportedBy,tgtSurveillance) VALUES('T-5371522','Selected by Cmdr','2023-10-8','AIR','CONTINUOUS');
INSERT INTO tgtFeatures VALUES('T-5371522','FORTIFIED','MOBILE','PROHIBITED','INACTIVE');
INSERT INTO tgtGeometry (tgtNumber,tgtShape,tgtLength,tgtWidth,tgtCoordinates) VALUES('T-5371522','AREA',50,24,'137 32');
INSERT INTO tgtRegistry (tgtNumber,tgtDescription,tgtDTG,tgtReportedBy,tgtSurveillance) VALUES('T-7481523','Selected by JTF','2023-11-23','INTEL','NONE');
INSERT INTO tgtFeatures VALUES('T-7481523','FORTIFIED','HIGHLY_MOBILE','PROHIBITED','ACTIVE');
INSERT INTO tgtGeometry (tgtNumber,tgtShape,tgtLength,tgtWidth,tgtCoordinates) VALUES('T-7481523','AREA',32,18,'186 19');
INSERT INTO tgtRegistry (tgtNumber,tgtDescription,tgtDTG,tgtReportedBy,tgtSurveillance) VALUES('T-4051524','Selected by Cmdr','2023-10-17','GROUND','CONTINUOUS');
INSERT INTO tgtFeatures VALUES('T-4051524','SOFT','HIGHLY_MOBILE','PROHIBITED','ACTIVE');
INSERT INTO tgtGeometry (tgtNumber,tgtShape,tgtLength,tgtWidth,tgtCoordinates) VALUES('T-4051524','POINT',17,3,'81 26');
INSERT INTO tgtRegistry (tgtNumber,tgtDescription,tgtDTG,tgtReportedBy,tgtSurveillance) VALUES('T-3221525','Selected by JTF','2023-10-3','GROUND','CONTINUOUS');
INSERT INTO tgtFeatures VALUES('T-3221525','SOFT','SEMI_STATIC','UNRESTRICTED','INACTIVE');
INSERT INTO tgtGeometry (tgtNumber,tgtShape,tgtLength,tgtWidth,tgtCoordinates) VALUES('T-3221525','POINT',38,43,'123 13');
INSERT INTO tgtRegistry (tgtNumber,tgtDescription,tgtDTG,tgtReportedBy,tgtSurveillance) VALUES('T-4061526','Selected by Cmdr','2023-11-23','AIR','CONTINUOUS');
INSERT INTO tgtFeatures VALUES('T-4061526','SOFT','HIGHLY_MOBILE','RESTRICTED','ACTIVE');
INSERT INTO tgtGeometry (tgtNumber,tgtShape,tgtLength,tgtWidth,tgtCoordinates) VALUES('T-4061526','AREA',5,27,'50 97');
INSERT INTO tgtRegistry (tgtNumber,tgtDescription,tgtDTG,tgtReportedBy,tgtSurveillance) VALUES('T-8781527','Selected by Cmdr','2023-10-8','INTEL','INTERMITTENT');
INSERT INTO tgtFeatures VALUES('T-8781527','HARDENED','MOBILE','UNRESTRICTED','INACTIVE');
INSERT INTO tgtGeometry (tgtNumber,tgtShape,tgtLength,tgtWidth,tgtCoordinates) VALUES('T-8781527','POINT',20,42,'111 25');
INSERT INTO tgtRegistry (tgtNumber,tgtDescription,tgtDTG,tgtReportedBy,tgtSurveillance) VALUES('T-8071528','Selected by Cmdr','2023-10-25','GROUND','CONTINUOUS');
INSERT INTO tgtFeatures VALUES('T-8071528','SOFT','HIGHLY_MOBILE','UNRESTRICTED','INACTIVE');
INSERT INTO tgtGeometry (tgtNumber,tgtShape,tgtLength,tgtWidth,tgtCoordinates) VALUES('T-8071528','AREA',35,6,'115 48');
INSERT INTO tgtRegistry (tgtNumber,tgtDescription,tgtDTG,tgtReportedBy,tgtSurveillance) VALUES('T-2361529','Selected by Cmdr','2023-10-5','INTEL','INTERMITTENT');
INSERT INTO tgtFeatures VALUES('T-2361529','HARDENED','HIGHLY_MOBILE','PROHIBITED','INACTIVE');
INSERT INTO tgtGeometry (tgtNumber,tgtShape,tgtLength,tgtWidth,tgtCoordinates) VALUES('T-2361529','POINT',43,2,'158 85');
INSERT INTO tgtRegistry (tgtNumber,tgtDescription,tgtDTG,tgtReportedBy,tgtSurveillance) VALUES('T-3901530','Selected by HHQ','2023-11-25','AIR','NONE');
INSERT INTO tgtFeatures VALUES('T-3901530','FORTIFIED','SEMI_STATIC','PROHIBITED','ACTIVE');
INSERT INTO tgtGeometry (tgtNumber,tgtShape,tgtLength,tgtWidth,tgtCoordinates) VALUES('T-3901530','POINT',23,46,'74 42');
INSERT INTO tgtRegistry (tgtNumber,tgtDescription,tgtDTG,tgtReportedBy,tgtSurveillance) VALUES('T-6741531','Selected by JTF','2023-10-3','AIR','INTERMITTENT');
INSERT INTO tgtFeatures VALUES('T-6741531','SOFT','STATIC','UNRESTRICTED','ACTIVE');
INSERT INTO tgtGeometry (tgtNumber,tgtShape,tgtLength,tgtWidth,tgtCoordinates) VALUES('T-6741531','POINT',48,12,'160 87');
INSERT INTO tgtRegistry (tgtNumber,tgtDescription,tgtDTG,tgtReportedBy,tgtSurveillance) VALUES('T-7991532','Selected by JTF','2023-10-11','AIR','CONTINUOUS');
INSERT INTO tgtFeatures VALUES('T-7991532','HARDENED','STATIC','UNRESTRICTED','ACTIVE');
INSERT INTO tgtGeometry (tgtNumber,tgtShape,tgtLength,tgtWidth,tgtCoordinates) VALUES('T-7991532','AREA',23,27,'157 33');
INSERT INTO tgtRegistry (tgtNumber,tgtDescription,tgtDTG,tgtReportedBy,tgtSurveillance) VALUES('T-9011533','Selected by JTF','2023-12-24','AIR','NONE');
INSERT INTO tgtFeatures VALUES('T-9011533','FORTIFIED','STATIC','PROHIBITED','ACTIVE');
INSERT INTO tgtGeometry (tgtNumber,tgtShape,tgtLength,tgtWidth,tgtCoordinates) VALUES('T-9011533','POINT',17,18,'120 24');
INSERT INTO tgtRegistry (tgtNumber,tgtDescription,tgtDTG,tgtReportedBy,tgtSurveillance) VALUES('T-3751534','Selected by JTF','2023-11-25','AIR','NONE');
INSERT INTO tgtFeatures VALUES('T-3751534','HARDENED','SEMI_STATIC','RESTRICTED','INACTIVE');
INSERT INTO tgtGeometry (tgtNumber,tgtShape,tgtLength,tgtWidth,tgtCoordinates) VALUES('T-3751534','POINT',23,24,'77 93');
INSERT INTO tgtRegistry (tgtNumber,tgtDescription,tgtDTG,tgtReportedBy,tgtSurveillance) VALUES('T-3441535','Selected by JTF','2023-10-11','INTEL','INTERMITTENT');
INSERT INTO tgtFeatures VALUES('T-3441535','REINFORCED','HIGHLY_MOBILE','PROHIBITED','INACTIVE');
INSERT INTO tgtGeometry (tgtNumber,tgtShape,tgtLength,tgtWidth,tgtCoordinates) VALUES('T-3441535','POINT',6,20,'73 52');
INSERT INTO tgtRegistry (tgtNumber,tgtDescription,tgtDTG,tgtReportedBy,tgtSurveillance) VALUES('T-5261536','Selected by HHQ','2023-12-19','INTEL','CONTINUOUS');
INSERT INTO tgtFeatures VALUES('T-5261536','HARDENED','SEMI_STATIC','UNRESTRICTED','ACTIVE');
INSERT INTO tgtGeometry (tgtNumber,tgtShape,tgtLength,tgtWidth,tgtCoordinates) VALUES('T-5261536','POINT',19,20,'122 42');
INSERT INTO tgtRegistry (tgtNumber,tgtDescription,tgtDTG,tgtReportedBy,tgtSurveillance) VALUES('T-4311537','Selected by JTF','2023-11-5','INTEL','INTERMITTENT');
INSERT INTO tgtFeatures VALUES('T-4311537','HARDENED','HIGHLY_MOBILE','RESTRICTED','INACTIVE');
INSERT INTO tgtGeometry (tgtNumber,tgtShape,tgtLength,tgtWidth,tgtCoordinates) VALUES('T-4311537','POINT',2,7,'124 25');
INSERT INTO tgtRegistry (tgtNumber,tgtDescription,tgtDTG,tgtReportedBy,tgtSurveillance) VALUES('T-7431538','Selected by JTF','2023-11-14','GROUND','CONTINUOUS');
INSERT INTO tgtFeatures VALUES('T-7431538','SOFT','HIGHLY_MOBILE','RESTRICTED','ACTIVE');
INSERT INTO tgtGeometry (tgtNumber,tgtShape,tgtLength,tgtWidth,tgtCoordinates) VALUES('T-7431538','AREA',9,17,'72 83');
INSERT INTO tgtRegistry (tgtNumber,tgtDescription,tgtDTG,tgtReportedBy,tgtSurveillance) VALUES('T-6961539','Selected by HHQ','2023-12-3','AIR','NONE');
INSERT INTO tgtFeatures VALUES('T-6961539','HARDENED','STATIC','PROHIBITED','INACTIVE');
INSERT INTO tgtGeometry (tgtNumber,tgtShape,tgtLength,tgtWidth,tgtCoordinates) VALUES('T-6961539','AREA',4,44,'156 84');
INSERT INTO tgtRegistry (tgtNumber,tgtDescription,tgtDTG,tgtReportedBy,tgtSurveillance) VALUES('T-5481540','Selected by Cmdr','2023-12-11','INTEL','CONTINUOUS');
INSERT INTO tgtFeatures VALUES('T-5481540','HARDENED','SEMI_STATIC','RESTRICTED','ACTIVE');
INSERT INTO tgtGeometry (tgtNumber,tgtShape,tgtLength,tgtWidth,tgtCoordinates) VALUES('T-5481540','POINT',50,47,'153 31');
INSERT INTO tgtRegistry (tgtNumber,tgtDescription,tgtDTG,tgtReportedBy,tgtSurveillance) VALUES('T-2841541','Selected by JTF','2023-10-18','GROUND','CONTINUOUS');
INSERT INTO tgtFeatures VALUES('T-2841541','SOFT','HIGHLY_MOBILE','RESTRICTED','INACTIVE');
INSERT INTO tgtGeometry (tgtNumber,tgtShape,tgtLength,tgtWidth,tgtCoordinates) VALUES('T-2841541','POINT',13,33,'199 56');
INSERT INTO tgtRegistry (tgtNumber,tgtDescription,tgtDTG,tgtReportedBy,tgtSurveillance) VALUES('T-9881542','Selected by JTF','2023-11-15','INTEL','INTERMITTENT');
INSERT INTO tgtFeatures VALUES('T-9881542','FORTIFIED','MOBILE','PROHIBITED','INACTIVE');
INSERT INTO tgtGeometry (tgtNumber,tgtShape,tgtLength,tgtWidth,tgtCoordinates) VALUES('T-9881542','AREA',1,27,'144 17');
INSERT INTO tgtRegistry (tgtNumber,tgtDescription,tgtDTG,tgtReportedBy,tgtSurveillance) VALUES('T-5091543','Selected by JTF','2023-12-18','INTEL','CONTINUOUS');
INSERT INTO tgtFeatures VALUES('T-5091543','FORTIFIED','MOBILE','PROHIBITED','INACTIVE');
INSERT INTO tgtGeometry (tgtNumber,tgtShape,tgtLength,tgtWidth,tgtCoordinates) VALUES('T-5091543','POINT',37,9,'30 88');
INSERT INTO tgtRegistry (tgtNumber,tgtDescription,tgtDTG,tgtReportedBy,tgtSurveillance) VALUES('T-8611544','Selected by Cmdr','2023-12-16','INTEL','INTERMITTENT');
INSERT INTO tgtFeatures VALUES('T-8611544','HARDENED','SEMI_STATIC','PROHIBITED','INACTIVE');
INSERT INTO tgtGeometry (tgtNumber,tgtShape,tgtLength,tgtWidth,tgtCoordinates) VALUES('T-8611544','AREA',17,49,'67 51');
INSERT INTO tgtRegistry (tgtNumber,tgtDescription,tgtDTG,tgtReportedBy,tgtSurveillance) VALUES('T-9581545','Selected by Cmdr','2023-12-3','INTEL','NONE');
INSERT INTO tgtFeatures VALUES('T-9581545','HARDENED','STATIC','UNRESTRICTED','INACTIVE');
INSERT INTO tgtGeometry (tgtNumber,tgtShape,tgtLength,tgtWidth,tgtCoordinates) VALUES('T-9581545','AREA',7,16,'107 94');
INSERT INTO tgtRegistry (tgtNumber,tgtDescription,tgtDTG,tgtReportedBy,tgtSurveillance) VALUES('T-3391546','Selected by Cmdr','2023-12-19','INTEL','NONE');
INSERT INTO tgtFeatures VALUES('T-3391546','SOFT','STATIC','UNRESTRICTED','INACTIVE');
INSERT INTO tgtGeometry (tgtNumber,tgtShape,tgtLength,tgtWidth,tgtCoordinates) VALUES('T-3391546','AREA',29,19,'88 87');
INSERT INTO tgtRegistry (tgtNumber,tgtDescription,tgtDTG,tgtReportedBy,tgtSurveillance) VALUES('T-1051547','Selected by HHQ','2023-12-3','INTEL','CONTINUOUS');
INSERT INTO tgtFeatures VALUES('T-1051547','FORTIFIED','STATIC','RESTRICTED','ACTIVE');
INSERT INTO tgtGeometry (tgtNumber,tgtShape,tgtLength,tgtWidth,tgtCoordinates) VALUES('T-1051547','AREA',26,26,'130 22');
INSERT INTO tgtRegistry (tgtNumber,tgtDescription,tgtDTG,tgtReportedBy,tgtSurveillance) VALUES('T-4361548','Selected by JTF','2023-11-11','SATELLITE','INTERMITTENT');
INSERT INTO tgtFeatures VALUES('T-4361548','HARDENED','SEMI_STATIC','PROHIBITED','INACTIVE');
INSERT INTO tgtGeometry (tgtNumber,tgtShape,tgtLength,tgtWidth,tgtCoordinates) VALUES('T-4361548','POINT',21,22,'108 22');
INSERT INTO tgtRegistry (tgtNumber,tgtDescription,tgtDTG,tgtReportedBy,tgtSurveillance) VALUES('T-8411549','Selected by Cmdr','2023-12-21','AIR','CONTINUOUS');
INSERT INTO tgtFeatures VALUES('T-8411549','HARDENED','MOBILE','UNRESTRICTED','INACTIVE');
INSERT INTO tgtGeometry (tgtNumber,tgtShape,tgtLength,tgtWidth,tgtCoordinates) VALUES('T-8411549','AREA',39,48,'123 14');
INSERT INTO tgtRegistry (tgtNumber,tgtDescription,tgtDTG,tgtReportedBy,tgtSurveillance) VALUES('T-6011550','Selected by JTF','2023-10-23','GROUND','CONTINUOUS');
INSERT INTO tgtFeatures VALUES('T-6011550','HARDENED','STATIC','RESTRICTED','ACTIVE');
INSERT INTO tgtGeometry (tgtNumber,tgtShape,tgtLength,tgtWidth,tgtCoordinates) VALUES('T-6011550','POINT',48,44,'177 29');
INSERT INTO tgtRegistry (tgtNumber,tgtDescription,tgtDTG,tgtReportedBy,tgtSurveillance) VALUES('T-7351551','Selected by Cmdr','2023-11-14','AIR','NONE');
INSERT INTO tgtFeatures VALUES('T-7351551','FORTIFIED','HIGHLY_MOBILE','PROHIBITED','INACTIVE');
INSERT INTO tgtGeometry (tgtNumber,tgtShape,tgtLength,tgtWidth,tgtCoordinates) VALUES('T-7351551','POINT',5,40,'200 64');
INSERT INTO tgtRegistry (tgtNumber,tgtDescription,tgtDTG,tgtReportedBy,tgtSurveillance) VALUES('T-9911552','Selected by HHQ','2023-12-9','AIR','NONE');
INSERT INTO tgtFeatures VALUES('T-9911552','FORTIFIED','MOBILE','RESTRICTED','ACTIVE');
INSERT INTO tgtGeometry (tgtNumber,tgtShape,tgtLength,tgtWidth,tgtCoordinates) VALUES('T-9911552','AREA',42,4,'56 26');
INSERT INTO tgtRegistry (tgtNumber,tgtDescription,tgtDTG,tgtReportedBy,tgtSurveillance) VALUES('T-4741553','Selected by JTF','2023-11-1','INTEL','INTERMITTENT');
INSERT INTO tgtFeatures VALUES('T-4741553','REINFORCED','STATIC','RESTRICTED','ACTIVE');
INSERT INTO tgtGeometry (tgtNumber,tgtShape,tgtLength,tgtWidth,tgtCoordinates) VALUES('T-4741553','AREA',47,3,'174 50');
INSERT INTO tgtRegistry (tgtNumber,tgtDescription,tgtDTG,tgtReportedBy,tgtSurveillance) VALUES('T-7651554','Selected by Cmdr','2023-10-5','AIR','NONE');
INSERT INTO tgtFeatures VALUES('T-7651554','SOFT','MOBILE','RESTRICTED','ACTIVE');
INSERT INTO tgtGeometry (tgtNumber,tgtShape,tgtLength,tgtWidth,tgtCoordinates) VALUES('T-7651554','POINT',35,11,'62 44');
INSERT INTO tgtRegistry (tgtNumber,tgtDescription,tgtDTG,tgtReportedBy,tgtSurveillance) VALUES('T-2111555','Selected by Cmdr','2023-10-12','GROUND','NONE');
INSERT INTO tgtFeatures VALUES('T-2111555','HARDENED','STATIC','RESTRICTED','ACTIVE');
INSERT INTO tgtGeometry (tgtNumber,tgtShape,tgtLength,tgtWidth,tgtCoordinates) VALUES('T-2111555','AREA',25,6,'162 44');
INSERT INTO tgtRegistry (tgtNumber,tgtDescription,tgtDTG,tgtReportedBy,tgtSurveillance) VALUES('T-6921556','Selected by JTF','2023-11-1','AIR','CONTINUOUS');
INSERT INTO tgtFeatures VALUES('T-6921556','REINFORCED','SEMI_STATIC','RESTRICTED','INACTIVE');
INSERT INTO tgtGeometry (tgtNumber,tgtShape,tgtLength,tgtWidth,tgtCoordinates) VALUES('T-6921556','POINT',19,1,'133 17');
INSERT INTO tgtRegistry (tgtNumber,tgtDescription,tgtDTG,tgtReportedBy,tgtSurveillance) VALUES('T-8611557','Selected by JTF','2023-12-12','SATELLITE','NONE');
INSERT INTO tgtFeatures VALUES('T-8611557','FORTIFIED','HIGHLY_MOBILE','PROHIBITED','ACTIVE');
INSERT INTO tgtGeometry (tgtNumber,tgtShape,tgtLength,tgtWidth,tgtCoordinates) VALUES('T-8611557','AREA',21,34,'148 86');
INSERT INTO tgtRegistry (tgtNumber,tgtDescription,tgtDTG,tgtReportedBy,tgtSurveillance) VALUES('T-4321558','Selected by JTF','2023-12-7','INTEL','CONTINUOUS');
INSERT INTO tgtFeatures VALUES('T-4321558','FORTIFIED','MOBILE','PROHIBITED','ACTIVE');
INSERT INTO tgtGeometry (tgtNumber,tgtShape,tgtLength,tgtWidth,tgtCoordinates) VALUES('T-4321558','POINT',9,3,'34 51');
INSERT INTO tgtRegistry (tgtNumber,tgtDescription,tgtDTG,tgtReportedBy,tgtSurveillance) VALUES('T-4611559','Selected by HHQ','2023-10-22','INTEL','NONE');
INSERT INTO tgtFeatures VALUES('T-4611559','SOFT','HIGHLY_MOBILE','UNRESTRICTED','ACTIVE');
INSERT INTO tgtGeometry (tgtNumber,tgtShape,tgtLength,tgtWidth,tgtCoordinates) VALUES('T-4611559','POINT',38,28,'122 25');
INSERT INTO tgtRegistry (tgtNumber,tgtDescription,tgtDTG,tgtReportedBy,tgtSurveillance) VALUES('T-3271560','Selected by JTF','2023-12-25','SATELLITE','NONE');
INSERT INTO tgtFeatures VALUES('T-3271560','REINFORCED','HIGHLY_MOBILE','PROHIBITED','ACTIVE');
INSERT INTO tgtGeometry (tgtNumber,tgtShape,tgtLength,tgtWidth,tgtCoordinates) VALUES('T-3271560','AREA',15,41,'102 40');
INSERT INTO tgtRegistry (tgtNumber,tgtDescription,tgtDTG,tgtReportedBy,tgtSurveillance) VALUES('T-3821561','Selected by JTF','2023-10-3','SATELLITE','NONE');
INSERT INTO tgtFeatures VALUES('T-3821561','SOFT','STATIC','PROHIBITED','INACTIVE');
INSERT INTO tgtGeometry (tgtNumber,tgtShape,tgtLength,tgtWidth,tgtCoordinates) VALUES('T-3821561','AREA',17,40,'55 99');
INSERT INTO tgtRegistry (tgtNumber,tgtDescription,tgtDTG,tgtReportedBy,tgtSurveillance) VALUES('T-7761562','Selected by HHQ','2023-11-1','INTEL','INTERMITTENT');
INSERT INTO tgtFeatures VALUES('T-7761562','HARDENED','STATIC','UNRESTRICTED','ACTIVE');
INSERT INTO tgtGeometry (tgtNumber,tgtShape,tgtLength,tgtWidth,tgtCoordinates) VALUES('T-7761562','AREA',44,27,'74 45');
INSERT INTO tgtRegistry (tgtNumber,tgtDescription,tgtDTG,tgtReportedBy,tgtSurveillance) VALUES('T-5301563','Selected by Cmdr','2023-12-11','GROUND','CONTINUOUS');
INSERT INTO tgtFeatures VALUES('T-5301563','SOFT','HIGHLY_MOBILE','RESTRICTED','INACTIVE');
INSERT INTO tgtGeometry (tgtNumber,tgtShape,tgtLength,tgtWidth,tgtCoordinates) VALUES('T-5301563','AREA',25,9,'182 12');
INSERT INTO tgtRegistry (tgtNumber,tgtDescription,tgtDTG,tgtReportedBy,tgtSurveillance) VALUES('T-1681564','Selected by JTF','2023-10-11','GROUND','NONE');
INSERT INTO tgtFeatures VALUES('T-1681564','HARDENED','HIGHLY_MOBILE','RESTRICTED','INACTIVE');
INSERT INTO tgtGeometry (tgtNumber,tgtShape,tgtLength,tgtWidth,tgtCoordinates) VALUES('T-1681564','POINT',48,27,'137 44');
INSERT INTO tgtRegistry (tgtNumber,tgtDescription,tgtDTG,tgtReportedBy,tgtSurveillance) VALUES('T-5411565','Selected by JTF','2023-12-25','GROUND','CONTINUOUS');
INSERT INTO tgtFeatures VALUES('T-5411565','FORTIFIED','SEMI_STATIC','UNRESTRICTED','ACTIVE');
INSERT INTO tgtGeometry (tgtNumber,tgtShape,tgtLength,tgtWidth,tgtCoordinates) VALUES('T-5411565','AREA',12,49,'36 64');
INSERT INTO tgtRegistry (tgtNumber,tgtDescription,tgtDTG,tgtReportedBy,tgtSurveillance) VALUES('T-3261566','Selected by JTF','2023-11-4','INTEL','INTERMITTENT');
INSERT INTO tgtFeatures VALUES('T-3261566','SOFT','SEMI_STATIC','PROHIBITED','ACTIVE');
INSERT INTO tgtGeometry (tgtNumber,tgtShape,tgtLength,tgtWidth,tgtCoordinates) VALUES('T-3261566','POINT',47,28,'64 48');
INSERT INTO tgtRegistry (tgtNumber,tgtDescription,tgtDTG,tgtReportedBy,tgtSurveillance) VALUES('T-6071567','Selected by Cmdr','2023-11-22','SATELLITE','INTERMITTENT');
INSERT INTO tgtFeatures VALUES('T-6071567','HARDENED','HIGHLY_MOBILE','RESTRICTED','INACTIVE');
INSERT INTO tgtGeometry (tgtNumber,tgtShape,tgtLength,tgtWidth,tgtCoordinates) VALUES('T-6071567','POINT',4,13,'69 50');
INSERT INTO tgtRegistry (tgtNumber,tgtDescription,tgtDTG,tgtReportedBy,tgtSurveillance) VALUES('T-4931568','Selected by HHQ','2023-11-20','INTEL','CONTINUOUS');
INSERT INTO tgtFeatures VALUES('T-4931568','REINFORCED','HIGHLY_MOBILE','RESTRICTED','ACTIVE');
INSERT INTO tgtGeometry (tgtNumber,tgtShape,tgtLength,tgtWidth,tgtCoordinates) VALUES('T-4931568','POINT',37,45,'26 47');
INSERT INTO tgtRegistry (tgtNumber,tgtDescription,tgtDTG,tgtReportedBy,tgtSurveillance) VALUES('T-3831569','Selected by Cmdr','2023-11-8','SATELLITE','NONE');
INSERT INTO tgtFeatures VALUES('T-3831569','FORTIFIED','STATIC','RESTRICTED','INACTIVE');
INSERT INTO tgtGeometry (tgtNumber,tgtShape,tgtLength,tgtWidth,tgtCoordinates) VALUES('T-3831569','AREA',1,49,'98 25');
INSERT INTO tgtRegistry (tgtNumber,tgtDescription,tgtDTG,tgtReportedBy,tgtSurveillance) VALUES('T-7791570','Selected by HHQ','2023-10-4','SATELLITE','CONTINUOUS');
INSERT INTO tgtFeatures VALUES('T-7791570','SOFT','MOBILE','PROHIBITED','INACTIVE');
INSERT INTO tgtGeometry (tgtNumber,tgtShape,tgtLength,tgtWidth,tgtCoordinates) VALUES('T-7791570','AREA',50,47,'139 88');
INSERT INTO tgtRegistry (tgtNumber,tgtDescription,tgtDTG,tgtReportedBy,tgtSurveillance) VALUES('T-2411571','Selected by Cmdr','2023-11-12','AIR','NONE');
INSERT INTO tgtFeatures VALUES('T-2411571','FORTIFIED','SEMI_STATIC','RESTRICTED','ACTIVE');
INSERT INTO tgtGeometry (tgtNumber,tgtShape,tgtLength,tgtWidth,tgtCoordinates) VALUES('T-2411571','POINT',13,43,'37 46');
INSERT INTO tgtRegistry (tgtNumber,tgtDescription,tgtDTG,tgtReportedBy,tgtSurveillance) VALUES('T-2631572','Selected by JTF','2023-10-6','SATELLITE','INTERMITTENT');
INSERT INTO tgtFeatures VALUES('T-2631572','FORTIFIED','MOBILE','UNRESTRICTED','INACTIVE');
INSERT INTO tgtGeometry (tgtNumber,tgtShape,tgtLength,tgtWidth,tgtCoordinates) VALUES('T-2631572','AREA',15,41,'107 80');
INSERT INTO tgtRegistry (tgtNumber,tgtDescription,tgtDTG,tgtReportedBy,tgtSurveillance) VALUES('T-8991573','Selected by HHQ','2023-10-5','AIR','INTERMITTENT');
INSERT INTO tgtFeatures VALUES('T-8991573','SOFT','STATIC','PROHIBITED','ACTIVE');
INSERT INTO tgtGeometry (tgtNumber,tgtShape,tgtLength,tgtWidth,tgtCoordinates) VALUES('T-8991573','POINT',28,50,'27 95');
INSERT INTO tgtRegistry (tgtNumber,tgtDescription,tgtDTG,tgtReportedBy,tgtSurveillance) VALUES('T-2911574','Selected by JTF','2023-11-2','INTEL','INTERMITTENT');
INSERT INTO tgtFeatures VALUES('T-2911574','HARDENED','STATIC','PROHIBITED','ACTIVE');
INSERT INTO tgtGeometry (tgtNumber,tgtShape,tgtLength,tgtWidth,tgtCoordinates) VALUES('T-2911574','POINT',38,13,'140 49');
INSERT INTO tgtRegistry (tgtNumber,tgtDescription,tgtDTG,tgtReportedBy,tgtSurveillance) VALUES('T-8721575','Selected by JTF','2023-12-25','AIR','NONE');
INSERT INTO tgtFeatures VALUES('T-8721575','REINFORCED','MOBILE','PROHIBITED','ACTIVE');
INSERT INTO tgtGeometry (tgtNumber,tgtShape,tgtLength,tgtWidth,tgtCoordinates) VALUES('T-8721575','POINT',39,8,'196 40');
INSERT INTO tgtRegistry (tgtNumber,tgtDescription,tgtDTG,tgtReportedBy,tgtSurveillance) VALUES('T-1931576','Selected by Cmdr','2023-10-6','AIR','INTERMITTENT');
INSERT INTO tgtFeatures VALUES('T-1931576','FORTIFIED','MOBILE','RESTRICTED','ACTIVE');
INSERT INTO tgtGeometry (tgtNumber,tgtShape,tgtLength,tgtWidth,tgtCoordinates) VALUES('T-1931576','POINT',37,16,'176 17');
INSERT INTO tgtRegistry (tgtNumber,tgtDescription,tgtDTG,tgtReportedBy,tgtSurveillance) VALUES('T-8501577','Selected by Cmdr','2023-12-4','INTEL','INTERMITTENT');
INSERT INTO tgtFeatures VALUES('T-8501577','FORTIFIED','HIGHLY_MOBILE','RESTRICTED','INACTIVE');
INSERT INTO tgtGeometry (tgtNumber,tgtShape,tgtLength,tgtWidth,tgtCoordinates) VALUES('T-8501577','AREA',38,43,'23 56');
INSERT INTO tgtRegistry (tgtNumber,tgtDescription,tgtDTG,tgtReportedBy,tgtSurveillance) VALUES('T-7881578','Selected by HHQ','2023-10-15','INTEL','INTERMITTENT');
INSERT INTO tgtFeatures VALUES('T-7881578','SOFT','HIGHLY_MOBILE','RESTRICTED','INACTIVE');
INSERT INTO tgtGeometry (tgtNumber,tgtShape,tgtLength,tgtWidth,tgtCoordinates) VALUES('T-7881578','AREA',36,31,'180 37');
INSERT INTO tgtRegistry (tgtNumber,tgtDescription,tgtDTG,tgtReportedBy,tgtSurveillance) VALUES('T-1871579','Selected by HHQ','2023-11-24','GROUND','INTERMITTENT');
INSERT INTO tgtFeatures VALUES('T-1871579','FORTIFIED','STATIC','UNRESTRICTED','ACTIVE');
INSERT INTO tgtGeometry (tgtNumber,tgtShape,tgtLength,tgtWidth,tgtCoordinates) VALUES('T-1871579','AREA',6,11,'55 70');
INSERT INTO tgtRegistry (tgtNumber,tgtDescription,tgtDTG,tgtReportedBy,tgtSurveillance) VALUES('T-3371580','Selected by JTF','2023-12-23','INTEL','NONE');
INSERT INTO tgtFeatures VALUES('T-3371580','HARDENED','STATIC','UNRESTRICTED','INACTIVE');
INSERT INTO tgtGeometry (tgtNumber,tgtShape,tgtLength,tgtWidth,tgtCoordinates) VALUES('T-3371580','AREA',1,42,'143 46');
INSERT INTO tgtRegistry (tgtNumber,tgtDescription,tgtDTG,tgtReportedBy,tgtSurveillance) VALUES('T-9941581','Selected by Cmdr','2023-11-11','SATELLITE','CONTINUOUS');
INSERT INTO tgtFeatures VALUES('T-9941581','HARDENED','STATIC','UNRESTRICTED','ACTIVE');
INSERT INTO tgtGeometry (tgtNumber,tgtShape,tgtLength,tgtWidth,tgtCoordinates) VALUES('T-9941581','AREA',2,27,'150 47');
INSERT INTO tgtRegistry (tgtNumber,tgtDescription,tgtDTG,tgtReportedBy,tgtSurveillance) VALUES('T-4991582','Selected by HHQ','2023-11-10','GROUND','INTERMITTENT');
INSERT INTO tgtFeatures VALUES('T-4991582','REINFORCED','HIGHLY_MOBILE','UNRESTRICTED','ACTIVE');
INSERT INTO tgtGeometry (tgtNumber,tgtShape,tgtLength,tgtWidth,tgtCoordinates) VALUES('T-4991582','AREA',28,7,'83 97');
INSERT INTO tgtRegistry (tgtNumber,tgtDescription,tgtDTG,tgtReportedBy,tgtSurveillance) VALUES('T-4031583','Selected by Cmdr','2023-12-6','SATELLITE','INTERMITTENT');
INSERT INTO tgtFeatures VALUES('T-4031583','REINFORCED','HIGHLY_MOBILE','PROHIBITED','ACTIVE');
INSERT INTO tgtGeometry (tgtNumber,tgtShape,tgtLength,tgtWidth,tgtCoordinates) VALUES('T-4031583','AREA',30,11,'170 35');
INSERT INTO tgtRegistry (tgtNumber,tgtDescription,tgtDTG,tgtReportedBy,tgtSurveillance) VALUES('T-5471584','Selected by HHQ','2023-11-20','SATELLITE','INTERMITTENT');
INSERT INTO tgtFeatures VALUES('T-5471584','FORTIFIED','MOBILE','PROHIBITED','ACTIVE');
INSERT INTO tgtGeometry (tgtNumber,tgtShape,tgtLength,tgtWidth,tgtCoordinates) VALUES('T-5471584','POINT',34,1,'95 50');
INSERT INTO tgtRegistry (tgtNumber,tgtDescription,tgtDTG,tgtReportedBy,tgtSurveillance) VALUES('T-1241585','Selected by JTF','2023-10-16','SATELLITE','CONTINUOUS');
INSERT INTO tgtFeatures VALUES('T-1241585','REINFORCED','SEMI_STATIC','PROHIBITED','ACTIVE');
INSERT INTO tgtGeometry (tgtNumber,tgtShape,tgtLength,tgtWidth,tgtCoordinates) VALUES('T-1241585','POINT',10,20,'130 31');
INSERT INTO tgtRegistry (tgtNumber,tgtDescription,tgtDTG,tgtReportedBy,tgtSurveillance) VALUES('T-2221586','Selected by JTF','2023-11-16','AIR','INTERMITTENT');
INSERT INTO tgtFeatures VALUES('T-2221586','REINFORCED','SEMI_STATIC','UNRESTRICTED','INACTIVE');
INSERT INTO tgtGeometry (tgtNumber,tgtShape,tgtLength,tgtWidth,tgtCoordinates) VALUES('T-2221586','AREA',2,25,'95 73');
INSERT INTO tgtRegistry (tgtNumber,tgtDescription,tgtDTG,tgtReportedBy,tgtSurveillance) VALUES('T-6701587','Selected by HHQ','2023-12-7','SATELLITE','NONE');
INSERT INTO tgtFeatures VALUES('T-6701587','FORTIFIED','MOBILE','UNRESTRICTED','ACTIVE');
INSERT INTO tgtGeometry (tgtNumber,tgtShape,tgtLength,tgtWidth,tgtCoordinates) VALUES('T-6701587','POINT',15,17,'186 82');
INSERT INTO tgtRegistry (tgtNumber,tgtDescription,tgtDTG,tgtReportedBy,tgtSurveillance) VALUES('T-3861588','Selected by HHQ','2023-11-12','GROUND','NONE');
INSERT INTO tgtFeatures VALUES('T-3861588','HARDENED','STATIC','RESTRICTED','INACTIVE');
INSERT INTO tgtGeometry (tgtNumber,tgtShape,tgtLength,tgtWidth,tgtCoordinates) VALUES('T-3861588','POINT',36,47,'53 97');
INSERT INTO tgtRegistry (tgtNumber,tgtDescription,tgtDTG,tgtReportedBy,tgtSurveillance) VALUES('T-8631589','Selected by HHQ','2023-12-25','INTEL','INTERMITTENT');
INSERT INTO tgtFeatures VALUES('T-8631589','REINFORCED','MOBILE','UNRESTRICTED','INACTIVE');
INSERT INTO tgtGeometry (tgtNumber,tgtShape,tgtLength,tgtWidth,tgtCoordinates) VALUES('T-8631589','POINT',4,37,'113 51');
INSERT INTO tgtRegistry (tgtNumber,tgtDescription,tgtDTG,tgtReportedBy,tgtSurveillance) VALUES('T-2431590','Selected by JTF','2023-10-20','INTEL','NONE');
INSERT INTO tgtFeatures VALUES('T-2431590','SOFT','SEMI_STATIC','RESTRICTED','INACTIVE');
INSERT INTO tgtGeometry (tgtNumber,tgtShape,tgtLength,tgtWidth,tgtCoordinates) VALUES('T-2431590','AREA',6,47,'111 62');
INSERT INTO tgtRegistry (tgtNumber,tgtDescription,tgtDTG,tgtReportedBy,tgtSurveillance) VALUES('T-6931591','Selected by Cmdr','2023-12-19','AIR','NONE');
INSERT INTO tgtFeatures VALUES('T-6931591','SOFT','MOBILE','PROHIBITED','INACTIVE');
INSERT INTO tgtGeometry (tgtNumber,tgtShape,tgtLength,tgtWidth,tgtCoordinates) VALUES('T-6931591','POINT',37,43,'114 55');
INSERT INTO tgtRegistry (tgtNumber,tgtDescription,tgtDTG,tgtReportedBy,tgtSurveillance) VALUES('T-9551592','Selected by JTF','2023-12-16','AIR','NONE');
INSERT INTO tgtFeatures VALUES('T-9551592','FORTIFIED','HIGHLY_MOBILE','PROHIBITED','ACTIVE');
INSERT INTO tgtGeometry (tgtNumber,tgtShape,tgtLength,tgtWidth,tgtCoordinates) VALUES('T-9551592','POINT',9,1,'88 97');
INSERT INTO tgtRegistry (tgtNumber,tgtDescription,tgtDTG,tgtReportedBy,tgtSurveillance) VALUES('T-8861593','Selected by HHQ','2023-11-8','INTEL','NONE');
INSERT INTO tgtFeatures VALUES('T-8861593','SOFT','SEMI_STATIC','RESTRICTED','ACTIVE');
INSERT INTO tgtGeometry (tgtNumber,tgtShape,tgtLength,tgtWidth,tgtCoordinates) VALUES('T-8861593','AREA',44,19,'32 54');
INSERT INTO tgtRegistry (tgtNumber,tgtDescription,tgtDTG,tgtReportedBy,tgtSurveillance) VALUES('T-9291594','Selected by Cmdr','2023-11-5','GROUND','CONTINUOUS');
INSERT INTO tgtFeatures VALUES('T-9291594','HARDENED','STATIC','UNRESTRICTED','ACTIVE');
INSERT INTO tgtGeometry (tgtNumber,tgtShape,tgtLength,tgtWidth,tgtCoordinates) VALUES('T-9291594','AREA',10,39,'68 24');
INSERT INTO tgtRegistry (tgtNumber,tgtDescription,tgtDTG,tgtReportedBy,tgtSurveillance) VALUES('T-7761595','Selected by JTF','2023-10-14','GROUND','INTERMITTENT');
INSERT INTO tgtFeatures VALUES('T-7761595','REINFORCED','STATIC','PROHIBITED','ACTIVE');
INSERT INTO tgtGeometry (tgtNumber,tgtShape,tgtLength,tgtWidth,tgtCoordinates) VALUES('T-7761595','POINT',40,21,'22 23');
INSERT INTO tgtRegistry (tgtNumber,tgtDescription,tgtDTG,tgtReportedBy,tgtSurveillance) VALUES('T-7491596','Selected by Cmdr','2023-12-16','GROUND','CONTINUOUS');
INSERT INTO tgtFeatures VALUES('T-7491596','SOFT','HIGHLY_MOBILE','PROHIBITED','ACTIVE');
INSERT INTO tgtGeometry (tgtNumber,tgtShape,tgtLength,tgtWidth,tgtCoordinates) VALUES('T-7491596','AREA',37,27,'23 20');
INSERT INTO tgtRegistry (tgtNumber,tgtDescription,tgtDTG,tgtReportedBy,tgtSurveillance) VALUES('T-5051597','Selected by JTF','2023-10-2','GROUND','NONE');
INSERT INTO tgtFeatures VALUES('T-5051597','HARDENED','MOBILE','UNRESTRICTED','ACTIVE');
INSERT INTO tgtGeometry (tgtNumber,tgtShape,tgtLength,tgtWidth,tgtCoordinates) VALUES('T-5051597','POINT',38,46,'73 56');
INSERT INTO tgtRegistry (tgtNumber,tgtDescription,tgtDTG,tgtReportedBy,tgtSurveillance) VALUES('T-2481598','Selected by Cmdr','2023-10-22','SATELLITE','INTERMITTENT');
INSERT INTO tgtFeatures VALUES('T-2481598','REINFORCED','MOBILE','UNRESTRICTED','ACTIVE');
INSERT INTO tgtGeometry (tgtNumber,tgtShape,tgtLength,tgtWidth,tgtCoordinates) VALUES('T-2481598','POINT',31,11,'118 67');
INSERT INTO tgtRegistry (tgtNumber,tgtDescription,tgtDTG,tgtReportedBy,tgtSurveillance) VALUES('T-9821599','Selected by HHQ','2023-11-17','INTEL','INTERMITTENT');
INSERT INTO tgtFeatures VALUES('T-9821599','FORTIFIED','STATIC','UNRESTRICTED','ACTIVE');
INSERT INTO tgtGeometry (tgtNumber,tgtShape,tgtLength,tgtWidth,tgtCoordinates) VALUES('T-9821599','AREA',48,7,'47 53');
INSERT INTO tgtRegistry (tgtNumber,tgtDescription,tgtDTG,tgtReportedBy,tgtSurveillance) VALUES('T-2721600','Selected by Cmdr','2023-11-22','SATELLITE','NONE');
INSERT INTO tgtFeatures VALUES('T-2721600','SOFT','HIGHLY_MOBILE','PROHIBITED','ACTIVE');
INSERT INTO tgtGeometry (tgtNumber,tgtShape,tgtLength,tgtWidth,tgtCoordinates) VALUES('T-2721600','POINT',28,40,'23 18');
INSERT INTO tgtRegistry (tgtNumber,tgtDescription,tgtDTG,tgtReportedBy,tgtSurveillance) VALUES('T-8981601','Selected by Cmdr','2023-12-6','GROUND','NONE');
INSERT INTO tgtFeatures VALUES('T-8981601','SOFT','MOBILE','UNRESTRICTED','INACTIVE');
INSERT INTO tgtGeometry (tgtNumber,tgtShape,tgtLength,tgtWidth,tgtCoordinates) VALUES('T-8981601','AREA',25,42,'58 74');
INSERT INTO tgtRegistry (tgtNumber,tgtDescription,tgtDTG,tgtReportedBy,tgtSurveillance) VALUES('T-1431602','Selected by Cmdr','2023-12-4','AIR','CONTINUOUS');
INSERT INTO tgtFeatures VALUES('T-1431602','HARDENED','SEMI_STATIC','RESTRICTED','INACTIVE');
INSERT INTO tgtGeometry (tgtNumber,tgtShape,tgtLength,tgtWidth,tgtCoordinates) VALUES('T-1431602','POINT',28,27,'32 42');
INSERT INTO tgtRegistry (tgtNumber,tgtDescription,tgtDTG,tgtReportedBy,tgtSurveillance) VALUES('T-5931603','Selected by HHQ','2023-10-19','AIR','CONTINUOUS');
INSERT INTO tgtFeatures VALUES('T-5931603','FORTIFIED','STATIC','PROHIBITED','INACTIVE');
INSERT INTO tgtGeometry (tgtNumber,tgtShape,tgtLength,tgtWidth,tgtCoordinates) VALUES('T-5931603','POINT',45,18,'200 77');
INSERT INTO tgtRegistry (tgtNumber,tgtDescription,tgtDTG,tgtReportedBy,tgtSurveillance) VALUES('T-9821604','Selected by JTF','2023-11-11','INTEL','INTERMITTENT');
INSERT INTO tgtFeatures VALUES('T-9821604','REINFORCED','MOBILE','PROHIBITED','ACTIVE');
INSERT INTO tgtGeometry (tgtNumber,tgtShape,tgtLength,tgtWidth,tgtCoordinates) VALUES('T-9821604','AREA',48,27,'167 33');
INSERT INTO tgtRegistry (tgtNumber,tgtDescription,tgtDTG,tgtReportedBy,tgtSurveillance) VALUES('T-8371605','Selected by HHQ','2023-12-9','GROUND','NONE');
INSERT INTO tgtFeatures VALUES('T-8371605','HARDENED','MOBILE','PROHIBITED','INACTIVE');
INSERT INTO tgtGeometry (tgtNumber,tgtShape,tgtLength,tgtWidth,tgtCoordinates) VALUES('T-8371605','AREA',18,29,'48 79');
INSERT INTO tgtRegistry (tgtNumber,tgtDescription,tgtDTG,tgtReportedBy,tgtSurveillance) VALUES('T-8621606','Selected by JTF','2023-12-14','AIR','CONTINUOUS');
INSERT INTO tgtFeatures VALUES('T-8621606','SOFT','HIGHLY_MOBILE','UNRESTRICTED','INACTIVE');
INSERT INTO tgtGeometry (tgtNumber,tgtShape,tgtLength,tgtWidth,tgtCoordinates) VALUES('T-8621606','POINT',39,35,'66 94');
INSERT INTO tgtRegistry (tgtNumber,tgtDescription,tgtDTG,tgtReportedBy,tgtSurveillance) VALUES('T-6151607','Selected by Cmdr','2023-11-3','GROUND','INTERMITTENT');
INSERT INTO tgtFeatures VALUES('T-6151607','FORTIFIED','STATIC','UNRESTRICTED','INACTIVE');
INSERT INTO tgtGeometry (tgtNumber,tgtShape,tgtLength,tgtWidth,tgtCoordinates) VALUES('T-6151607','POINT',17,29,'106 23');
INSERT INTO tgtRegistry (tgtNumber,tgtDescription,tgtDTG,tgtReportedBy,tgtSurveillance) VALUES('T-1651608','Selected by Cmdr','2023-12-4','INTEL','NONE');
INSERT INTO tgtFeatures VALUES('T-1651608','REINFORCED','STATIC','RESTRICTED','ACTIVE');
INSERT INTO tgtGeometry (tgtNumber,tgtShape,tgtLength,tgtWidth,tgtCoordinates) VALUES('T-1651608','AREA',8,42,'117 94');
INSERT INTO tgtRegistry (tgtNumber,tgtDescription,tgtDTG,tgtReportedBy,tgtSurveillance) VALUES('T-8231609','Selected by JTF','2023-11-2','SATELLITE','CONTINUOUS');
INSERT INTO tgtFeatures VALUES('T-8231609','HARDENED','MOBILE','RESTRICTED','INACTIVE');
INSERT INTO tgtGeometry (tgtNumber,tgtShape,tgtLength,tgtWidth,tgtCoordinates) VALUES('T-8231609','POINT',41,2,'61 30');
INSERT INTO tgtRegistry (tgtNumber,tgtDescription,tgtDTG,tgtReportedBy,tgtSurveillance) VALUES('T-8271610','Selected by HHQ','2023-11-4','AIR','CONTINUOUS');
INSERT INTO tgtFeatures VALUES('T-8271610','FORTIFIED','MOBILE','RESTRICTED','INACTIVE');
INSERT INTO tgtGeometry (tgtNumber,tgtShape,tgtLength,tgtWidth,tgtCoordinates) VALUES('T-8271610','POINT',40,35,'108 89');
INSERT INTO tgtRegistry (tgtNumber,tgtDescription,tgtDTG,tgtReportedBy,tgtSurveillance) VALUES('T-1061611','Selected by Cmdr','2023-10-23','INTEL','NONE');
INSERT INTO tgtFeatures VALUES('T-1061611','SOFT','HIGHLY_MOBILE','RESTRICTED','ACTIVE');
INSERT INTO tgtGeometry (tgtNumber,tgtShape,tgtLength,tgtWidth,tgtCoordinates) VALUES('T-1061611','AREA',10,15,'126 14');
INSERT INTO tgtRegistry (tgtNumber,tgtDescription,tgtDTG,tgtReportedBy,tgtSurveillance) VALUES('T-7241612','Selected by Cmdr','2023-11-11','SATELLITE','NONE');
INSERT INTO tgtFeatures VALUES('T-7241612','REINFORCED','HIGHLY_MOBILE','RESTRICTED','ACTIVE');
INSERT INTO tgtGeometry (tgtNumber,tgtShape,tgtLength,tgtWidth,tgtCoordinates) VALUES('T-7241612','POINT',43,45,'117 76');
INSERT INTO tgtRegistry (tgtNumber,tgtDescription,tgtDTG,tgtReportedBy,tgtSurveillance) VALUES('T-6761613','Selected by JTF','2023-10-25','INTEL','CONTINUOUS');
INSERT INTO tgtFeatures VALUES('T-6761613','FORTIFIED','SEMI_STATIC','PROHIBITED','ACTIVE');
INSERT INTO tgtGeometry (tgtNumber,tgtShape,tgtLength,tgtWidth,tgtCoordinates) VALUES('T-6761613','POINT',8,27,'111 40');
INSERT INTO tgtRegistry (tgtNumber,tgtDescription,tgtDTG,tgtReportedBy,tgtSurveillance) VALUES('T-8541614','Selected by HHQ','2023-12-24','AIR','CONTINUOUS');
INSERT INTO tgtFeatures VALUES('T-8541614','REINFORCED','STATIC','UNRESTRICTED','ACTIVE');
INSERT INTO tgtGeometry (tgtNumber,tgtShape,tgtLength,tgtWidth,tgtCoordinates) VALUES('T-8541614','POINT',10,11,'138 19');
INSERT INTO tgtRegistry (tgtNumber,tgtDescription,tgtDTG,tgtReportedBy,tgtSurveillance) VALUES('T-7261615','Selected by JTF','2023-11-2','GROUND','INTERMITTENT');
INSERT INTO tgtFeatures VALUES('T-7261615','HARDENED','MOBILE','RESTRICTED','ACTIVE');
INSERT INTO tgtGeometry (tgtNumber,tgtShape,tgtLength,tgtWidth,tgtCoordinates) VALUES('T-7261615','AREA',42,7,'30 85');
INSERT INTO tgtRegistry (tgtNumber,tgtDescription,tgtDTG,tgtReportedBy,tgtSurveillance) VALUES('T-5571616','Selected by JTF','2023-10-12','GROUND','CONTINUOUS');
INSERT INTO tgtFeatures VALUES('T-5571616','HARDENED','MOBILE','UNRESTRICTED','ACTIVE');
INSERT INTO tgtGeometry (tgtNumber,tgtShape,tgtLength,tgtWidth,tgtCoordinates) VALUES('T-5571616','POINT',14,50,'115 93');
INSERT INTO tgtRegistry (tgtNumber,tgtDescription,tgtDTG,tgtReportedBy,tgtSurveillance) VALUES('T-1351617','Selected by HHQ','2023-10-24','AIR','CONTINUOUS');
INSERT INTO tgtFeatures VALUES('T-1351617','REINFORCED','HIGHLY_MOBILE','RESTRICTED','INACTIVE');
INSERT INTO tgtGeometry (tgtNumber,tgtShape,tgtLength,tgtWidth,tgtCoordinates) VALUES('T-1351617','POINT',32,41,'87 59');
INSERT INTO tgtRegistry (tgtNumber,tgtDescription,tgtDTG,tgtReportedBy,tgtSurveillance) VALUES('T-4021618','Selected by Cmdr','2023-12-4','SATELLITE','NONE');
INSERT INTO tgtFeatures VALUES('T-4021618','FORTIFIED','HIGHLY_MOBILE','PROHIBITED','ACTIVE');
INSERT INTO tgtGeometry (tgtNumber,tgtShape,tgtLength,tgtWidth,tgtCoordinates) VALUES('T-4021618','POINT',23,24,'30 33');
INSERT INTO tgtRegistry (tgtNumber,tgtDescription,tgtDTG,tgtReportedBy,tgtSurveillance) VALUES('T-7221619','Selected by Cmdr','2023-11-12','SATELLITE','NONE');
INSERT INTO tgtFeatures VALUES('T-7221619','FORTIFIED','STATIC','UNRESTRICTED','ACTIVE');
INSERT INTO tgtGeometry (tgtNumber,tgtShape,tgtLength,tgtWidth,tgtCoordinates) VALUES('T-7221619','POINT',34,6,'24 65');
INSERT INTO tgtRegistry (tgtNumber,tgtDescription,tgtDTG,tgtReportedBy,tgtSurveillance) VALUES('T-3181620','Selected by Cmdr','2023-11-15','INTEL','NONE');
INSERT INTO tgtFeatures VALUES('T-3181620','REINFORCED','HIGHLY_MOBILE','UNRESTRICTED','ACTIVE');
INSERT INTO tgtGeometry (tgtNumber,tgtShape,tgtLength,tgtWidth,tgtCoordinates) VALUES('T-3181620','POINT',41,27,'170 61');
INSERT INTO tgtRegistry (tgtNumber,tgtDescription,tgtDTG,tgtReportedBy,tgtSurveillance) VALUES('T-6951621','Selected by Cmdr','2023-11-9','INTEL','INTERMITTENT');
INSERT INTO tgtFeatures VALUES('T-6951621','SOFT','HIGHLY_MOBILE','UNRESTRICTED','INACTIVE');
INSERT INTO tgtGeometry (tgtNumber,tgtShape,tgtLength,tgtWidth,tgtCoordinates) VALUES('T-6951621','AREA',48,12,'153 12');
INSERT INTO tgtRegistry (tgtNumber,tgtDescription,tgtDTG,tgtReportedBy,tgtSurveillance) VALUES('T-8281622','Selected by JTF','2023-12-9','GROUND','CONTINUOUS');
INSERT INTO tgtFeatures VALUES('T-8281622','FORTIFIED','SEMI_STATIC','RESTRICTED','ACTIVE');
INSERT INTO tgtGeometry (tgtNumber,tgtShape,tgtLength,tgtWidth,tgtCoordinates) VALUES('T-8281622','AREA',43,41,'156 15');
INSERT INTO tgtRegistry (tgtNumber,tgtDescription,tgtDTG,tgtReportedBy,tgtSurveillance) VALUES('T-5171623','Selected by HHQ','2023-10-22','INTEL','NONE');
INSERT INTO tgtFeatures VALUES('T-5171623','REINFORCED','HIGHLY_MOBILE','RESTRICTED','ACTIVE');
INSERT INTO tgtGeometry (tgtNumber,tgtShape,tgtLength,tgtWidth,tgtCoordinates) VALUES('T-5171623','POINT',4,26,'24 20');
INSERT INTO tgtRegistry (tgtNumber,tgtDescription,tgtDTG,tgtReportedBy,tgtSurveillance) VALUES('T-1311624','Selected by Cmdr','2023-12-20','INTEL','CONTINUOUS');
INSERT INTO tgtFeatures VALUES('T-1311624','FORTIFIED','STATIC','UNRESTRICTED','INACTIVE');
INSERT INTO tgtGeometry (tgtNumber,tgtShape,tgtLength,tgtWidth,tgtCoordinates) VALUES('T-1311624','POINT',1,38,'60 51');
INSERT INTO tgtRegistry (tgtNumber,tgtDescription,tgtDTG,tgtReportedBy,tgtSurveillance) VALUES('T-7001625','Selected by HHQ','2023-10-15','AIR','NONE');
INSERT INTO tgtFeatures VALUES('T-7001625','HARDENED','SEMI_STATIC','RESTRICTED','INACTIVE');
INSERT INTO tgtGeometry (tgtNumber,tgtShape,tgtLength,tgtWidth,tgtCoordinates) VALUES('T-7001625','AREA',3,43,'94 53');
INSERT INTO tgtRegistry (tgtNumber,tgtDescription,tgtDTG,tgtReportedBy,tgtSurveillance) VALUES('T-8231626','Selected by HHQ','2023-11-22','SATELLITE','CONTINUOUS');
INSERT INTO tgtFeatures VALUES('T-8231626','FORTIFIED','HIGHLY_MOBILE','PROHIBITED','INACTIVE');
INSERT INTO tgtGeometry (tgtNumber,tgtShape,tgtLength,tgtWidth,tgtCoordinates) VALUES('T-8231626','POINT',28,3,'21 58');
INSERT INTO tgtRegistry (tgtNumber,tgtDescription,tgtDTG,tgtReportedBy,tgtSurveillance) VALUES('T-1771627','Selected by Cmdr','2023-11-6','AIR','INTERMITTENT');
INSERT INTO tgtFeatures VALUES('T-1771627','HARDENED','HIGHLY_MOBILE','RESTRICTED','INACTIVE');
INSERT INTO tgtGeometry (tgtNumber,tgtShape,tgtLength,tgtWidth,tgtCoordinates) VALUES('T-1771627','AREA',41,45,'118 54');
INSERT INTO tgtRegistry (tgtNumber,tgtDescription,tgtDTG,tgtReportedBy,tgtSurveillance) VALUES('T-9851628','Selected by Cmdr','2023-11-7','INTEL','NONE');
INSERT INTO tgtFeatures VALUES('T-9851628','SOFT','STATIC','RESTRICTED','ACTIVE');
INSERT INTO tgtGeometry (tgtNumber,tgtShape,tgtLength,tgtWidth,tgtCoordinates) VALUES('T-9851628','AREA',18,30,'162 16');
INSERT INTO tgtRegistry (tgtNumber,tgtDescription,tgtDTG,tgtReportedBy,tgtSurveillance) VALUES('T-3251629','Selected by JTF','2023-10-15','SATELLITE','CONTINUOUS');
INSERT INTO tgtFeatures VALUES('T-3251629','FORTIFIED','SEMI_STATIC','UNRESTRICTED','ACTIVE');
INSERT INTO tgtGeometry (tgtNumber,tgtShape,tgtLength,tgtWidth,tgtCoordinates) VALUES('T-3251629','POINT',25,32,'146 100');
INSERT INTO tgtRegistry (tgtNumber,tgtDescription,tgtDTG,tgtReportedBy,tgtSurveillance) VALUES('T-4691630','Selected by Cmdr','2023-10-23','GROUND','CONTINUOUS');
INSERT INTO tgtFeatures VALUES('T-4691630','REINFORCED','SEMI_STATIC','PROHIBITED','ACTIVE');
INSERT INTO tgtGeometry (tgtNumber,tgtShape,tgtLength,tgtWidth,tgtCoordinates) VALUES('T-4691630','AREA',50,50,'99 95');
INSERT INTO tgtRegistry (tgtNumber,tgtDescription,tgtDTG,tgtReportedBy,tgtSurveillance) VALUES('T-6631631','Selected by HHQ','2023-10-7','INTEL','CONTINUOUS');
INSERT INTO tgtFeatures VALUES('T-6631631','FORTIFIED','HIGHLY_MOBILE','RESTRICTED','ACTIVE');
INSERT INTO tgtGeometry (tgtNumber,tgtShape,tgtLength,tgtWidth,tgtCoordinates) VALUES('T-6631631','AREA',33,24,'76 24');
INSERT INTO tgtRegistry (tgtNumber,tgtDescription,tgtDTG,tgtReportedBy,tgtSurveillance) VALUES('T-8751632','Selected by Cmdr','2023-12-18','INTEL','NONE');
INSERT INTO tgtFeatures VALUES('T-8751632','FORTIFIED','MOBILE','PROHIBITED','INACTIVE');
INSERT INTO tgtGeometry (tgtNumber,tgtShape,tgtLength,tgtWidth,tgtCoordinates) VALUES('T-8751632','AREA',5,45,'86 53');
INSERT INTO tgtRegistry (tgtNumber,tgtDescription,tgtDTG,tgtReportedBy,tgtSurveillance) VALUES('T-1051633','Selected by JTF','2023-12-2','INTEL','CONTINUOUS');
INSERT INTO tgtFeatures VALUES('T-1051633','SOFT','MOBILE','PROHIBITED','ACTIVE');
INSERT INTO tgtGeometry (tgtNumber,tgtShape,tgtLength,tgtWidth,tgtCoordinates) VALUES('T-1051633','AREA',28,22,'179 88');
INSERT INTO tgtRegistry (tgtNumber,tgtDescription,tgtDTG,tgtReportedBy,tgtSurveillance) VALUES('T-3381634','Selected by JTF','2023-10-9','AIR','CONTINUOUS');
INSERT INTO tgtFeatures VALUES('T-3381634','SOFT','MOBILE','RESTRICTED','INACTIVE');
INSERT INTO tgtGeometry (tgtNumber,tgtShape,tgtLength,tgtWidth,tgtCoordinates) VALUES('T-3381634','POINT',11,46,'194 48');
INSERT INTO tgtRegistry (tgtNumber,tgtDescription,tgtDTG,tgtReportedBy,tgtSurveillance) VALUES('T-2801635','Selected by Cmdr','2023-10-6','AIR','INTERMITTENT');
INSERT INTO tgtFeatures VALUES('T-2801635','FORTIFIED','HIGHLY_MOBILE','UNRESTRICTED','ACTIVE');
INSERT INTO tgtGeometry (tgtNumber,tgtShape,tgtLength,tgtWidth,tgtCoordinates) VALUES('T-2801635','POINT',11,42,'102 91');
INSERT INTO tgtRegistry (tgtNumber,tgtDescription,tgtDTG,tgtReportedBy,tgtSurveillance) VALUES('T-8831636','Selected by HHQ','2023-11-10','GROUND','INTERMITTENT');
INSERT INTO tgtFeatures VALUES('T-8831636','HARDENED','STATIC','RESTRICTED','ACTIVE');
INSERT INTO tgtGeometry (tgtNumber,tgtShape,tgtLength,tgtWidth,tgtCoordinates) VALUES('T-8831636','POINT',47,11,'40 74');
INSERT INTO tgtRegistry (tgtNumber,tgtDescription,tgtDTG,tgtReportedBy,tgtSurveillance) VALUES('T-2631637','Selected by Cmdr','2023-12-8','GROUND','INTERMITTENT');
INSERT INTO tgtFeatures VALUES('T-2631637','FORTIFIED','STATIC','RESTRICTED','INACTIVE');
INSERT INTO tgtGeometry (tgtNumber,tgtShape,tgtLength,tgtWidth,tgtCoordinates) VALUES('T-2631637','POINT',22,33,'107 62');
INSERT INTO tgtRegistry (tgtNumber,tgtDescription,tgtDTG,tgtReportedBy,tgtSurveillance) VALUES('T-7211638','Selected by HHQ','2023-12-9','AIR','CONTINUOUS');
INSERT INTO tgtFeatures VALUES('T-7211638','FORTIFIED','MOBILE','UNRESTRICTED','INACTIVE');
INSERT INTO tgtGeometry (tgtNumber,tgtShape,tgtLength,tgtWidth,tgtCoordinates) VALUES('T-7211638','POINT',46,43,'24 100');
INSERT INTO tgtRegistry (tgtNumber,tgtDescription,tgtDTG,tgtReportedBy,tgtSurveillance) VALUES('T-3021639','Selected by Cmdr','2023-10-6','INTEL','INTERMITTENT');
INSERT INTO tgtFeatures VALUES('T-3021639','SOFT','STATIC','RESTRICTED','INACTIVE');
INSERT INTO tgtGeometry (tgtNumber,tgtShape,tgtLength,tgtWidth,tgtCoordinates) VALUES('T-3021639','POINT',23,15,'166 57');
INSERT INTO tgtRegistry (tgtNumber,tgtDescription,tgtDTG,tgtReportedBy,tgtSurveillance) VALUES('T-7371640','Selected by JTF','2023-12-15','AIR','INTERMITTENT');
INSERT INTO tgtFeatures VALUES('T-7371640','REINFORCED','SEMI_STATIC','RESTRICTED','INACTIVE');
INSERT INTO tgtGeometry (tgtNumber,tgtShape,tgtLength,tgtWidth,tgtCoordinates) VALUES('T-7371640','POINT',18,17,'39 98');
INSERT INTO tgtRegistry (tgtNumber,tgtDescription,tgtDTG,tgtReportedBy,tgtSurveillance) VALUES('T-8631641','Selected by Cmdr','2023-11-21','GROUND','CONTINUOUS');
INSERT INTO tgtFeatures VALUES('T-8631641','SOFT','HIGHLY_MOBILE','UNRESTRICTED','INACTIVE');
INSERT INTO tgtGeometry (tgtNumber,tgtShape,tgtLength,tgtWidth,tgtCoordinates) VALUES('T-8631641','POINT',44,8,'33 40');
INSERT INTO tgtRegistry (tgtNumber,tgtDescription,tgtDTG,tgtReportedBy,tgtSurveillance) VALUES('T-1741642','Selected by Cmdr','2023-10-19','AIR','INTERMITTENT');
INSERT INTO tgtFeatures VALUES('T-1741642','HARDENED','STATIC','PROHIBITED','INACTIVE');
INSERT INTO tgtGeometry (tgtNumber,tgtShape,tgtLength,tgtWidth,tgtCoordinates) VALUES('T-1741642','AREA',40,11,'113 69');
INSERT INTO tgtRegistry (tgtNumber,tgtDescription,tgtDTG,tgtReportedBy,tgtSurveillance) VALUES('T-6361643','Selected by HHQ','2023-11-18','INTEL','CONTINUOUS');
INSERT INTO tgtFeatures VALUES('T-6361643','REINFORCED','MOBILE','RESTRICTED','INACTIVE');
INSERT INTO tgtGeometry (tgtNumber,tgtShape,tgtLength,tgtWidth,tgtCoordinates) VALUES('T-6361643','POINT',16,14,'95 31');
INSERT INTO tgtRegistry (tgtNumber,tgtDescription,tgtDTG,tgtReportedBy,tgtSurveillance) VALUES('T-3981644','Selected by HHQ','2023-12-19','GROUND','CONTINUOUS');
INSERT INTO tgtFeatures VALUES('T-3981644','FORTIFIED','MOBILE','PROHIBITED','INACTIVE');
INSERT INTO tgtGeometry (tgtNumber,tgtShape,tgtLength,tgtWidth,tgtCoordinates) VALUES('T-3981644','AREA',33,5,'103 45');
INSERT INTO tgtRegistry (tgtNumber,tgtDescription,tgtDTG,tgtReportedBy,tgtSurveillance) VALUES('T-4521645','Selected by HHQ','2023-12-1','SATELLITE','INTERMITTENT');
INSERT INTO tgtFeatures VALUES('T-4521645','REINFORCED','MOBILE','UNRESTRICTED','INACTIVE');
INSERT INTO tgtGeometry (tgtNumber,tgtShape,tgtLength,tgtWidth,tgtCoordinates) VALUES('T-4521645','AREA',41,32,'41 41');
INSERT INTO tgtRegistry (tgtNumber,tgtDescription,tgtDTG,tgtReportedBy,tgtSurveillance) VALUES('T-2941646','Selected by JTF','2023-11-5','INTEL','INTERMITTENT');
INSERT INTO tgtFeatures VALUES('T-2941646','SOFT','STATIC','PROHIBITED','ACTIVE');
INSERT INTO tgtGeometry (tgtNumber,tgtShape,tgtLength,tgtWidth,tgtCoordinates) VALUES('T-2941646','AREA',23,41,'107 27');
INSERT INTO tgtRegistry (tgtNumber,tgtDescription,tgtDTG,tgtReportedBy,tgtSurveillance) VALUES('T-3771647','Selected by HHQ','2023-11-23','INTEL','NONE');
INSERT INTO tgtFeatures VALUES('T-3771647','FORTIFIED','MOBILE','RESTRICTED','INACTIVE');
INSERT INTO tgtGeometry (tgtNumber,tgtShape,tgtLength,tgtWidth,tgtCoordinates) VALUES('T-3771647','POINT',40,44,'52 39');
INSERT INTO tgtRegistry (tgtNumber,tgtDescription,tgtDTG,tgtReportedBy,tgtSurveillance) VALUES('T-7471648','Selected by JTF','2023-11-25','GROUND','CONTINUOUS');
INSERT INTO tgtFeatures VALUES('T-7471648','HARDENED','STATIC','RESTRICTED','ACTIVE');
INSERT INTO tgtGeometry (tgtNumber,tgtShape,tgtLength,tgtWidth,tgtCoordinates) VALUES('T-7471648','AREA',14,41,'61 55');
INSERT INTO tgtRegistry (tgtNumber,tgtDescription,tgtDTG,tgtReportedBy,tgtSurveillance) VALUES('T-3741649','Selected by JTF','2023-10-12','GROUND','NONE');
INSERT INTO tgtFeatures VALUES('T-3741649','REINFORCED','HIGHLY_MOBILE','PROHIBITED','ACTIVE');
INSERT INTO tgtGeometry (tgtNumber,tgtShape,tgtLength,tgtWidth,tgtCoordinates) VALUES('T-3741649','POINT',1,23,'154 12');
INSERT INTO tgtRegistry (tgtNumber,tgtDescription,tgtDTG,tgtReportedBy,tgtSurveillance) VALUES('T-4201650','Selected by JTF','2023-12-20','SATELLITE','INTERMITTENT');
INSERT INTO tgtFeatures VALUES('T-4201650','HARDENED','MOBILE','PROHIBITED','ACTIVE');
INSERT INTO tgtGeometry (tgtNumber,tgtShape,tgtLength,tgtWidth,tgtCoordinates) VALUES('T-4201650','POINT',16,24,'189 92');
INSERT INTO tgtRegistry (tgtNumber,tgtDescription,tgtDTG,tgtReportedBy,tgtSurveillance) VALUES('T-9581651','Selected by HHQ','2023-11-19','GROUND','CONTINUOUS');
INSERT INTO tgtFeatures VALUES('T-9581651','HARDENED','STATIC','UNRESTRICTED','ACTIVE');
INSERT INTO tgtGeometry (tgtNumber,tgtShape,tgtLength,tgtWidth,tgtCoordinates) VALUES('T-9581651','POINT',28,16,'115 20');
INSERT INTO tgtRegistry (tgtNumber,tgtDescription,tgtDTG,tgtReportedBy,tgtSurveillance) VALUES('T-6231652','Selected by Cmdr','2023-12-19','AIR','CONTINUOUS');
INSERT INTO tgtFeatures VALUES('T-6231652','HARDENED','HIGHLY_MOBILE','UNRESTRICTED','ACTIVE');
INSERT INTO tgtGeometry (tgtNumber,tgtShape,tgtLength,tgtWidth,tgtCoordinates) VALUES('T-6231652','POINT',5,24,'36 23');
INSERT INTO tgtRegistry (tgtNumber,tgtDescription,tgtDTG,tgtReportedBy,tgtSurveillance) VALUES('T-7341653','Selected by Cmdr','2023-12-22','SATELLITE','NONE');
INSERT INTO tgtFeatures VALUES('T-7341653','REINFORCED','HIGHLY_MOBILE','UNRESTRICTED','ACTIVE');
INSERT INTO tgtGeometry (tgtNumber,tgtShape,tgtLength,tgtWidth,tgtCoordinates) VALUES('T-7341653','AREA',13,29,'132 21');
INSERT INTO tgtRegistry (tgtNumber,tgtDescription,tgtDTG,tgtReportedBy,tgtSurveillance) VALUES('T-6591654','Selected by JTF','2023-12-4','SATELLITE','NONE');
INSERT INTO tgtFeatures VALUES('T-6591654','FORTIFIED','STATIC','UNRESTRICTED','ACTIVE');
INSERT INTO tgtGeometry (tgtNumber,tgtShape,tgtLength,tgtWidth,tgtCoordinates) VALUES('T-6591654','POINT',11,39,'188 26');
INSERT INTO tgtRegistry (tgtNumber,tgtDescription,tgtDTG,tgtReportedBy,tgtSurveillance) VALUES('T-5651655','Selected by Cmdr','2023-11-20','SATELLITE','NONE');
INSERT INTO tgtFeatures VALUES('T-5651655','FORTIFIED','SEMI_STATIC','RESTRICTED','INACTIVE');
INSERT INTO tgtGeometry (tgtNumber,tgtShape,tgtLength,tgtWidth,tgtCoordinates) VALUES('T-5651655','AREA',47,29,'146 88');
INSERT INTO tgtRegistry (tgtNumber,tgtDescription,tgtDTG,tgtReportedBy,tgtSurveillance) VALUES('T-5401656','Selected by HHQ','2023-10-12','AIR','CONTINUOUS');
INSERT INTO tgtFeatures VALUES('T-5401656','HARDENED','STATIC','PROHIBITED','ACTIVE');
INSERT INTO tgtGeometry (tgtNumber,tgtShape,tgtLength,tgtWidth,tgtCoordinates) VALUES('T-5401656','AREA',43,18,'88 79');
INSERT INTO tgtRegistry (tgtNumber,tgtDescription,tgtDTG,tgtReportedBy,tgtSurveillance) VALUES('T-5331657','Selected by Cmdr','2023-11-5','AIR','NONE');
INSERT INTO tgtFeatures VALUES('T-5331657','FORTIFIED','HIGHLY_MOBILE','RESTRICTED','INACTIVE');
INSERT INTO tgtGeometry (tgtNumber,tgtShape,tgtLength,tgtWidth,tgtCoordinates) VALUES('T-5331657','AREA',16,26,'20 32');
INSERT INTO tgtRegistry (tgtNumber,tgtDescription,tgtDTG,tgtReportedBy,tgtSurveillance) VALUES('T-1881658','Selected by HHQ','2023-12-16','SATELLITE','INTERMITTENT');
INSERT INTO tgtFeatures VALUES('T-1881658','HARDENED','SEMI_STATIC','PROHIBITED','INACTIVE');
INSERT INTO tgtGeometry (tgtNumber,tgtShape,tgtLength,tgtWidth,tgtCoordinates) VALUES('T-1881658','POINT',47,18,'192 92');
INSERT INTO tgtRegistry (tgtNumber,tgtDescription,tgtDTG,tgtReportedBy,tgtSurveillance) VALUES('T-3001659','Selected by Cmdr','2023-10-10','SATELLITE','INTERMITTENT');
INSERT INTO tgtFeatures VALUES('T-3001659','SOFT','STATIC','RESTRICTED','ACTIVE');
INSERT INTO tgtGeometry (tgtNumber,tgtShape,tgtLength,tgtWidth,tgtCoordinates) VALUES('T-3001659','AREA',34,29,'121 54');
INSERT INTO tgtRegistry (tgtNumber,tgtDescription,tgtDTG,tgtReportedBy,tgtSurveillance) VALUES('T-7411660','Selected by JTF','2023-11-24','SATELLITE','INTERMITTENT');
INSERT INTO tgtFeatures VALUES('T-7411660','HARDENED','HIGHLY_MOBILE','PROHIBITED','INACTIVE');
INSERT INTO tgtGeometry (tgtNumber,tgtShape,tgtLength,tgtWidth,tgtCoordinates) VALUES('T-7411660','AREA',25,31,'126 11');
INSERT INTO tgtRegistry (tgtNumber,tgtDescription,tgtDTG,tgtReportedBy,tgtSurveillance) VALUES('T-7291661','Selected by HHQ','2023-10-1','AIR','INTERMITTENT');
INSERT INTO tgtFeatures VALUES('T-7291661','FORTIFIED','STATIC','UNRESTRICTED','INACTIVE');
INSERT INTO tgtGeometry (tgtNumber,tgtShape,tgtLength,tgtWidth,tgtCoordinates) VALUES('T-7291661','POINT',15,43,'73 23');
INSERT INTO tgtRegistry (tgtNumber,tgtDescription,tgtDTG,tgtReportedBy,tgtSurveillance) VALUES('T-1971662','Selected by JTF','2023-12-23','AIR','INTERMITTENT');
INSERT INTO tgtFeatures VALUES('T-1971662','SOFT','MOBILE','PROHIBITED','ACTIVE');
INSERT INTO tgtGeometry (tgtNumber,tgtShape,tgtLength,tgtWidth,tgtCoordinates) VALUES('T-1971662','AREA',22,15,'104 33');
INSERT INTO tgtRegistry (tgtNumber,tgtDescription,tgtDTG,tgtReportedBy,tgtSurveillance) VALUES('T-5541663','Selected by HHQ','2023-12-21','AIR','NONE');
INSERT INTO tgtFeatures VALUES('T-5541663','FORTIFIED','MOBILE','RESTRICTED','ACTIVE');
INSERT INTO tgtGeometry (tgtNumber,tgtShape,tgtLength,tgtWidth,tgtCoordinates) VALUES('T-5541663','AREA',4,2,'94 89');
INSERT INTO tgtRegistry (tgtNumber,tgtDescription,tgtDTG,tgtReportedBy,tgtSurveillance) VALUES('T-8941664','Selected by JTF','2023-11-17','INTEL','INTERMITTENT');
INSERT INTO tgtFeatures VALUES('T-8941664','FORTIFIED','STATIC','UNRESTRICTED','ACTIVE');
INSERT INTO tgtGeometry (tgtNumber,tgtShape,tgtLength,tgtWidth,tgtCoordinates) VALUES('T-8941664','POINT',45,11,'173 96');
INSERT INTO tgtRegistry (tgtNumber,tgtDescription,tgtDTG,tgtReportedBy,tgtSurveillance) VALUES('T-8191665','Selected by HHQ','2023-10-22','SATELLITE','NONE');
INSERT INTO tgtFeatures VALUES('T-8191665','REINFORCED','MOBILE','UNRESTRICTED','INACTIVE');
INSERT INTO tgtGeometry (tgtNumber,tgtShape,tgtLength,tgtWidth,tgtCoordinates) VALUES('T-8191665','AREA',6,29,'139 68');
INSERT INTO tgtRegistry (tgtNumber,tgtDescription,tgtDTG,tgtReportedBy,tgtSurveillance) VALUES('T-2671666','Selected by JTF','2023-12-2','AIR','NONE');
INSERT INTO tgtFeatures VALUES('T-2671666','FORTIFIED','HIGHLY_MOBILE','UNRESTRICTED','INACTIVE');
INSERT INTO tgtGeometry (tgtNumber,tgtShape,tgtLength,tgtWidth,tgtCoordinates) VALUES('T-2671666','AREA',31,46,'29 56');
INSERT INTO tgtRegistry (tgtNumber,tgtDescription,tgtDTG,tgtReportedBy,tgtSurveillance) VALUES('T-1981667','Selected by HHQ','2023-11-15','SATELLITE','CONTINUOUS');
INSERT INTO tgtFeatures VALUES('T-1981667','SOFT','STATIC','UNRESTRICTED','ACTIVE');
INSERT INTO tgtGeometry (tgtNumber,tgtShape,tgtLength,tgtWidth,tgtCoordinates) VALUES('T-1981667','AREA',17,34,'199 17');
INSERT INTO tgtRegistry (tgtNumber,tgtDescription,tgtDTG,tgtReportedBy,tgtSurveillance) VALUES('T-1021668','Selected by JTF','2023-11-17','INTEL','NONE');
INSERT INTO tgtFeatures VALUES('T-1021668','SOFT','SEMI_STATIC','PROHIBITED','INACTIVE');
INSERT INTO tgtGeometry (tgtNumber,tgtShape,tgtLength,tgtWidth,tgtCoordinates) VALUES('T-1021668','POINT',14,42,'82 42');
INSERT INTO tgtRegistry (tgtNumber,tgtDescription,tgtDTG,tgtReportedBy,tgtSurveillance) VALUES('T-2441669','Selected by JTF','2023-10-12','INTEL','CONTINUOUS');
INSERT INTO tgtFeatures VALUES('T-2441669','FORTIFIED','MOBILE','PROHIBITED','ACTIVE');
INSERT INTO tgtGeometry (tgtNumber,tgtShape,tgtLength,tgtWidth,tgtCoordinates) VALUES('T-2441669','POINT',15,42,'96 70');
INSERT INTO tgtRegistry (tgtNumber,tgtDescription,tgtDTG,tgtReportedBy,tgtSurveillance) VALUES('T-4571670','Selected by JTF','2023-11-11','INTEL','INTERMITTENT');
INSERT INTO tgtFeatures VALUES('T-4571670','SOFT','SEMI_STATIC','UNRESTRICTED','INACTIVE');
INSERT INTO tgtGeometry (tgtNumber,tgtShape,tgtLength,tgtWidth,tgtCoordinates) VALUES('T-4571670','POINT',39,41,'45 90');
INSERT INTO tgtRegistry (tgtNumber,tgtDescription,tgtDTG,tgtReportedBy,tgtSurveillance) VALUES('T-3661671','Selected by HHQ','2023-11-9','INTEL','NONE');
INSERT INTO tgtFeatures VALUES('T-3661671','HARDENED','HIGHLY_MOBILE','UNRESTRICTED','ACTIVE');
INSERT INTO tgtGeometry (tgtNumber,tgtShape,tgtLength,tgtWidth,tgtCoordinates) VALUES('T-3661671','AREA',39,41,'21 41');
INSERT INTO tgtRegistry (tgtNumber,tgtDescription,tgtDTG,tgtReportedBy,tgtSurveillance) VALUES('T-9161672','Selected by Cmdr','2023-11-3','GROUND','CONTINUOUS');
INSERT INTO tgtFeatures VALUES('T-9161672','FORTIFIED','STATIC','RESTRICTED','ACTIVE');
INSERT INTO tgtGeometry (tgtNumber,tgtShape,tgtLength,tgtWidth,tgtCoordinates) VALUES('T-9161672','POINT',15,13,'120 82');
INSERT INTO tgtRegistry (tgtNumber,tgtDescription,tgtDTG,tgtReportedBy,tgtSurveillance) VALUES('T-5041673','Selected by JTF','2023-10-22','GROUND','INTERMITTENT');
INSERT INTO tgtFeatures VALUES('T-5041673','REINFORCED','MOBILE','RESTRICTED','ACTIVE');
INSERT INTO tgtGeometry (tgtNumber,tgtShape,tgtLength,tgtWidth,tgtCoordinates) VALUES('T-5041673','POINT',43,19,'27 65');
INSERT INTO tgtRegistry (tgtNumber,tgtDescription,tgtDTG,tgtReportedBy,tgtSurveillance) VALUES('T-6071674','Selected by JTF','2023-12-10','GROUND','NONE');
INSERT INTO tgtFeatures VALUES('T-6071674','HARDENED','HIGHLY_MOBILE','PROHIBITED','INACTIVE');
INSERT INTO tgtGeometry (tgtNumber,tgtShape,tgtLength,tgtWidth,tgtCoordinates) VALUES('T-6071674','POINT',7,4,'145 61');
INSERT INTO tgtRegistry (tgtNumber,tgtDescription,tgtDTG,tgtReportedBy,tgtSurveillance) VALUES('T-4421675','Selected by Cmdr','2023-11-21','INTEL','CONTINUOUS');
INSERT INTO tgtFeatures VALUES('T-4421675','HARDENED','HIGHLY_MOBILE','RESTRICTED','ACTIVE');
INSERT INTO tgtGeometry (tgtNumber,tgtShape,tgtLength,tgtWidth,tgtCoordinates) VALUES('T-4421675','POINT',22,20,'156 44');
INSERT INTO tgtRegistry (tgtNumber,tgtDescription,tgtDTG,tgtReportedBy,tgtSurveillance) VALUES('T-6651676','Selected by HHQ','2023-11-12','AIR','NONE');
INSERT INTO tgtFeatures VALUES('T-6651676','SOFT','HIGHLY_MOBILE','RESTRICTED','ACTIVE');
INSERT INTO tgtGeometry (tgtNumber,tgtShape,tgtLength,tgtWidth,tgtCoordinates) VALUES('T-6651676','AREA',40,50,'32 49');
INSERT INTO tgtRegistry (tgtNumber,tgtDescription,tgtDTG,tgtReportedBy,tgtSurveillance) VALUES('T-9331677','Selected by HHQ','2023-10-7','SATELLITE','CONTINUOUS');
INSERT INTO tgtFeatures VALUES('T-9331677','REINFORCED','SEMI_STATIC','PROHIBITED','INACTIVE');
INSERT INTO tgtGeometry (tgtNumber,tgtShape,tgtLength,tgtWidth,tgtCoordinates) VALUES('T-9331677','AREA',40,49,'72 33');
INSERT INTO tgtRegistry (tgtNumber,tgtDescription,tgtDTG,tgtReportedBy,tgtSurveillance) VALUES('T-5611678','Selected by JTF','2023-10-5','AIR','CONTINUOUS');
INSERT INTO tgtFeatures VALUES('T-5611678','REINFORCED','SEMI_STATIC','UNRESTRICTED','INACTIVE');
INSERT INTO tgtGeometry (tgtNumber,tgtShape,tgtLength,tgtWidth,tgtCoordinates) VALUES('T-5611678','POINT',13,17,'62 67');
INSERT INTO tgtRegistry (tgtNumber,tgtDescription,tgtDTG,tgtReportedBy,tgtSurveillance) VALUES('T-4331679','Selected by Cmdr','2023-12-18','AIR','CONTINUOUS');
INSERT INTO tgtFeatures VALUES('T-4331679','HARDENED','MOBILE','UNRESTRICTED','INACTIVE');
INSERT INTO tgtGeometry (tgtNumber,tgtShape,tgtLength,tgtWidth,tgtCoordinates) VALUES('T-4331679','AREA',11,39,'51 97');
INSERT INTO tgtRegistry (tgtNumber,tgtDescription,tgtDTG,tgtReportedBy,tgtSurveillance) VALUES('T-7861680','Selected by Cmdr','2023-10-11','AIR','NONE');
INSERT INTO tgtFeatures VALUES('T-7861680','FORTIFIED','STATIC','PROHIBITED','ACTIVE');
INSERT INTO tgtGeometry (tgtNumber,tgtShape,tgtLength,tgtWidth,tgtCoordinates) VALUES('T-7861680','AREA',9,33,'125 76');
INSERT INTO tgtRegistry (tgtNumber,tgtDescription,tgtDTG,tgtReportedBy,tgtSurveillance) VALUES('T-4391681','Selected by JTF','2023-12-18','SATELLITE','INTERMITTENT');
INSERT INTO tgtFeatures VALUES('T-4391681','REINFORCED','HIGHLY_MOBILE','UNRESTRICTED','INACTIVE');
INSERT INTO tgtGeometry (tgtNumber,tgtShape,tgtLength,tgtWidth,tgtCoordinates) VALUES('T-4391681','AREA',6,11,'90 19');
INSERT INTO tgtRegistry (tgtNumber,tgtDescription,tgtDTG,tgtReportedBy,tgtSurveillance) VALUES('T-4891682','Selected by HHQ','2023-10-13','INTEL','CONTINUOUS');
INSERT INTO tgtFeatures VALUES('T-4891682','REINFORCED','HIGHLY_MOBILE','UNRESTRICTED','ACTIVE');
INSERT INTO tgtGeometry (tgtNumber,tgtShape,tgtLength,tgtWidth,tgtCoordinates) VALUES('T-4891682','POINT',37,39,'120 49');
INSERT INTO tgtRegistry (tgtNumber,tgtDescription,tgtDTG,tgtReportedBy,tgtSurveillance) VALUES('T-6901683','Selected by HHQ','2023-10-7','INTEL','NONE');
INSERT INTO tgtFeatures VALUES('T-6901683','HARDENED','STATIC','UNRESTRICTED','INACTIVE');
INSERT INTO tgtGeometry (tgtNumber,tgtShape,tgtLength,tgtWidth,tgtCoordinates) VALUES('T-6901683','AREA',7,4,'56 79');
INSERT INTO tgtRegistry (tgtNumber,tgtDescription,tgtDTG,tgtReportedBy,tgtSurveillance) VALUES('T-6451684','Selected by HHQ','2023-11-18','AIR','NONE');
INSERT INTO tgtFeatures VALUES('T-6451684','REINFORCED','SEMI_STATIC','UNRESTRICTED','ACTIVE');
INSERT INTO tgtGeometry (tgtNumber,tgtShape,tgtLength,tgtWidth,tgtCoordinates) VALUES('T-6451684','AREA',50,23,'188 14');
INSERT INTO tgtRegistry (tgtNumber,tgtDescription,tgtDTG,tgtReportedBy,tgtSurveillance) VALUES('T-6261685','Selected by JTF','2023-11-4','SATELLITE','CONTINUOUS');
INSERT INTO tgtFeatures VALUES('T-6261685','HARDENED','SEMI_STATIC','PROHIBITED','INACTIVE');
INSERT INTO tgtGeometry (tgtNumber,tgtShape,tgtLength,tgtWidth,tgtCoordinates) VALUES('T-6261685','AREA',29,18,'48 36');
INSERT INTO tgtRegistry (tgtNumber,tgtDescription,tgtDTG,tgtReportedBy,tgtSurveillance) VALUES('T-1081686','Selected by HHQ','2023-12-6','INTEL','INTERMITTENT');
INSERT INTO tgtFeatures VALUES('T-1081686','FORTIFIED','STATIC','RESTRICTED','INACTIVE');
INSERT INTO tgtGeometry (tgtNumber,tgtShape,tgtLength,tgtWidth,tgtCoordinates) VALUES('T-1081686','POINT',50,27,'37 42');
INSERT INTO tgtRegistry (tgtNumber,tgtDescription,tgtDTG,tgtReportedBy,tgtSurveillance) VALUES('T-7371687','Selected by HHQ','2023-11-2','SATELLITE','NONE');
INSERT INTO tgtFeatures VALUES('T-7371687','HARDENED','HIGHLY_MOBILE','PROHIBITED','ACTIVE');
INSERT INTO tgtGeometry (tgtNumber,tgtShape,tgtLength,tgtWidth,tgtCoordinates) VALUES('T-7371687','AREA',37,5,'178 11');
INSERT INTO tgtRegistry (tgtNumber,tgtDescription,tgtDTG,tgtReportedBy,tgtSurveillance) VALUES('T-6911688','Selected by HHQ','2023-10-11','AIR','INTERMITTENT');
INSERT INTO tgtFeatures VALUES('T-6911688','HARDENED','HIGHLY_MOBILE','UNRESTRICTED','ACTIVE');
INSERT INTO tgtGeometry (tgtNumber,tgtShape,tgtLength,tgtWidth,tgtCoordinates) VALUES('T-6911688','AREA',16,17,'40 13');
INSERT INTO tgtRegistry (tgtNumber,tgtDescription,tgtDTG,tgtReportedBy,tgtSurveillance) VALUES('T-7191689','Selected by JTF','2023-11-24','GROUND','CONTINUOUS');
INSERT INTO tgtFeatures VALUES('T-7191689','HARDENED','SEMI_STATIC','UNRESTRICTED','INACTIVE');
INSERT INTO tgtGeometry (tgtNumber,tgtShape,tgtLength,tgtWidth,tgtCoordinates) VALUES('T-7191689','POINT',6,17,'191 25');
INSERT INTO tgtRegistry (tgtNumber,tgtDescription,tgtDTG,tgtReportedBy,tgtSurveillance) VALUES('T-1901690','Selected by JTF','2023-10-19','GROUND','INTERMITTENT');
INSERT INTO tgtFeatures VALUES('T-1901690','REINFORCED','HIGHLY_MOBILE','RESTRICTED','ACTIVE');
INSERT INTO tgtGeometry (tgtNumber,tgtShape,tgtLength,tgtWidth,tgtCoordinates) VALUES('T-1901690','POINT',17,38,'43 100');
INSERT INTO tgtRegistry (tgtNumber,tgtDescription,tgtDTG,tgtReportedBy,tgtSurveillance) VALUES('T-5991691','Selected by HHQ','2023-10-3','GROUND','CONTINUOUS');
INSERT INTO tgtFeatures VALUES('T-5991691','SOFT','HIGHLY_MOBILE','PROHIBITED','ACTIVE');
INSERT INTO tgtGeometry (tgtNumber,tgtShape,tgtLength,tgtWidth,tgtCoordinates) VALUES('T-5991691','POINT',1,40,'200 55');
INSERT INTO tgtRegistry (tgtNumber,tgtDescription,tgtDTG,tgtReportedBy,tgtSurveillance) VALUES('T-3401692','Selected by JTF','2023-12-15','AIR','CONTINUOUS');
INSERT INTO tgtFeatures VALUES('T-3401692','REINFORCED','HIGHLY_MOBILE','UNRESTRICTED','INACTIVE');
INSERT INTO tgtGeometry (tgtNumber,tgtShape,tgtLength,tgtWidth,tgtCoordinates) VALUES('T-3401692','POINT',24,17,'32 65');
INSERT INTO tgtRegistry (tgtNumber,tgtDescription,tgtDTG,tgtReportedBy,tgtSurveillance) VALUES('T-5231693','Selected by Cmdr','2023-12-17','AIR','INTERMITTENT');
INSERT INTO tgtFeatures VALUES('T-5231693','SOFT','MOBILE','UNRESTRICTED','INACTIVE');
INSERT INTO tgtGeometry (tgtNumber,tgtShape,tgtLength,tgtWidth,tgtCoordinates) VALUES('T-5231693','POINT',38,21,'139 27');
INSERT INTO tgtRegistry (tgtNumber,tgtDescription,tgtDTG,tgtReportedBy,tgtSurveillance) VALUES('T-9891694','Selected by HHQ','2023-12-14','GROUND','NONE');
INSERT INTO tgtFeatures VALUES('T-9891694','REINFORCED','STATIC','PROHIBITED','INACTIVE');
INSERT INTO tgtGeometry (tgtNumber,tgtShape,tgtLength,tgtWidth,tgtCoordinates) VALUES('T-9891694','AREA',27,45,'81 39');
INSERT INTO tgtRegistry (tgtNumber,tgtDescription,tgtDTG,tgtReportedBy,tgtSurveillance) VALUES('T-4451695','Selected by JTF','2023-11-22','SATELLITE','CONTINUOUS');
INSERT INTO tgtFeatures VALUES('T-4451695','SOFT','STATIC','RESTRICTED','ACTIVE');
INSERT INTO tgtGeometry (tgtNumber,tgtShape,tgtLength,tgtWidth,tgtCoordinates) VALUES('T-4451695','AREA',35,43,'90 39');
INSERT INTO tgtRegistry (tgtNumber,tgtDescription,tgtDTG,tgtReportedBy,tgtSurveillance) VALUES('T-3131696','Selected by JTF','2023-10-15','SATELLITE','NONE');
INSERT INTO tgtFeatures VALUES('T-3131696','HARDENED','HIGHLY_MOBILE','UNRESTRICTED','INACTIVE');
INSERT INTO tgtGeometry (tgtNumber,tgtShape,tgtLength,tgtWidth,tgtCoordinates) VALUES('T-3131696','AREA',32,38,'46 26');
INSERT INTO tgtRegistry (tgtNumber,tgtDescription,tgtDTG,tgtReportedBy,tgtSurveillance) VALUES('T-6451697','Selected by Cmdr','2023-11-24','AIR','CONTINUOUS');
INSERT INTO tgtFeatures VALUES('T-6451697','SOFT','HIGHLY_MOBILE','PROHIBITED','ACTIVE');
INSERT INTO tgtGeometry (tgtNumber,tgtShape,tgtLength,tgtWidth,tgtCoordinates) VALUES('T-6451697','POINT',46,30,'96 49');
INSERT INTO tgtRegistry (tgtNumber,tgtDescription,tgtDTG,tgtReportedBy,tgtSurveillance) VALUES('T-7771698','Selected by HHQ','2023-12-17','SATELLITE','CONTINUOUS');
INSERT INTO tgtFeatures VALUES('T-7771698','REINFORCED','SEMI_STATIC','PROHIBITED','ACTIVE');
INSERT INTO tgtGeometry (tgtNumber,tgtShape,tgtLength,tgtWidth,tgtCoordinates) VALUES('T-7771698','AREA',27,3,'29 16');
INSERT INTO tgtRegistry (tgtNumber,tgtDescription,tgtDTG,tgtReportedBy,tgtSurveillance) VALUES('T-7141699','Selected by JTF','2023-10-19','AIR','CONTINUOUS');
INSERT INTO tgtFeatures VALUES('T-7141699','REINFORCED','SEMI_STATIC','RESTRICTED','INACTIVE');
INSERT INTO tgtGeometry (tgtNumber,tgtShape,tgtLength,tgtWidth,tgtCoordinates) VALUES('T-7141699','AREA',13,6,'22 66');
INSERT INTO tgtRegistry (tgtNumber,tgtDescription,tgtDTG,tgtReportedBy,tgtSurveillance) VALUES('T-4291700','Selected by Cmdr','2023-10-13','GROUND','CONTINUOUS');
INSERT INTO tgtFeatures VALUES('T-4291700','REINFORCED','HIGHLY_MOBILE','PROHIBITED','INACTIVE');
INSERT INTO tgtGeometry (tgtNumber,tgtShape,tgtLength,tgtWidth,tgtCoordinates) VALUES('T-4291700','POINT',6,44,'118 58');
INSERT INTO tgtRegistry (tgtNumber,tgtDescription,tgtDTG,tgtReportedBy,tgtSurveillance) VALUES('T-4661701','Selected by HHQ','2023-10-9','INTEL','NONE');
INSERT INTO tgtFeatures VALUES('T-4661701','HARDENED','STATIC','PROHIBITED','INACTIVE');
INSERT INTO tgtGeometry (tgtNumber,tgtShape,tgtLength,tgtWidth,tgtCoordinates) VALUES('T-4661701','AREA',26,38,'64 12');
INSERT INTO tgtRegistry (tgtNumber,tgtDescription,tgtDTG,tgtReportedBy,tgtSurveillance) VALUES('T-2481702','Selected by Cmdr','2023-12-15','INTEL','INTERMITTENT');
INSERT INTO tgtFeatures VALUES('T-2481702','FORTIFIED','STATIC','RESTRICTED','ACTIVE');
INSERT INTO tgtGeometry (tgtNumber,tgtShape,tgtLength,tgtWidth,tgtCoordinates) VALUES('T-2481702','AREA',16,31,'200 96');
INSERT INTO tgtRegistry (tgtNumber,tgtDescription,tgtDTG,tgtReportedBy,tgtSurveillance) VALUES('T-9891703','Selected by JTF','2023-11-3','SATELLITE','INTERMITTENT');
INSERT INTO tgtFeatures VALUES('T-9891703','FORTIFIED','STATIC','PROHIBITED','ACTIVE');
INSERT INTO tgtGeometry (tgtNumber,tgtShape,tgtLength,tgtWidth,tgtCoordinates) VALUES('T-9891703','POINT',14,27,'54 87');
INSERT INTO tgtRegistry (tgtNumber,tgtDescription,tgtDTG,tgtReportedBy,tgtSurveillance) VALUES('T-6241704','Selected by HHQ','2023-11-20','INTEL','NONE');
INSERT INTO tgtFeatures VALUES('T-6241704','HARDENED','SEMI_STATIC','RESTRICTED','INACTIVE');
INSERT INTO tgtGeometry (tgtNumber,tgtShape,tgtLength,tgtWidth,tgtCoordinates) VALUES('T-6241704','AREA',47,2,'198 46');
INSERT INTO tgtRegistry (tgtNumber,tgtDescription,tgtDTG,tgtReportedBy,tgtSurveillance) VALUES('T-7971705','Selected by HHQ','2023-10-12','INTEL','INTERMITTENT');
INSERT INTO tgtFeatures VALUES('T-7971705','FORTIFIED','MOBILE','PROHIBITED','INACTIVE');
INSERT INTO tgtGeometry (tgtNumber,tgtShape,tgtLength,tgtWidth,tgtCoordinates) VALUES('T-7971705','POINT',39,24,'182 99');
INSERT INTO tgtRegistry (tgtNumber,tgtDescription,tgtDTG,tgtReportedBy,tgtSurveillance) VALUES('T-6691706','Selected by HHQ','2023-11-7','INTEL','CONTINUOUS');
INSERT INTO tgtFeatures VALUES('T-6691706','FORTIFIED','HIGHLY_MOBILE','RESTRICTED','ACTIVE');
INSERT INTO tgtGeometry (tgtNumber,tgtShape,tgtLength,tgtWidth,tgtCoordinates) VALUES('T-6691706','AREA',20,18,'29 74');
INSERT INTO tgtRegistry (tgtNumber,tgtDescription,tgtDTG,tgtReportedBy,tgtSurveillance) VALUES('T-6951707','Selected by Cmdr','2023-11-9','GROUND','NONE');
INSERT INTO tgtFeatures VALUES('T-6951707','SOFT','MOBILE','UNRESTRICTED','ACTIVE');
INSERT INTO tgtGeometry (tgtNumber,tgtShape,tgtLength,tgtWidth,tgtCoordinates) VALUES('T-6951707','POINT',25,41,'34 83');
INSERT INTO tgtRegistry (tgtNumber,tgtDescription,tgtDTG,tgtReportedBy,tgtSurveillance) VALUES('T-8431708','Selected by HHQ','2023-12-23','SATELLITE','NONE');
INSERT INTO tgtFeatures VALUES('T-8431708','SOFT','MOBILE','RESTRICTED','ACTIVE');
INSERT INTO tgtGeometry (tgtNumber,tgtShape,tgtLength,tgtWidth,tgtCoordinates) VALUES('T-8431708','POINT',7,48,'70 95');
INSERT INTO tgtRegistry (tgtNumber,tgtDescription,tgtDTG,tgtReportedBy,tgtSurveillance) VALUES('T-6301709','Selected by JTF','2023-11-4','SATELLITE','CONTINUOUS');
INSERT INTO tgtFeatures VALUES('T-6301709','SOFT','MOBILE','UNRESTRICTED','ACTIVE');
INSERT INTO tgtGeometry (tgtNumber,tgtShape,tgtLength,tgtWidth,tgtCoordinates) VALUES('T-6301709','POINT',29,2,'124 18');
INSERT INTO tgtRegistry (tgtNumber,tgtDescription,tgtDTG,tgtReportedBy,tgtSurveillance) VALUES('T-5621710','Selected by HHQ','2023-10-12','GROUND','CONTINUOUS');
INSERT INTO tgtFeatures VALUES('T-5621710','HARDENED','SEMI_STATIC','UNRESTRICTED','ACTIVE');
INSERT INTO tgtGeometry (tgtNumber,tgtShape,tgtLength,tgtWidth,tgtCoordinates) VALUES('T-5621710','POINT',3,18,'163 90');
INSERT INTO tgtRegistry (tgtNumber,tgtDescription,tgtDTG,tgtReportedBy,tgtSurveillance) VALUES('T-1441711','Selected by JTF','2023-11-19','INTEL','NONE');
INSERT INTO tgtFeatures VALUES('T-1441711','FORTIFIED','STATIC','RESTRICTED','ACTIVE');
INSERT INTO tgtGeometry (tgtNumber,tgtShape,tgtLength,tgtWidth,tgtCoordinates) VALUES('T-1441711','POINT',30,42,'85 88');
INSERT INTO tgtRegistry (tgtNumber,tgtDescription,tgtDTG,tgtReportedBy,tgtSurveillance) VALUES('T-3091712','Selected by HHQ','2023-12-11','AIR','CONTINUOUS');
INSERT INTO tgtFeatures VALUES('T-3091712','SOFT','HIGHLY_MOBILE','UNRESTRICTED','ACTIVE');
INSERT INTO tgtGeometry (tgtNumber,tgtShape,tgtLength,tgtWidth,tgtCoordinates) VALUES('T-3091712','POINT',16,47,'132 56');
INSERT INTO tgtRegistry (tgtNumber,tgtDescription,tgtDTG,tgtReportedBy,tgtSurveillance) VALUES('T-8011713','Selected by HHQ','2023-10-15','INTEL','NONE');
INSERT INTO tgtFeatures VALUES('T-8011713','FORTIFIED','SEMI_STATIC','PROHIBITED','INACTIVE');
INSERT INTO tgtGeometry (tgtNumber,tgtShape,tgtLength,tgtWidth,tgtCoordinates) VALUES('T-8011713','POINT',24,49,'185 69');
INSERT INTO tgtRegistry (tgtNumber,tgtDescription,tgtDTG,tgtReportedBy,tgtSurveillance) VALUES('T-9961714','Selected by JTF','2023-12-22','SATELLITE','CONTINUOUS');
INSERT INTO tgtFeatures VALUES('T-9961714','SOFT','HIGHLY_MOBILE','UNRESTRICTED','ACTIVE');
INSERT INTO tgtGeometry (tgtNumber,tgtShape,tgtLength,tgtWidth,tgtCoordinates) VALUES('T-9961714','POINT',6,16,'101 35');
INSERT INTO tgtRegistry (tgtNumber,tgtDescription,tgtDTG,tgtReportedBy,tgtSurveillance) VALUES('T-9531715','Selected by HHQ','2023-11-19','SATELLITE','CONTINUOUS');
INSERT INTO tgtFeatures VALUES('T-9531715','HARDENED','STATIC','RESTRICTED','ACTIVE');
INSERT INTO tgtGeometry (tgtNumber,tgtShape,tgtLength,tgtWidth,tgtCoordinates) VALUES('T-9531715','POINT',9,30,'155 35');
INSERT INTO tgtRegistry (tgtNumber,tgtDescription,tgtDTG,tgtReportedBy,tgtSurveillance) VALUES('T-6171716','Selected by JTF','2023-11-7','INTEL','INTERMITTENT');
INSERT INTO tgtFeatures VALUES('T-6171716','HARDENED','STATIC','RESTRICTED','ACTIVE');
INSERT INTO tgtGeometry (tgtNumber,tgtShape,tgtLength,tgtWidth,tgtCoordinates) VALUES('T-6171716','AREA',35,35,'50 35');
INSERT INTO tgtRegistry (tgtNumber,tgtDescription,tgtDTG,tgtReportedBy,tgtSurveillance) VALUES('T-4241717','Selected by JTF','2023-12-13','SATELLITE','NONE');
INSERT INTO tgtFeatures VALUES('T-4241717','REINFORCED','MOBILE','UNRESTRICTED','INACTIVE');
INSERT INTO tgtGeometry (tgtNumber,tgtShape,tgtLength,tgtWidth,tgtCoordinates) VALUES('T-4241717','AREA',38,48,'60 81');
INSERT INTO tgtRegistry (tgtNumber,tgtDescription,tgtDTG,tgtReportedBy,tgtSurveillance) VALUES('T-5491718','Selected by HHQ','2023-10-15','SATELLITE','INTERMITTENT');
INSERT INTO tgtFeatures VALUES('T-5491718','REINFORCED','STATIC','RESTRICTED','INACTIVE');
INSERT INTO tgtGeometry (tgtNumber,tgtShape,tgtLength,tgtWidth,tgtCoordinates) VALUES('T-5491718','AREA',11,23,'70 26');
INSERT INTO tgtRegistry (tgtNumber,tgtDescription,tgtDTG,tgtReportedBy,tgtSurveillance) VALUES('T-5551719','Selected by JTF','2023-10-18','GROUND','INTERMITTENT');
INSERT INTO tgtFeatures VALUES('T-5551719','REINFORCED','SEMI_STATIC','UNRESTRICTED','INACTIVE');
INSERT INTO tgtGeometry (tgtNumber,tgtShape,tgtLength,tgtWidth,tgtCoordinates) VALUES('T-5551719','POINT',16,47,'150 53');
INSERT INTO tgtRegistry (tgtNumber,tgtDescription,tgtDTG,tgtReportedBy,tgtSurveillance) VALUES('T-1351720','Selected by Cmdr','2023-10-10','SATELLITE','CONTINUOUS');
INSERT INTO tgtFeatures VALUES('T-1351720','HARDENED','SEMI_STATIC','RESTRICTED','INACTIVE');
INSERT INTO tgtGeometry (tgtNumber,tgtShape,tgtLength,tgtWidth,tgtCoordinates) VALUES('T-1351720','POINT',3,45,'33 63');
INSERT INTO tgtRegistry (tgtNumber,tgtDescription,tgtDTG,tgtReportedBy,tgtSurveillance) VALUES('T-8201721','Selected by Cmdr','2023-11-18','SATELLITE','INTERMITTENT');
INSERT INTO tgtFeatures VALUES('T-8201721','HARDENED','HIGHLY_MOBILE','RESTRICTED','ACTIVE');
INSERT INTO tgtGeometry (tgtNumber,tgtShape,tgtLength,tgtWidth,tgtCoordinates) VALUES('T-8201721','AREA',1,42,'116 10');
INSERT INTO tgtRegistry (tgtNumber,tgtDescription,tgtDTG,tgtReportedBy,tgtSurveillance) VALUES('T-5081722','Selected by JTF','2023-10-7','GROUND','INTERMITTENT');
INSERT INTO tgtFeatures VALUES('T-5081722','SOFT','STATIC','PROHIBITED','ACTIVE');
INSERT INTO tgtGeometry (tgtNumber,tgtShape,tgtLength,tgtWidth,tgtCoordinates) VALUES('T-5081722','POINT',41,40,'161 18');
INSERT INTO tgtRegistry (tgtNumber,tgtDescription,tgtDTG,tgtReportedBy,tgtSurveillance) VALUES('T-6721723','Selected by JTF','2023-10-13','INTEL','CONTINUOUS');
INSERT INTO tgtFeatures VALUES('T-6721723','HARDENED','STATIC','PROHIBITED','ACTIVE');
INSERT INTO tgtGeometry (tgtNumber,tgtShape,tgtLength,tgtWidth,tgtCoordinates) VALUES('T-6721723','POINT',47,26,'51 25');
INSERT INTO tgtRegistry (tgtNumber,tgtDescription,tgtDTG,tgtReportedBy,tgtSurveillance) VALUES('T-5371724','Selected by Cmdr','2023-11-21','INTEL','NONE');
INSERT INTO tgtFeatures VALUES('T-5371724','REINFORCED','SEMI_STATIC','PROHIBITED','INACTIVE');
INSERT INTO tgtGeometry (tgtNumber,tgtShape,tgtLength,tgtWidth,tgtCoordinates) VALUES('T-5371724','POINT',19,12,'90 93');
INSERT INTO tgtRegistry (tgtNumber,tgtDescription,tgtDTG,tgtReportedBy,tgtSurveillance) VALUES('T-5021725','Selected by Cmdr','2023-10-22','INTEL','INTERMITTENT');
INSERT INTO tgtFeatures VALUES('T-5021725','SOFT','HIGHLY_MOBILE','PROHIBITED','INACTIVE');
INSERT INTO tgtGeometry (tgtNumber,tgtShape,tgtLength,tgtWidth,tgtCoordinates) VALUES('T-5021725','POINT',4,22,'53 65');
INSERT INTO tgtRegistry (tgtNumber,tgtDescription,tgtDTG,tgtReportedBy,tgtSurveillance) VALUES('T-3541726','Selected by Cmdr','2023-10-3','GROUND','INTERMITTENT');
INSERT INTO tgtFeatures VALUES('T-3541726','HARDENED','MOBILE','RESTRICTED','INACTIVE');
INSERT INTO tgtGeometry (tgtNumber,tgtShape,tgtLength,tgtWidth,tgtCoordinates) VALUES('T-3541726','POINT',38,40,'61 73');
INSERT INTO tgtRegistry (tgtNumber,tgtDescription,tgtDTG,tgtReportedBy,tgtSurveillance) VALUES('T-2431727','Selected by Cmdr','2023-12-14','INTEL','NONE');
INSERT INTO tgtFeatures VALUES('T-2431727','HARDENED','SEMI_STATIC','RESTRICTED','ACTIVE');
INSERT INTO tgtGeometry (tgtNumber,tgtShape,tgtLength,tgtWidth,tgtCoordinates) VALUES('T-2431727','POINT',43,34,'22 44');
INSERT INTO tgtRegistry (tgtNumber,tgtDescription,tgtDTG,tgtReportedBy,tgtSurveillance) VALUES('T-4191728','Selected by HHQ','2023-12-8','INTEL','CONTINUOUS');
INSERT INTO tgtFeatures VALUES('T-4191728','HARDENED','MOBILE','UNRESTRICTED','ACTIVE');
INSERT INTO tgtGeometry (tgtNumber,tgtShape,tgtLength,tgtWidth,tgtCoordinates) VALUES('T-4191728','POINT',44,33,'50 34');
INSERT INTO tgtRegistry (tgtNumber,tgtDescription,tgtDTG,tgtReportedBy,tgtSurveillance) VALUES('T-3421729','Selected by JTF','2023-12-17','SATELLITE','INTERMITTENT');
INSERT INTO tgtFeatures VALUES('T-3421729','FORTIFIED','MOBILE','RESTRICTED','INACTIVE');
INSERT INTO tgtGeometry (tgtNumber,tgtShape,tgtLength,tgtWidth,tgtCoordinates) VALUES('T-3421729','POINT',3,23,'65 98');
INSERT INTO tgtRegistry (tgtNumber,tgtDescription,tgtDTG,tgtReportedBy,tgtSurveillance) VALUES('T-9971730','Selected by Cmdr','2023-12-15','SATELLITE','NONE');
INSERT INTO tgtFeatures VALUES('T-9971730','SOFT','MOBILE','UNRESTRICTED','ACTIVE');
INSERT INTO tgtGeometry (tgtNumber,tgtShape,tgtLength,tgtWidth,tgtCoordinates) VALUES('T-9971730','AREA',45,16,'98 30');
INSERT INTO tgtRegistry (tgtNumber,tgtDescription,tgtDTG,tgtReportedBy,tgtSurveillance) VALUES('T-8011731','Selected by JTF','2023-10-16','GROUND','INTERMITTENT');
INSERT INTO tgtFeatures VALUES('T-8011731','SOFT','MOBILE','RESTRICTED','INACTIVE');
INSERT INTO tgtGeometry (tgtNumber,tgtShape,tgtLength,tgtWidth,tgtCoordinates) VALUES('T-8011731','AREA',35,8,'173 42');
INSERT INTO tgtRegistry (tgtNumber,tgtDescription,tgtDTG,tgtReportedBy,tgtSurveillance) VALUES('T-3531732','Selected by Cmdr','2023-10-25','INTEL','INTERMITTENT');
INSERT INTO tgtFeatures VALUES('T-3531732','SOFT','MOBILE','PROHIBITED','INACTIVE');
INSERT INTO tgtGeometry (tgtNumber,tgtShape,tgtLength,tgtWidth,tgtCoordinates) VALUES('T-3531732','POINT',31,20,'147 73');
INSERT INTO tgtRegistry (tgtNumber,tgtDescription,tgtDTG,tgtReportedBy,tgtSurveillance) VALUES('T-1531733','Selected by JTF','2023-12-10','AIR','NONE');
INSERT INTO tgtFeatures VALUES('T-1531733','FORTIFIED','MOBILE','PROHIBITED','ACTIVE');
INSERT INTO tgtGeometry (tgtNumber,tgtShape,tgtLength,tgtWidth,tgtCoordinates) VALUES('T-1531733','AREA',50,16,'147 79');
INSERT INTO tgtRegistry (tgtNumber,tgtDescription,tgtDTG,tgtReportedBy,tgtSurveillance) VALUES('T-9321734','Selected by JTF','2023-10-9','INTEL','INTERMITTENT');
INSERT INTO tgtFeatures VALUES('T-9321734','HARDENED','HIGHLY_MOBILE','RESTRICTED','ACTIVE');
INSERT INTO tgtGeometry (tgtNumber,tgtShape,tgtLength,tgtWidth,tgtCoordinates) VALUES('T-9321734','AREA',27,16,'189 26');
INSERT INTO tgtRegistry (tgtNumber,tgtDescription,tgtDTG,tgtReportedBy,tgtSurveillance) VALUES('T-7551735','Selected by HHQ','2023-10-7','INTEL','NONE');
INSERT INTO tgtFeatures VALUES('T-7551735','REINFORCED','STATIC','RESTRICTED','INACTIVE');
INSERT INTO tgtGeometry (tgtNumber,tgtShape,tgtLength,tgtWidth,tgtCoordinates) VALUES('T-7551735','AREA',26,27,'136 98');
INSERT INTO tgtRegistry (tgtNumber,tgtDescription,tgtDTG,tgtReportedBy,tgtSurveillance) VALUES('T-5291736','Selected by JTF','2023-11-15','AIR','INTERMITTENT');
INSERT INTO tgtFeatures VALUES('T-5291736','REINFORCED','STATIC','RESTRICTED','ACTIVE');
INSERT INTO tgtGeometry (tgtNumber,tgtShape,tgtLength,tgtWidth,tgtCoordinates) VALUES('T-5291736','AREA',6,13,'183 54');
INSERT INTO tgtRegistry (tgtNumber,tgtDescription,tgtDTG,tgtReportedBy,tgtSurveillance) VALUES('T-9351737','Selected by HHQ','2023-12-20','AIR','INTERMITTENT');
INSERT INTO tgtFeatures VALUES('T-9351737','SOFT','MOBILE','UNRESTRICTED','INACTIVE');
INSERT INTO tgtGeometry (tgtNumber,tgtShape,tgtLength,tgtWidth,tgtCoordinates) VALUES('T-9351737','POINT',40,33,'151 66');
INSERT INTO tgtRegistry (tgtNumber,tgtDescription,tgtDTG,tgtReportedBy,tgtSurveillance) VALUES('T-4481738','Selected by Cmdr','2023-10-9','SATELLITE','CONTINUOUS');
INSERT INTO tgtFeatures VALUES('T-4481738','FORTIFIED','MOBILE','RESTRICTED','ACTIVE');
INSERT INTO tgtGeometry (tgtNumber,tgtShape,tgtLength,tgtWidth,tgtCoordinates) VALUES('T-4481738','AREA',22,48,'48 87');
INSERT INTO tgtRegistry (tgtNumber,tgtDescription,tgtDTG,tgtReportedBy,tgtSurveillance) VALUES('T-5401739','Selected by JTF','2023-12-19','SATELLITE','INTERMITTENT');
INSERT INTO tgtFeatures VALUES('T-5401739','HARDENED','STATIC','RESTRICTED','ACTIVE');
INSERT INTO tgtGeometry (tgtNumber,tgtShape,tgtLength,tgtWidth,tgtCoordinates) VALUES('T-5401739','AREA',46,26,'153 81');
INSERT INTO tgtRegistry (tgtNumber,tgtDescription,tgtDTG,tgtReportedBy,tgtSurveillance) VALUES('T-2901740','Selected by Cmdr','2023-12-24','AIR','NONE');
INSERT INTO tgtFeatures VALUES('T-2901740','SOFT','STATIC','UNRESTRICTED','ACTIVE');
INSERT INTO tgtGeometry (tgtNumber,tgtShape,tgtLength,tgtWidth,tgtCoordinates) VALUES('T-2901740','AREA',45,1,'161 65');
INSERT INTO tgtRegistry (tgtNumber,tgtDescription,tgtDTG,tgtReportedBy,tgtSurveillance) VALUES('T-8331741','Selected by JTF','2023-12-13','AIR','NONE');
INSERT INTO tgtFeatures VALUES('T-8331741','SOFT','MOBILE','UNRESTRICTED','ACTIVE');
INSERT INTO tgtGeometry (tgtNumber,tgtShape,tgtLength,tgtWidth,tgtCoordinates) VALUES('T-8331741','POINT',47,15,'20 21');
INSERT INTO tgtRegistry (tgtNumber,tgtDescription,tgtDTG,tgtReportedBy,tgtSurveillance) VALUES('T-3091742','Selected by HHQ','2023-12-8','SATELLITE','NONE');
INSERT INTO tgtFeatures VALUES('T-3091742','HARDENED','HIGHLY_MOBILE','PROHIBITED','ACTIVE');
INSERT INTO tgtGeometry (tgtNumber,tgtShape,tgtLength,tgtWidth,tgtCoordinates) VALUES('T-3091742','POINT',50,40,'180 33');
INSERT INTO tgtRegistry (tgtNumber,tgtDescription,tgtDTG,tgtReportedBy,tgtSurveillance) VALUES('T-8391743','Selected by JTF','2023-11-25','SATELLITE','NONE');
INSERT INTO tgtFeatures VALUES('T-8391743','FORTIFIED','HIGHLY_MOBILE','RESTRICTED','ACTIVE');
INSERT INTO tgtGeometry (tgtNumber,tgtShape,tgtLength,tgtWidth,tgtCoordinates) VALUES('T-8391743','AREA',29,22,'148 74');
INSERT INTO tgtRegistry (tgtNumber,tgtDescription,tgtDTG,tgtReportedBy,tgtSurveillance) VALUES('T-9521744','Selected by HHQ','2023-10-11','INTEL','NONE');
INSERT INTO tgtFeatures VALUES('T-9521744','SOFT','MOBILE','PROHIBITED','INACTIVE');
INSERT INTO tgtGeometry (tgtNumber,tgtShape,tgtLength,tgtWidth,tgtCoordinates) VALUES('T-9521744','POINT',5,29,'68 51');
INSERT INTO tgtRegistry (tgtNumber,tgtDescription,tgtDTG,tgtReportedBy,tgtSurveillance) VALUES('T-6781745','Selected by Cmdr','2023-11-4','GROUND','INTERMITTENT');
INSERT INTO tgtFeatures VALUES('T-6781745','HARDENED','HIGHLY_MOBILE','UNRESTRICTED','ACTIVE');
INSERT INTO tgtGeometry (tgtNumber,tgtShape,tgtLength,tgtWidth,tgtCoordinates) VALUES('T-6781745','POINT',47,49,'48 75');
INSERT INTO tgtRegistry (tgtNumber,tgtDescription,tgtDTG,tgtReportedBy,tgtSurveillance) VALUES('T-4991746','Selected by JTF','2023-12-23','SATELLITE','NONE');
INSERT INTO tgtFeatures VALUES('T-4991746','REINFORCED','STATIC','PROHIBITED','INACTIVE');
INSERT INTO tgtGeometry (tgtNumber,tgtShape,tgtLength,tgtWidth,tgtCoordinates) VALUES('T-4991746','POINT',6,50,'92 84');
INSERT INTO tgtRegistry (tgtNumber,tgtDescription,tgtDTG,tgtReportedBy,tgtSurveillance) VALUES('T-2631747','Selected by HHQ','2023-11-7','INTEL','CONTINUOUS');
INSERT INTO tgtFeatures VALUES('T-2631747','FORTIFIED','STATIC','RESTRICTED','INACTIVE');
INSERT INTO tgtGeometry (tgtNumber,tgtShape,tgtLength,tgtWidth,tgtCoordinates) VALUES('T-2631747','POINT',24,22,'173 78');
INSERT INTO tgtRegistry (tgtNumber,tgtDescription,tgtDTG,tgtReportedBy,tgtSurveillance) VALUES('T-9181748','Selected by Cmdr','2023-12-12','AIR','INTERMITTENT');
INSERT INTO tgtFeatures VALUES('T-9181748','FORTIFIED','SEMI_STATIC','PROHIBITED','INACTIVE');
INSERT INTO tgtGeometry (tgtNumber,tgtShape,tgtLength,tgtWidth,tgtCoordinates) VALUES('T-9181748','POINT',45,4,'60 32');
INSERT INTO tgtRegistry (tgtNumber,tgtDescription,tgtDTG,tgtReportedBy,tgtSurveillance) VALUES('T-5901749','Selected by Cmdr','2023-10-13','INTEL','CONTINUOUS');
INSERT INTO tgtFeatures VALUES('T-5901749','FORTIFIED','HIGHLY_MOBILE','PROHIBITED','INACTIVE');
INSERT INTO tgtGeometry (tgtNumber,tgtShape,tgtLength,tgtWidth,tgtCoordinates) VALUES('T-5901749','AREA',5,47,'145 60');
INSERT INTO tgtRegistry (tgtNumber,tgtDescription,tgtDTG,tgtReportedBy,tgtSurveillance) VALUES('T-8071750','Selected by JTF','2023-10-25','SATELLITE','INTERMITTENT');
INSERT INTO tgtFeatures VALUES('T-8071750','FORTIFIED','MOBILE','UNRESTRICTED','ACTIVE');
INSERT INTO tgtGeometry (tgtNumber,tgtShape,tgtLength,tgtWidth,tgtCoordinates) VALUES('T-8071750','AREA',11,13,'162 43');
INSERT INTO tgtRegistry (tgtNumber,tgtDescription,tgtDTG,tgtReportedBy,tgtSurveillance) VALUES('T-7771751','Selected by Cmdr','2023-12-23','INTEL','CONTINUOUS');
INSERT INTO tgtFeatures VALUES('T-7771751','HARDENED','SEMI_STATIC','RESTRICTED','INACTIVE');
INSERT INTO tgtGeometry (tgtNumber,tgtShape,tgtLength,tgtWidth,tgtCoordinates) VALUES('T-7771751','POINT',44,11,'137 21');
INSERT INTO tgtRegistry (tgtNumber,tgtDescription,tgtDTG,tgtReportedBy,tgtSurveillance) VALUES('T-2661752','Selected by Cmdr','2023-12-13','GROUND','INTERMITTENT');
INSERT INTO tgtFeatures VALUES('T-2661752','REINFORCED','STATIC','UNRESTRICTED','INACTIVE');
INSERT INTO tgtGeometry (tgtNumber,tgtShape,tgtLength,tgtWidth,tgtCoordinates) VALUES('T-2661752','AREA',9,48,'181 17');
INSERT INTO tgtRegistry (tgtNumber,tgtDescription,tgtDTG,tgtReportedBy,tgtSurveillance) VALUES('T-4441753','Selected by HHQ','2023-10-2','GROUND','CONTINUOUS');
INSERT INTO tgtFeatures VALUES('T-4441753','SOFT','HIGHLY_MOBILE','RESTRICTED','INACTIVE');
INSERT INTO tgtGeometry (tgtNumber,tgtShape,tgtLength,tgtWidth,tgtCoordinates) VALUES('T-4441753','AREA',47,2,'56 14');
INSERT INTO tgtRegistry (tgtNumber,tgtDescription,tgtDTG,tgtReportedBy,tgtSurveillance) VALUES('T-8151754','Selected by JTF','2023-12-5','AIR','NONE');
INSERT INTO tgtFeatures VALUES('T-8151754','SOFT','MOBILE','PROHIBITED','INACTIVE');
INSERT INTO tgtGeometry (tgtNumber,tgtShape,tgtLength,tgtWidth,tgtCoordinates) VALUES('T-8151754','AREA',25,17,'74 28');
INSERT INTO tgtRegistry (tgtNumber,tgtDescription,tgtDTG,tgtReportedBy,tgtSurveillance) VALUES('T-5001755','Selected by Cmdr','2023-11-4','SATELLITE','NONE');
INSERT INTO tgtFeatures VALUES('T-5001755','SOFT','HIGHLY_MOBILE','PROHIBITED','INACTIVE');
INSERT INTO tgtGeometry (tgtNumber,tgtShape,tgtLength,tgtWidth,tgtCoordinates) VALUES('T-5001755','POINT',49,44,'62 88');
INSERT INTO tgtRegistry (tgtNumber,tgtDescription,tgtDTG,tgtReportedBy,tgtSurveillance) VALUES('T-2791756','Selected by Cmdr','2023-12-3','AIR','NONE');
INSERT INTO tgtFeatures VALUES('T-2791756','SOFT','SEMI_STATIC','UNRESTRICTED','ACTIVE');
INSERT INTO tgtGeometry (tgtNumber,tgtShape,tgtLength,tgtWidth,tgtCoordinates) VALUES('T-2791756','POINT',17,33,'24 49');
INSERT INTO tgtRegistry (tgtNumber,tgtDescription,tgtDTG,tgtReportedBy,tgtSurveillance) VALUES('T-1681757','Selected by Cmdr','2023-10-5','INTEL','INTERMITTENT');
INSERT INTO tgtFeatures VALUES('T-1681757','REINFORCED','HIGHLY_MOBILE','RESTRICTED','INACTIVE');
INSERT INTO tgtGeometry (tgtNumber,tgtShape,tgtLength,tgtWidth,tgtCoordinates) VALUES('T-1681757','AREA',8,17,'157 57');
INSERT INTO tgtRegistry (tgtNumber,tgtDescription,tgtDTG,tgtReportedBy,tgtSurveillance) VALUES('T-6731758','Selected by HHQ','2023-12-5','INTEL','INTERMITTENT');
INSERT INTO tgtFeatures VALUES('T-6731758','HARDENED','SEMI_STATIC','UNRESTRICTED','INACTIVE');
INSERT INTO tgtGeometry (tgtNumber,tgtShape,tgtLength,tgtWidth,tgtCoordinates) VALUES('T-6731758','POINT',13,4,'123 17');
INSERT INTO tgtRegistry (tgtNumber,tgtDescription,tgtDTG,tgtReportedBy,tgtSurveillance) VALUES('T-5281759','Selected by HHQ','2023-11-19','GROUND','INTERMITTENT');
INSERT INTO tgtFeatures VALUES('T-5281759','REINFORCED','MOBILE','PROHIBITED','INACTIVE');
INSERT INTO tgtGeometry (tgtNumber,tgtShape,tgtLength,tgtWidth,tgtCoordinates) VALUES('T-5281759','POINT',45,12,'35 38');
INSERT INTO tgtRegistry (tgtNumber,tgtDescription,tgtDTG,tgtReportedBy,tgtSurveillance) VALUES('T-6031760','Selected by JTF','2023-11-6','SATELLITE','NONE');
INSERT INTO tgtFeatures VALUES('T-6031760','REINFORCED','SEMI_STATIC','UNRESTRICTED','INACTIVE');
INSERT INTO tgtGeometry (tgtNumber,tgtShape,tgtLength,tgtWidth,tgtCoordinates) VALUES('T-6031760','AREA',31,50,'93 24');
INSERT INTO tgtRegistry (tgtNumber,tgtDescription,tgtDTG,tgtReportedBy,tgtSurveillance) VALUES('T-5901761','Selected by Cmdr','2023-10-15','SATELLITE','CONTINUOUS');
INSERT INTO tgtFeatures VALUES('T-5901761','SOFT','MOBILE','PROHIBITED','INACTIVE');
INSERT INTO tgtGeometry (tgtNumber,tgtShape,tgtLength,tgtWidth,tgtCoordinates) VALUES('T-5901761','AREA',31,15,'69 84');
INSERT INTO tgtRegistry (tgtNumber,tgtDescription,tgtDTG,tgtReportedBy,tgtSurveillance) VALUES('T-9321762','Selected by HHQ','2023-12-15','GROUND','NONE');
INSERT INTO tgtFeatures VALUES('T-9321762','FORTIFIED','SEMI_STATIC','UNRESTRICTED','ACTIVE');
INSERT INTO tgtGeometry (tgtNumber,tgtShape,tgtLength,tgtWidth,tgtCoordinates) VALUES('T-9321762','POINT',5,30,'34 21');
INSERT INTO tgtRegistry (tgtNumber,tgtDescription,tgtDTG,tgtReportedBy,tgtSurveillance) VALUES('T-9751763','Selected by JTF','2023-12-8','INTEL','CONTINUOUS');
INSERT INTO tgtFeatures VALUES('T-9751763','FORTIFIED','MOBILE','UNRESTRICTED','ACTIVE');
INSERT INTO tgtGeometry (tgtNumber,tgtShape,tgtLength,tgtWidth,tgtCoordinates) VALUES('T-9751763','POINT',15,36,'115 11');
INSERT INTO tgtRegistry (tgtNumber,tgtDescription,tgtDTG,tgtReportedBy,tgtSurveillance) VALUES('T-2911764','Selected by Cmdr','2023-11-8','INTEL','INTERMITTENT');
INSERT INTO tgtFeatures VALUES('T-2911764','SOFT','STATIC','PROHIBITED','ACTIVE');
INSERT INTO tgtGeometry (tgtNumber,tgtShape,tgtLength,tgtWidth,tgtCoordinates) VALUES('T-2911764','POINT',1,3,'154 42');
INSERT INTO tgtRegistry (tgtNumber,tgtDescription,tgtDTG,tgtReportedBy,tgtSurveillance) VALUES('T-2421765','Selected by JTF','2023-12-13','SATELLITE','CONTINUOUS');
INSERT INTO tgtFeatures VALUES('T-2421765','SOFT','HIGHLY_MOBILE','RESTRICTED','ACTIVE');
INSERT INTO tgtGeometry (tgtNumber,tgtShape,tgtLength,tgtWidth,tgtCoordinates) VALUES('T-2421765','POINT',27,5,'67 36');
INSERT INTO tgtRegistry (tgtNumber,tgtDescription,tgtDTG,tgtReportedBy,tgtSurveillance) VALUES('T-5971766','Selected by Cmdr','2023-11-17','SATELLITE','NONE');
INSERT INTO tgtFeatures VALUES('T-5971766','REINFORCED','STATIC','RESTRICTED','ACTIVE');
INSERT INTO tgtGeometry (tgtNumber,tgtShape,tgtLength,tgtWidth,tgtCoordinates) VALUES('T-5971766','POINT',34,33,'112 13');
INSERT INTO tgtRegistry (tgtNumber,tgtDescription,tgtDTG,tgtReportedBy,tgtSurveillance) VALUES('T-3511767','Selected by HHQ','2023-10-22','GROUND','NONE');
INSERT INTO tgtFeatures VALUES('T-3511767','FORTIFIED','STATIC','UNRESTRICTED','ACTIVE');
INSERT INTO tgtGeometry (tgtNumber,tgtShape,tgtLength,tgtWidth,tgtCoordinates) VALUES('T-3511767','AREA',32,4,'117 92');
INSERT INTO tgtRegistry (tgtNumber,tgtDescription,tgtDTG,tgtReportedBy,tgtSurveillance) VALUES('T-6491768','Selected by HHQ','2023-12-1','SATELLITE','NONE');
INSERT INTO tgtFeatures VALUES('T-6491768','HARDENED','SEMI_STATIC','RESTRICTED','INACTIVE');
INSERT INTO tgtGeometry (tgtNumber,tgtShape,tgtLength,tgtWidth,tgtCoordinates) VALUES('T-6491768','POINT',35,50,'141 38');
INSERT INTO tgtRegistry (tgtNumber,tgtDescription,tgtDTG,tgtReportedBy,tgtSurveillance) VALUES('T-6071769','Selected by JTF','2023-10-14','GROUND','NONE');
INSERT INTO tgtFeatures VALUES('T-6071769','FORTIFIED','HIGHLY_MOBILE','UNRESTRICTED','INACTIVE');
INSERT INTO tgtGeometry (tgtNumber,tgtShape,tgtLength,tgtWidth,tgtCoordinates) VALUES('T-6071769','AREA',33,11,'72 56');
INSERT INTO tgtRegistry (tgtNumber,tgtDescription,tgtDTG,tgtReportedBy,tgtSurveillance) VALUES('T-9171770','Selected by JTF','2023-12-25','INTEL','INTERMITTENT');
INSERT INTO tgtFeatures VALUES('T-9171770','HARDENED','MOBILE','RESTRICTED','INACTIVE');
INSERT INTO tgtGeometry (tgtNumber,tgtShape,tgtLength,tgtWidth,tgtCoordinates) VALUES('T-9171770','POINT',13,9,'71 42');
INSERT INTO tgtRegistry (tgtNumber,tgtDescription,tgtDTG,tgtReportedBy,tgtSurveillance) VALUES('T-1801771','Selected by JTF','2023-12-24','INTEL','NONE');
INSERT INTO tgtFeatures VALUES('T-1801771','HARDENED','MOBILE','PROHIBITED','ACTIVE');
INSERT INTO tgtGeometry (tgtNumber,tgtShape,tgtLength,tgtWidth,tgtCoordinates) VALUES('T-1801771','AREA',49,16,'199 67');
INSERT INTO tgtRegistry (tgtNumber,tgtDescription,tgtDTG,tgtReportedBy,tgtSurveillance) VALUES('T-6991772','Selected by JTF','2023-11-12','AIR','CONTINUOUS');
INSERT INTO tgtFeatures VALUES('T-6991772','REINFORCED','SEMI_STATIC','UNRESTRICTED','INACTIVE');
INSERT INTO tgtGeometry (tgtNumber,tgtShape,tgtLength,tgtWidth,tgtCoordinates) VALUES('T-6991772','POINT',38,22,'116 36');
INSERT INTO tgtRegistry (tgtNumber,tgtDescription,tgtDTG,tgtReportedBy,tgtSurveillance) VALUES('T-9951773','Selected by JTF','2023-11-15','GROUND','INTERMITTENT');
INSERT INTO tgtFeatures VALUES('T-9951773','HARDENED','MOBILE','RESTRICTED','INACTIVE');
INSERT INTO tgtGeometry (tgtNumber,tgtShape,tgtLength,tgtWidth,tgtCoordinates) VALUES('T-9951773','POINT',45,2,'128 99');
INSERT INTO tgtRegistry (tgtNumber,tgtDescription,tgtDTG,tgtReportedBy,tgtSurveillance) VALUES('T-6931774','Selected by Cmdr','2023-12-24','SATELLITE','NONE');
INSERT INTO tgtFeatures VALUES('T-6931774','REINFORCED','SEMI_STATIC','RESTRICTED','INACTIVE');
INSERT INTO tgtGeometry (tgtNumber,tgtShape,tgtLength,tgtWidth,tgtCoordinates) VALUES('T-6931774','AREA',37,31,'155 80');
INSERT INTO tgtRegistry (tgtNumber,tgtDescription,tgtDTG,tgtReportedBy,tgtSurveillance) VALUES('T-1521775','Selected by JTF','2023-10-15','INTEL','NONE');
INSERT INTO tgtFeatures VALUES('T-1521775','REINFORCED','SEMI_STATIC','RESTRICTED','ACTIVE');
INSERT INTO tgtGeometry (tgtNumber,tgtShape,tgtLength,tgtWidth,tgtCoordinates) VALUES('T-1521775','POINT',6,15,'185 62');
INSERT INTO tgtRegistry (tgtNumber,tgtDescription,tgtDTG,tgtReportedBy,tgtSurveillance) VALUES('T-5991776','Selected by JTF','2023-10-2','GROUND','NONE');
INSERT INTO tgtFeatures VALUES('T-5991776','FORTIFIED','STATIC','RESTRICTED','INACTIVE');
INSERT INTO tgtGeometry (tgtNumber,tgtShape,tgtLength,tgtWidth,tgtCoordinates) VALUES('T-5991776','AREA',42,22,'80 62');
INSERT INTO tgtRegistry (tgtNumber,tgtDescription,tgtDTG,tgtReportedBy,tgtSurveillance) VALUES('T-6571777','Selected by HHQ','2023-12-5','GROUND','CONTINUOUS');
INSERT INTO tgtFeatures VALUES('T-6571777','FORTIFIED','SEMI_STATIC','UNRESTRICTED','INACTIVE');
INSERT INTO tgtGeometry (tgtNumber,tgtShape,tgtLength,tgtWidth,tgtCoordinates) VALUES('T-6571777','AREA',1,50,'165 53');
INSERT INTO tgtRegistry (tgtNumber,tgtDescription,tgtDTG,tgtReportedBy,tgtSurveillance) VALUES('T-3861778','Selected by HHQ','2023-11-12','GROUND','NONE');
INSERT INTO tgtFeatures VALUES('T-3861778','FORTIFIED','HIGHLY_MOBILE','RESTRICTED','ACTIVE');
INSERT INTO tgtGeometry (tgtNumber,tgtShape,tgtLength,tgtWidth,tgtCoordinates) VALUES('T-3861778','AREA',30,38,'145 24');
INSERT INTO tgtRegistry (tgtNumber,tgtDescription,tgtDTG,tgtReportedBy,tgtSurveillance) VALUES('T-1271779','Selected by Cmdr','2023-11-1','GROUND','INTERMITTENT');
INSERT INTO tgtFeatures VALUES('T-1271779','HARDENED','MOBILE','RESTRICTED','INACTIVE');
INSERT INTO tgtGeometry (tgtNumber,tgtShape,tgtLength,tgtWidth,tgtCoordinates) VALUES('T-1271779','AREA',24,41,'116 59');
INSERT INTO tgtRegistry (tgtNumber,tgtDescription,tgtDTG,tgtReportedBy,tgtSurveillance) VALUES('T-2821780','Selected by JTF','2023-11-13','SATELLITE','INTERMITTENT');
INSERT INTO tgtFeatures VALUES('T-2821780','SOFT','MOBILE','UNRESTRICTED','INACTIVE');
INSERT INTO tgtGeometry (tgtNumber,tgtShape,tgtLength,tgtWidth,tgtCoordinates) VALUES('T-2821780','POINT',20,28,'115 13');
INSERT INTO tgtRegistry (tgtNumber,tgtDescription,tgtDTG,tgtReportedBy,tgtSurveillance) VALUES('T-3161781','Selected by JTF','2023-12-10','AIR','INTERMITTENT');
INSERT INTO tgtFeatures VALUES('T-3161781','HARDENED','MOBILE','UNRESTRICTED','INACTIVE');
INSERT INTO tgtGeometry (tgtNumber,tgtShape,tgtLength,tgtWidth,tgtCoordinates) VALUES('T-3161781','POINT',10,9,'177 42');
INSERT INTO tgtRegistry (tgtNumber,tgtDescription,tgtDTG,tgtReportedBy,tgtSurveillance) VALUES('T-6281782','Selected by JTF','2023-12-10','AIR','INTERMITTENT');
INSERT INTO tgtFeatures VALUES('T-6281782','HARDENED','SEMI_STATIC','RESTRICTED','INACTIVE');
INSERT INTO tgtGeometry (tgtNumber,tgtShape,tgtLength,tgtWidth,tgtCoordinates) VALUES('T-6281782','POINT',8,37,'89 12');
INSERT INTO tgtRegistry (tgtNumber,tgtDescription,tgtDTG,tgtReportedBy,tgtSurveillance) VALUES('T-8401783','Selected by Cmdr','2023-11-16','INTEL','NONE');
INSERT INTO tgtFeatures VALUES('T-8401783','REINFORCED','HIGHLY_MOBILE','UNRESTRICTED','INACTIVE');
INSERT INTO tgtGeometry (tgtNumber,tgtShape,tgtLength,tgtWidth,tgtCoordinates) VALUES('T-8401783','POINT',43,9,'45 17');
INSERT INTO tgtRegistry (tgtNumber,tgtDescription,tgtDTG,tgtReportedBy,tgtSurveillance) VALUES('T-3781784','Selected by Cmdr','2023-10-25','SATELLITE','INTERMITTENT');
INSERT INTO tgtFeatures VALUES('T-3781784','FORTIFIED','STATIC','UNRESTRICTED','INACTIVE');
INSERT INTO tgtGeometry (tgtNumber,tgtShape,tgtLength,tgtWidth,tgtCoordinates) VALUES('T-3781784','AREA',37,9,'100 87');
INSERT INTO tgtRegistry (tgtNumber,tgtDescription,tgtDTG,tgtReportedBy,tgtSurveillance) VALUES('T-5871785','Selected by HHQ','2023-10-17','AIR','CONTINUOUS');
INSERT INTO tgtFeatures VALUES('T-5871785','HARDENED','SEMI_STATIC','PROHIBITED','INACTIVE');
INSERT INTO tgtGeometry (tgtNumber,tgtShape,tgtLength,tgtWidth,tgtCoordinates) VALUES('T-5871785','AREA',43,7,'143 88');
INSERT INTO tgtRegistry (tgtNumber,tgtDescription,tgtDTG,tgtReportedBy,tgtSurveillance) VALUES('T-8961786','Selected by HHQ','2023-12-8','INTEL','INTERMITTENT');
INSERT INTO tgtFeatures VALUES('T-8961786','FORTIFIED','STATIC','RESTRICTED','INACTIVE');
INSERT INTO tgtGeometry (tgtNumber,tgtShape,tgtLength,tgtWidth,tgtCoordinates) VALUES('T-8961786','POINT',29,12,'184 85');
INSERT INTO tgtRegistry (tgtNumber,tgtDescription,tgtDTG,tgtReportedBy,tgtSurveillance) VALUES('T-6091787','Selected by JTF','2023-12-22','AIR','CONTINUOUS');
INSERT INTO tgtFeatures VALUES('T-6091787','REINFORCED','STATIC','RESTRICTED','ACTIVE');
INSERT INTO tgtGeometry (tgtNumber,tgtShape,tgtLength,tgtWidth,tgtCoordinates) VALUES('T-6091787','AREA',50,43,'140 84');
INSERT INTO tgtRegistry (tgtNumber,tgtDescription,tgtDTG,tgtReportedBy,tgtSurveillance) VALUES('T-2621788','Selected by Cmdr','2023-11-17','GROUND','CONTINUOUS');
INSERT INTO tgtFeatures VALUES('T-2621788','REINFORCED','HIGHLY_MOBILE','RESTRICTED','INACTIVE');
INSERT INTO tgtGeometry (tgtNumber,tgtShape,tgtLength,tgtWidth,tgtCoordinates) VALUES('T-2621788','POINT',22,41,'58 38');
INSERT INTO tgtRegistry (tgtNumber,tgtDescription,tgtDTG,tgtReportedBy,tgtSurveillance) VALUES('T-5881789','Selected by HHQ','2023-10-9','SATELLITE','CONTINUOUS');
INSERT INTO tgtFeatures VALUES('T-5881789','FORTIFIED','SEMI_STATIC','PROHIBITED','INACTIVE');
INSERT INTO tgtGeometry (tgtNumber,tgtShape,tgtLength,tgtWidth,tgtCoordinates) VALUES('T-5881789','POINT',2,13,'138 91');
INSERT INTO tgtRegistry (tgtNumber,tgtDescription,tgtDTG,tgtReportedBy,tgtSurveillance) VALUES('T-6271790','Selected by JTF','2023-10-17','SATELLITE','NONE');
INSERT INTO tgtFeatures VALUES('T-6271790','HARDENED','HIGHLY_MOBILE','UNRESTRICTED','ACTIVE');
INSERT INTO tgtGeometry (tgtNumber,tgtShape,tgtLength,tgtWidth,tgtCoordinates) VALUES('T-6271790','AREA',17,42,'26 76');
INSERT INTO tgtRegistry (tgtNumber,tgtDescription,tgtDTG,tgtReportedBy,tgtSurveillance) VALUES('T-4501791','Selected by Cmdr','2023-11-6','AIR','INTERMITTENT');
INSERT INTO tgtFeatures VALUES('T-4501791','SOFT','SEMI_STATIC','RESTRICTED','INACTIVE');
INSERT INTO tgtGeometry (tgtNumber,tgtShape,tgtLength,tgtWidth,tgtCoordinates) VALUES('T-4501791','POINT',42,10,'184 54');
INSERT INTO tgtRegistry (tgtNumber,tgtDescription,tgtDTG,tgtReportedBy,tgtSurveillance) VALUES('T-8101792','Selected by Cmdr','2023-11-22','INTEL','CONTINUOUS');
INSERT INTO tgtFeatures VALUES('T-8101792','HARDENED','SEMI_STATIC','RESTRICTED','ACTIVE');
INSERT INTO tgtGeometry (tgtNumber,tgtShape,tgtLength,tgtWidth,tgtCoordinates) VALUES('T-8101792','POINT',28,17,'20 37');
INSERT INTO tgtRegistry (tgtNumber,tgtDescription,tgtDTG,tgtReportedBy,tgtSurveillance) VALUES('T-6831793','Selected by JTF','2023-11-23','SATELLITE','NONE');
INSERT INTO tgtFeatures VALUES('T-6831793','REINFORCED','MOBILE','PROHIBITED','ACTIVE');
INSERT INTO tgtGeometry (tgtNumber,tgtShape,tgtLength,tgtWidth,tgtCoordinates) VALUES('T-6831793','AREA',36,21,'73 56');
INSERT INTO tgtRegistry (tgtNumber,tgtDescription,tgtDTG,tgtReportedBy,tgtSurveillance) VALUES('T-2981794','Selected by Cmdr','2023-12-16','GROUND','NONE');
INSERT INTO tgtFeatures VALUES('T-2981794','REINFORCED','HIGHLY_MOBILE','PROHIBITED','INACTIVE');
INSERT INTO tgtGeometry (tgtNumber,tgtShape,tgtLength,tgtWidth,tgtCoordinates) VALUES('T-2981794','AREA',3,46,'120 30');
INSERT INTO tgtRegistry (tgtNumber,tgtDescription,tgtDTG,tgtReportedBy,tgtSurveillance) VALUES('T-3991795','Selected by HHQ','2023-11-6','SATELLITE','INTERMITTENT');
INSERT INTO tgtFeatures VALUES('T-3991795','SOFT','MOBILE','PROHIBITED','INACTIVE');
INSERT INTO tgtGeometry (tgtNumber,tgtShape,tgtLength,tgtWidth,tgtCoordinates) VALUES('T-3991795','POINT',4,26,'57 45');
INSERT INTO tgtRegistry (tgtNumber,tgtDescription,tgtDTG,tgtReportedBy,tgtSurveillance) VALUES('T-3551796','Selected by JTF','2023-12-17','AIR','NONE');
INSERT INTO tgtFeatures VALUES('T-3551796','FORTIFIED','MOBILE','UNRESTRICTED','ACTIVE');
INSERT INTO tgtGeometry (tgtNumber,tgtShape,tgtLength,tgtWidth,tgtCoordinates) VALUES('T-3551796','AREA',26,15,'50 59');
INSERT INTO tgtRegistry (tgtNumber,tgtDescription,tgtDTG,tgtReportedBy,tgtSurveillance) VALUES('T-4981797','Selected by JTF','2023-10-11','GROUND','INTERMITTENT');
INSERT INTO tgtFeatures VALUES('T-4981797','SOFT','MOBILE','PROHIBITED','ACTIVE');
INSERT INTO tgtGeometry (tgtNumber,tgtShape,tgtLength,tgtWidth,tgtCoordinates) VALUES('T-4981797','AREA',30,32,'179 50');
INSERT INTO tgtRegistry (tgtNumber,tgtDescription,tgtDTG,tgtReportedBy,tgtSurveillance) VALUES('T-9731798','Selected by Cmdr','2023-12-20','AIR','INTERMITTENT');
INSERT INTO tgtFeatures VALUES('T-9731798','SOFT','SEMI_STATIC','UNRESTRICTED','ACTIVE');
INSERT INTO tgtGeometry (tgtNumber,tgtShape,tgtLength,tgtWidth,tgtCoordinates) VALUES('T-9731798','AREA',39,37,'97 63');
INSERT INTO tgtRegistry (tgtNumber,tgtDescription,tgtDTG,tgtReportedBy,tgtSurveillance) VALUES('T-7401799','Selected by HHQ','2023-12-21','AIR','CONTINUOUS');
INSERT INTO tgtFeatures VALUES('T-7401799','FORTIFIED','HIGHLY_MOBILE','RESTRICTED','INACTIVE');
INSERT INTO tgtGeometry (tgtNumber,tgtShape,tgtLength,tgtWidth,tgtCoordinates) VALUES('T-7401799','AREA',6,50,'56 91');
INSERT INTO tgtRegistry (tgtNumber,tgtDescription,tgtDTG,tgtReportedBy,tgtSurveillance) VALUES('T-6411800','Selected by JTF','2023-10-25','AIR','INTERMITTENT');
INSERT INTO tgtFeatures VALUES('T-6411800','SOFT','STATIC','PROHIBITED','INACTIVE');
INSERT INTO tgtGeometry (tgtNumber,tgtShape,tgtLength,tgtWidth,tgtCoordinates) VALUES('T-6411800','POINT',22,7,'50 75');
INSERT INTO tgtRegistry (tgtNumber,tgtDescription,tgtDTG,tgtReportedBy,tgtSurveillance) VALUES('T-7061801','Selected by Cmdr','2023-10-1','INTEL','NONE');
INSERT INTO tgtFeatures VALUES('T-7061801','FORTIFIED','MOBILE','PROHIBITED','ACTIVE');
INSERT INTO tgtGeometry (tgtNumber,tgtShape,tgtLength,tgtWidth,tgtCoordinates) VALUES('T-7061801','POINT',9,24,'66 11');
INSERT INTO tgtRegistry (tgtNumber,tgtDescription,tgtDTG,tgtReportedBy,tgtSurveillance) VALUES('T-5161802','Selected by JTF','2023-11-16','GROUND','NONE');
INSERT INTO tgtFeatures VALUES('T-5161802','SOFT','MOBILE','RESTRICTED','ACTIVE');
INSERT INTO tgtGeometry (tgtNumber,tgtShape,tgtLength,tgtWidth,tgtCoordinates) VALUES('T-5161802','POINT',46,9,'21 19');
INSERT INTO tgtRegistry (tgtNumber,tgtDescription,tgtDTG,tgtReportedBy,tgtSurveillance) VALUES('T-8991803','Selected by Cmdr','2023-10-14','AIR','CONTINUOUS');
INSERT INTO tgtFeatures VALUES('T-8991803','REINFORCED','STATIC','UNRESTRICTED','ACTIVE');
INSERT INTO tgtGeometry (tgtNumber,tgtShape,tgtLength,tgtWidth,tgtCoordinates) VALUES('T-8991803','AREA',42,22,'178 93');
INSERT INTO tgtRegistry (tgtNumber,tgtDescription,tgtDTG,tgtReportedBy,tgtSurveillance) VALUES('T-6501804','Selected by Cmdr','2023-12-15','SATELLITE','CONTINUOUS');
INSERT INTO tgtFeatures VALUES('T-6501804','SOFT','MOBILE','PROHIBITED','INACTIVE');
INSERT INTO tgtGeometry (tgtNumber,tgtShape,tgtLength,tgtWidth,tgtCoordinates) VALUES('T-6501804','AREA',16,39,'92 36');
INSERT INTO tgtRegistry (tgtNumber,tgtDescription,tgtDTG,tgtReportedBy,tgtSurveillance) VALUES('T-2151805','Selected by Cmdr','2023-11-14','GROUND','NONE');
INSERT INTO tgtFeatures VALUES('T-2151805','REINFORCED','STATIC','PROHIBITED','INACTIVE');
INSERT INTO tgtGeometry (tgtNumber,tgtShape,tgtLength,tgtWidth,tgtCoordinates) VALUES('T-2151805','POINT',31,47,'71 36');
INSERT INTO tgtRegistry (tgtNumber,tgtDescription,tgtDTG,tgtReportedBy,tgtSurveillance) VALUES('T-2311806','Selected by HHQ','2023-12-2','AIR','CONTINUOUS');
INSERT INTO tgtFeatures VALUES('T-2311806','FORTIFIED','SEMI_STATIC','RESTRICTED','INACTIVE');
INSERT INTO tgtGeometry (tgtNumber,tgtShape,tgtLength,tgtWidth,tgtCoordinates) VALUES('T-2311806','POINT',7,25,'125 80');
INSERT INTO tgtRegistry (tgtNumber,tgtDescription,tgtDTG,tgtReportedBy,tgtSurveillance) VALUES('T-2871807','Selected by Cmdr','2023-12-4','AIR','CONTINUOUS');
INSERT INTO tgtFeatures VALUES('T-2871807','SOFT','STATIC','RESTRICTED','INACTIVE');
INSERT INTO tgtGeometry (tgtNumber,tgtShape,tgtLength,tgtWidth,tgtCoordinates) VALUES('T-2871807','AREA',8,20,'200 10');
INSERT INTO tgtRegistry (tgtNumber,tgtDescription,tgtDTG,tgtReportedBy,tgtSurveillance) VALUES('T-3831808','Selected by Cmdr','2023-11-23','SATELLITE','NONE');
INSERT INTO tgtFeatures VALUES('T-3831808','HARDENED','HIGHLY_MOBILE','PROHIBITED','ACTIVE');
INSERT INTO tgtGeometry (tgtNumber,tgtShape,tgtLength,tgtWidth,tgtCoordinates) VALUES('T-3831808','AREA',26,34,'123 22');
INSERT INTO tgtRegistry (tgtNumber,tgtDescription,tgtDTG,tgtReportedBy,tgtSurveillance) VALUES('T-3441809','Selected by JTF','2023-11-24','INTEL','INTERMITTENT');
INSERT INTO tgtFeatures VALUES('T-3441809','HARDENED','HIGHLY_MOBILE','UNRESTRICTED','INACTIVE');
INSERT INTO tgtGeometry (tgtNumber,tgtShape,tgtLength,tgtWidth,tgtCoordinates) VALUES('T-3441809','AREA',15,14,'139 65');
INSERT INTO tgtRegistry (tgtNumber,tgtDescription,tgtDTG,tgtReportedBy,tgtSurveillance) VALUES('T-9111810','Selected by JTF','2023-11-11','AIR','INTERMITTENT');
INSERT INTO tgtFeatures VALUES('T-9111810','FORTIFIED','HIGHLY_MOBILE','RESTRICTED','ACTIVE');
INSERT INTO tgtGeometry (tgtNumber,tgtShape,tgtLength,tgtWidth,tgtCoordinates) VALUES('T-9111810','POINT',1,19,'83 60');
INSERT INTO tgtRegistry (tgtNumber,tgtDescription,tgtDTG,tgtReportedBy,tgtSurveillance) VALUES('T-6341811','Selected by JTF','2023-11-17','SATELLITE','CONTINUOUS');
INSERT INTO tgtFeatures VALUES('T-6341811','SOFT','HIGHLY_MOBILE','PROHIBITED','ACTIVE');
INSERT INTO tgtGeometry (tgtNumber,tgtShape,tgtLength,tgtWidth,tgtCoordinates) VALUES('T-6341811','POINT',10,8,'66 49');
INSERT INTO tgtRegistry (tgtNumber,tgtDescription,tgtDTG,tgtReportedBy,tgtSurveillance) VALUES('T-8981812','Selected by HHQ','2023-11-4','SATELLITE','INTERMITTENT');
INSERT INTO tgtFeatures VALUES('T-8981812','HARDENED','MOBILE','UNRESTRICTED','INACTIVE');
INSERT INTO tgtGeometry (tgtNumber,tgtShape,tgtLength,tgtWidth,tgtCoordinates) VALUES('T-8981812','AREA',43,5,'49 64');
INSERT INTO tgtRegistry (tgtNumber,tgtDescription,tgtDTG,tgtReportedBy,tgtSurveillance) VALUES('T-7081813','Selected by Cmdr','2023-10-23','SATELLITE','INTERMITTENT');
INSERT INTO tgtFeatures VALUES('T-7081813','HARDENED','STATIC','PROHIBITED','INACTIVE');
INSERT INTO tgtGeometry (tgtNumber,tgtShape,tgtLength,tgtWidth,tgtCoordinates) VALUES('T-7081813','POINT',33,15,'136 29');
INSERT INTO tgtRegistry (tgtNumber,tgtDescription,tgtDTG,tgtReportedBy,tgtSurveillance) VALUES('T-1711814','Selected by Cmdr','2023-12-18','SATELLITE','CONTINUOUS');
INSERT INTO tgtFeatures VALUES('T-1711814','SOFT','SEMI_STATIC','PROHIBITED','ACTIVE');
INSERT INTO tgtGeometry (tgtNumber,tgtShape,tgtLength,tgtWidth,tgtCoordinates) VALUES('T-1711814','POINT',37,7,'192 43');
INSERT INTO tgtRegistry (tgtNumber,tgtDescription,tgtDTG,tgtReportedBy,tgtSurveillance) VALUES('T-8081815','Selected by HHQ','2023-12-1','AIR','INTERMITTENT');
INSERT INTO tgtFeatures VALUES('T-8081815','REINFORCED','MOBILE','UNRESTRICTED','INACTIVE');
INSERT INTO tgtGeometry (tgtNumber,tgtShape,tgtLength,tgtWidth,tgtCoordinates) VALUES('T-8081815','POINT',45,31,'127 100');
INSERT INTO tgtRegistry (tgtNumber,tgtDescription,tgtDTG,tgtReportedBy,tgtSurveillance) VALUES('T-8161816','Selected by HHQ','2023-12-20','INTEL','INTERMITTENT');
INSERT INTO tgtFeatures VALUES('T-8161816','REINFORCED','STATIC','RESTRICTED','INACTIVE');
INSERT INTO tgtGeometry (tgtNumber,tgtShape,tgtLength,tgtWidth,tgtCoordinates) VALUES('T-8161816','AREA',24,46,'103 71');
INSERT INTO tgtRegistry (tgtNumber,tgtDescription,tgtDTG,tgtReportedBy,tgtSurveillance) VALUES('T-1751817','Selected by JTF','2023-12-19','GROUND','NONE');
INSERT INTO tgtFeatures VALUES('T-1751817','HARDENED','MOBILE','RESTRICTED','INACTIVE');
INSERT INTO tgtGeometry (tgtNumber,tgtShape,tgtLength,tgtWidth,tgtCoordinates) VALUES('T-1751817','POINT',48,7,'144 64');
INSERT INTO tgtRegistry (tgtNumber,tgtDescription,tgtDTG,tgtReportedBy,tgtSurveillance) VALUES('T-5051818','Selected by HHQ','2023-12-1','AIR','CONTINUOUS');
INSERT INTO tgtFeatures VALUES('T-5051818','SOFT','HIGHLY_MOBILE','PROHIBITED','ACTIVE');
INSERT INTO tgtGeometry (tgtNumber,tgtShape,tgtLength,tgtWidth,tgtCoordinates) VALUES('T-5051818','AREA',4,16,'86 64');
INSERT INTO tgtRegistry (tgtNumber,tgtDescription,tgtDTG,tgtReportedBy,tgtSurveillance) VALUES('T-9291819','Selected by Cmdr','2023-10-25','SATELLITE','CONTINUOUS');
INSERT INTO tgtFeatures VALUES('T-9291819','FORTIFIED','SEMI_STATIC','UNRESTRICTED','INACTIVE');
INSERT INTO tgtGeometry (tgtNumber,tgtShape,tgtLength,tgtWidth,tgtCoordinates) VALUES('T-9291819','AREA',11,4,'47 21');
INSERT INTO tgtRegistry (tgtNumber,tgtDescription,tgtDTG,tgtReportedBy,tgtSurveillance) VALUES('T-7881820','Selected by JTF','2023-10-14','GROUND','NONE');
INSERT INTO tgtFeatures VALUES('T-7881820','HARDENED','MOBILE','PROHIBITED','ACTIVE');
INSERT INTO tgtGeometry (tgtNumber,tgtShape,tgtLength,tgtWidth,tgtCoordinates) VALUES('T-7881820','AREA',24,41,'160 82');
INSERT INTO tgtRegistry (tgtNumber,tgtDescription,tgtDTG,tgtReportedBy,tgtSurveillance) VALUES('T-9151821','Selected by HHQ','2023-11-14','GROUND','INTERMITTENT');
INSERT INTO tgtFeatures VALUES('T-9151821','SOFT','SEMI_STATIC','PROHIBITED','INACTIVE');
INSERT INTO tgtGeometry (tgtNumber,tgtShape,tgtLength,tgtWidth,tgtCoordinates) VALUES('T-9151821','AREA',23,17,'69 47');
INSERT INTO tgtRegistry (tgtNumber,tgtDescription,tgtDTG,tgtReportedBy,tgtSurveillance) VALUES('T-7731822','Selected by Cmdr','2023-10-18','GROUND','INTERMITTENT');
INSERT INTO tgtFeatures VALUES('T-7731822','FORTIFIED','HIGHLY_MOBILE','PROHIBITED','INACTIVE');
INSERT INTO tgtGeometry (tgtNumber,tgtShape,tgtLength,tgtWidth,tgtCoordinates) VALUES('T-7731822','AREA',9,41,'194 56');
INSERT INTO tgtRegistry (tgtNumber,tgtDescription,tgtDTG,tgtReportedBy,tgtSurveillance) VALUES('T-2601823','Selected by Cmdr','2023-10-7','GROUND','NONE');
INSERT INTO tgtFeatures VALUES('T-2601823','SOFT','MOBILE','RESTRICTED','INACTIVE');
INSERT INTO tgtGeometry (tgtNumber,tgtShape,tgtLength,tgtWidth,tgtCoordinates) VALUES('T-2601823','POINT',5,20,'181 49');
INSERT INTO tgtRegistry (tgtNumber,tgtDescription,tgtDTG,tgtReportedBy,tgtSurveillance) VALUES('T-4651824','Selected by JTF','2023-11-2','GROUND','CONTINUOUS');
INSERT INTO tgtFeatures VALUES('T-4651824','REINFORCED','HIGHLY_MOBILE','UNRESTRICTED','INACTIVE');
INSERT INTO tgtGeometry (tgtNumber,tgtShape,tgtLength,tgtWidth,tgtCoordinates) VALUES('T-4651824','AREA',19,48,'86 26');
INSERT INTO tgtRegistry (tgtNumber,tgtDescription,tgtDTG,tgtReportedBy,tgtSurveillance) VALUES('T-6211825','Selected by Cmdr','2023-10-16','SATELLITE','INTERMITTENT');
INSERT INTO tgtFeatures VALUES('T-6211825','REINFORCED','STATIC','RESTRICTED','ACTIVE');
INSERT INTO tgtGeometry (tgtNumber,tgtShape,tgtLength,tgtWidth,tgtCoordinates) VALUES('T-6211825','AREA',5,43,'187 72');
INSERT INTO tgtRegistry (tgtNumber,tgtDescription,tgtDTG,tgtReportedBy,tgtSurveillance) VALUES('T-8871826','Selected by HHQ','2023-11-15','INTEL','NONE');
INSERT INTO tgtFeatures VALUES('T-8871826','HARDENED','SEMI_STATIC','PROHIBITED','ACTIVE');
INSERT INTO tgtGeometry (tgtNumber,tgtShape,tgtLength,tgtWidth,tgtCoordinates) VALUES('T-8871826','POINT',23,30,'31 73');
INSERT INTO tgtRegistry (tgtNumber,tgtDescription,tgtDTG,tgtReportedBy,tgtSurveillance) VALUES('T-8091827','Selected by Cmdr','2023-11-13','GROUND','CONTINUOUS');
INSERT INTO tgtFeatures VALUES('T-8091827','HARDENED','STATIC','UNRESTRICTED','ACTIVE');
INSERT INTO tgtGeometry (tgtNumber,tgtShape,tgtLength,tgtWidth,tgtCoordinates) VALUES('T-8091827','AREA',15,11,'158 11');
INSERT INTO tgtRegistry (tgtNumber,tgtDescription,tgtDTG,tgtReportedBy,tgtSurveillance) VALUES('T-5301828','Selected by Cmdr','2023-12-8','AIR','NONE');
INSERT INTO tgtFeatures VALUES('T-5301828','REINFORCED','SEMI_STATIC','PROHIBITED','INACTIVE');
INSERT INTO tgtGeometry (tgtNumber,tgtShape,tgtLength,tgtWidth,tgtCoordinates) VALUES('T-5301828','AREA',28,22,'176 76');
INSERT INTO tgtRegistry (tgtNumber,tgtDescription,tgtDTG,tgtReportedBy,tgtSurveillance) VALUES('T-9451829','Selected by HHQ','2023-10-20','INTEL','NONE');
INSERT INTO tgtFeatures VALUES('T-9451829','REINFORCED','STATIC','PROHIBITED','ACTIVE');
INSERT INTO tgtGeometry (tgtNumber,tgtShape,tgtLength,tgtWidth,tgtCoordinates) VALUES('T-9451829','POINT',4,48,'159 52');
INSERT INTO tgtRegistry (tgtNumber,tgtDescription,tgtDTG,tgtReportedBy,tgtSurveillance) VALUES('T-6491830','Selected by Cmdr','2023-12-10','AIR','CONTINUOUS');
INSERT INTO tgtFeatures VALUES('T-6491830','FORTIFIED','STATIC','PROHIBITED','INACTIVE');
INSERT INTO tgtGeometry (tgtNumber,tgtShape,tgtLength,tgtWidth,tgtCoordinates) VALUES('T-6491830','AREA',19,30,'105 96');
INSERT INTO tgtRegistry (tgtNumber,tgtDescription,tgtDTG,tgtReportedBy,tgtSurveillance) VALUES('T-5881831','Selected by HHQ','2023-12-11','GROUND','INTERMITTENT');
INSERT INTO tgtFeatures VALUES('T-5881831','FORTIFIED','STATIC','UNRESTRICTED','ACTIVE');
INSERT INTO tgtGeometry (tgtNumber,tgtShape,tgtLength,tgtWidth,tgtCoordinates) VALUES('T-5881831','POINT',35,1,'196 67');
INSERT INTO tgtRegistry (tgtNumber,tgtDescription,tgtDTG,tgtReportedBy,tgtSurveillance) VALUES('T-9121832','Selected by Cmdr','2023-10-14','SATELLITE','INTERMITTENT');
INSERT INTO tgtFeatures VALUES('T-9121832','SOFT','HIGHLY_MOBILE','RESTRICTED','ACTIVE');
INSERT INTO tgtGeometry (tgtNumber,tgtShape,tgtLength,tgtWidth,tgtCoordinates) VALUES('T-9121832','AREA',17,30,'25 63');
INSERT INTO tgtRegistry (tgtNumber,tgtDescription,tgtDTG,tgtReportedBy,tgtSurveillance) VALUES('T-8131833','Selected by HHQ','2023-10-18','GROUND','NONE');
INSERT INTO tgtFeatures VALUES('T-8131833','HARDENED','HIGHLY_MOBILE','UNRESTRICTED','INACTIVE');
INSERT INTO tgtGeometry (tgtNumber,tgtShape,tgtLength,tgtWidth,tgtCoordinates) VALUES('T-8131833','POINT',2,4,'199 75');
INSERT INTO tgtRegistry (tgtNumber,tgtDescription,tgtDTG,tgtReportedBy,tgtSurveillance) VALUES('T-9061834','Selected by HHQ','2023-10-1','GROUND','NONE');
INSERT INTO tgtFeatures VALUES('T-9061834','REINFORCED','STATIC','UNRESTRICTED','INACTIVE');
INSERT INTO tgtGeometry (tgtNumber,tgtShape,tgtLength,tgtWidth,tgtCoordinates) VALUES('T-9061834','POINT',27,11,'48 52');
INSERT INTO tgtRegistry (tgtNumber,tgtDescription,tgtDTG,tgtReportedBy,tgtSurveillance) VALUES('T-8271835','Selected by HHQ','2023-10-3','SATELLITE','INTERMITTENT');
INSERT INTO tgtFeatures VALUES('T-8271835','REINFORCED','STATIC','RESTRICTED','INACTIVE');
INSERT INTO tgtGeometry (tgtNumber,tgtShape,tgtLength,tgtWidth,tgtCoordinates) VALUES('T-8271835','POINT',43,18,'139 39');
INSERT INTO tgtRegistry (tgtNumber,tgtDescription,tgtDTG,tgtReportedBy,tgtSurveillance) VALUES('T-4481836','Selected by JTF','2023-12-13','INTEL','CONTINUOUS');
INSERT INTO tgtFeatures VALUES('T-4481836','HARDENED','MOBILE','UNRESTRICTED','INACTIVE');
INSERT INTO tgtGeometry (tgtNumber,tgtShape,tgtLength,tgtWidth,tgtCoordinates) VALUES('T-4481836','AREA',34,27,'155 67');
INSERT INTO tgtRegistry (tgtNumber,tgtDescription,tgtDTG,tgtReportedBy,tgtSurveillance) VALUES('T-2431837','Selected by JTF','2023-10-18','AIR','NONE');
INSERT INTO tgtFeatures VALUES('T-2431837','FORTIFIED','STATIC','UNRESTRICTED','INACTIVE');
INSERT INTO tgtGeometry (tgtNumber,tgtShape,tgtLength,tgtWidth,tgtCoordinates) VALUES('T-2431837','AREA',8,49,'54 49');
INSERT INTO tgtRegistry (tgtNumber,tgtDescription,tgtDTG,tgtReportedBy,tgtSurveillance) VALUES('T-5671838','Selected by JTF','2023-12-12','GROUND','NONE');
INSERT INTO tgtFeatures VALUES('T-5671838','REINFORCED','MOBILE','PROHIBITED','ACTIVE');
INSERT INTO tgtGeometry (tgtNumber,tgtShape,tgtLength,tgtWidth,tgtCoordinates) VALUES('T-5671838','POINT',41,42,'34 34');
INSERT INTO tgtRegistry (tgtNumber,tgtDescription,tgtDTG,tgtReportedBy,tgtSurveillance) VALUES('T-9751839','Selected by JTF','2023-12-25','GROUND','CONTINUOUS');
INSERT INTO tgtFeatures VALUES('T-9751839','SOFT','SEMI_STATIC','RESTRICTED','ACTIVE');
INSERT INTO tgtGeometry (tgtNumber,tgtShape,tgtLength,tgtWidth,tgtCoordinates) VALUES('T-9751839','POINT',20,41,'185 72');
INSERT INTO tgtRegistry (tgtNumber,tgtDescription,tgtDTG,tgtReportedBy,tgtSurveillance) VALUES('T-1531840','Selected by Cmdr','2023-11-12','INTEL','CONTINUOUS');
INSERT INTO tgtFeatures VALUES('T-1531840','SOFT','HIGHLY_MOBILE','PROHIBITED','INACTIVE');
INSERT INTO tgtGeometry (tgtNumber,tgtShape,tgtLength,tgtWidth,tgtCoordinates) VALUES('T-1531840','AREA',41,12,'152 14');
INSERT INTO tgtRegistry (tgtNumber,tgtDescription,tgtDTG,tgtReportedBy,tgtSurveillance) VALUES('T-3311841','Selected by JTF','2023-11-5','INTEL','CONTINUOUS');
INSERT INTO tgtFeatures VALUES('T-3311841','HARDENED','SEMI_STATIC','PROHIBITED','ACTIVE');
INSERT INTO tgtGeometry (tgtNumber,tgtShape,tgtLength,tgtWidth,tgtCoordinates) VALUES('T-3311841','POINT',4,45,'45 67');
INSERT INTO tgtRegistry (tgtNumber,tgtDescription,tgtDTG,tgtReportedBy,tgtSurveillance) VALUES('T-7791842','Selected by HHQ','2023-10-2','SATELLITE','CONTINUOUS');
INSERT INTO tgtFeatures VALUES('T-7791842','SOFT','MOBILE','UNRESTRICTED','ACTIVE');
INSERT INTO tgtGeometry (tgtNumber,tgtShape,tgtLength,tgtWidth,tgtCoordinates) VALUES('T-7791842','AREA',25,49,'115 59');
INSERT INTO tgtRegistry (tgtNumber,tgtDescription,tgtDTG,tgtReportedBy,tgtSurveillance) VALUES('T-9311843','Selected by Cmdr','2023-12-15','AIR','CONTINUOUS');
INSERT INTO tgtFeatures VALUES('T-9311843','FORTIFIED','STATIC','RESTRICTED','ACTIVE');
INSERT INTO tgtGeometry (tgtNumber,tgtShape,tgtLength,tgtWidth,tgtCoordinates) VALUES('T-9311843','AREA',3,33,'110 33');
INSERT INTO tgtRegistry (tgtNumber,tgtDescription,tgtDTG,tgtReportedBy,tgtSurveillance) VALUES('T-3761844','Selected by JTF','2023-12-12','AIR','CONTINUOUS');
INSERT INTO tgtFeatures VALUES('T-3761844','SOFT','HIGHLY_MOBILE','RESTRICTED','INACTIVE');
INSERT INTO tgtGeometry (tgtNumber,tgtShape,tgtLength,tgtWidth,tgtCoordinates) VALUES('T-3761844','AREA',37,19,'140 84');
INSERT INTO tgtRegistry (tgtNumber,tgtDescription,tgtDTG,tgtReportedBy,tgtSurveillance) VALUES('T-7601845','Selected by JTF','2023-10-16','GROUND','CONTINUOUS');
INSERT INTO tgtFeatures VALUES('T-7601845','FORTIFIED','SEMI_STATIC','UNRESTRICTED','ACTIVE');
INSERT INTO tgtGeometry (tgtNumber,tgtShape,tgtLength,tgtWidth,tgtCoordinates) VALUES('T-7601845','AREA',26,50,'120 72');
INSERT INTO tgtRegistry (tgtNumber,tgtDescription,tgtDTG,tgtReportedBy,tgtSurveillance) VALUES('T-7361846','Selected by Cmdr','2023-12-15','AIR','NONE');
INSERT INTO tgtFeatures VALUES('T-7361846','REINFORCED','HIGHLY_MOBILE','RESTRICTED','ACTIVE');
INSERT INTO tgtGeometry (tgtNumber,tgtShape,tgtLength,tgtWidth,tgtCoordinates) VALUES('T-7361846','POINT',45,38,'125 97');
INSERT INTO tgtRegistry (tgtNumber,tgtDescription,tgtDTG,tgtReportedBy,tgtSurveillance) VALUES('T-1241847','Selected by JTF','2023-11-10','GROUND','CONTINUOUS');
INSERT INTO tgtFeatures VALUES('T-1241847','SOFT','SEMI_STATIC','UNRESTRICTED','INACTIVE');
INSERT INTO tgtGeometry (tgtNumber,tgtShape,tgtLength,tgtWidth,tgtCoordinates) VALUES('T-1241847','AREA',7,19,'122 62');
INSERT INTO tgtRegistry (tgtNumber,tgtDescription,tgtDTG,tgtReportedBy,tgtSurveillance) VALUES('T-5591848','Selected by HHQ','2023-10-18','SATELLITE','INTERMITTENT');
INSERT INTO tgtFeatures VALUES('T-5591848','FORTIFIED','HIGHLY_MOBILE','PROHIBITED','INACTIVE');
INSERT INTO tgtGeometry (tgtNumber,tgtShape,tgtLength,tgtWidth,tgtCoordinates) VALUES('T-5591848','POINT',22,4,'132 29');
INSERT INTO tgtRegistry (tgtNumber,tgtDescription,tgtDTG,tgtReportedBy,tgtSurveillance) VALUES('T-7941849','Selected by HHQ','2023-12-12','INTEL','NONE');
INSERT INTO tgtFeatures VALUES('T-7941849','SOFT','MOBILE','RESTRICTED','ACTIVE');
INSERT INTO tgtGeometry (tgtNumber,tgtShape,tgtLength,tgtWidth,tgtCoordinates) VALUES('T-7941849','POINT',36,18,'198 97');
INSERT INTO tgtRegistry (tgtNumber,tgtDescription,tgtDTG,tgtReportedBy,tgtSurveillance) VALUES('T-6111850','Selected by JTF','2023-10-14','GROUND','NONE');
INSERT INTO tgtFeatures VALUES('T-6111850','FORTIFIED','STATIC','RESTRICTED','INACTIVE');
INSERT INTO tgtGeometry (tgtNumber,tgtShape,tgtLength,tgtWidth,tgtCoordinates) VALUES('T-6111850','POINT',15,17,'27 92');
INSERT INTO tgtRegistry (tgtNumber,tgtDescription,tgtDTG,tgtReportedBy,tgtSurveillance) VALUES('T-9421851','Selected by Cmdr','2023-12-2','AIR','NONE');
INSERT INTO tgtFeatures VALUES('T-9421851','FORTIFIED','HIGHLY_MOBILE','UNRESTRICTED','INACTIVE');
INSERT INTO tgtGeometry (tgtNumber,tgtShape,tgtLength,tgtWidth,tgtCoordinates) VALUES('T-9421851','POINT',33,25,'199 34');
INSERT INTO tgtRegistry (tgtNumber,tgtDescription,tgtDTG,tgtReportedBy,tgtSurveillance) VALUES('T-6341852','Selected by JTF','2023-12-9','AIR','CONTINUOUS');
INSERT INTO tgtFeatures VALUES('T-6341852','SOFT','MOBILE','PROHIBITED','ACTIVE');
INSERT INTO tgtGeometry (tgtNumber,tgtShape,tgtLength,tgtWidth,tgtCoordinates) VALUES('T-6341852','AREA',39,1,'95 85');
INSERT INTO tgtRegistry (tgtNumber,tgtDescription,tgtDTG,tgtReportedBy,tgtSurveillance) VALUES('T-3591853','Selected by JTF','2023-12-23','GROUND','INTERMITTENT');
INSERT INTO tgtFeatures VALUES('T-3591853','HARDENED','STATIC','RESTRICTED','ACTIVE');
INSERT INTO tgtGeometry (tgtNumber,tgtShape,tgtLength,tgtWidth,tgtCoordinates) VALUES('T-3591853','AREA',36,34,'138 11');
INSERT INTO tgtRegistry (tgtNumber,tgtDescription,tgtDTG,tgtReportedBy,tgtSurveillance) VALUES('T-2151854','Selected by Cmdr','2023-11-8','AIR','INTERMITTENT');
INSERT INTO tgtFeatures VALUES('T-2151854','REINFORCED','HIGHLY_MOBILE','UNRESTRICTED','ACTIVE');
INSERT INTO tgtGeometry (tgtNumber,tgtShape,tgtLength,tgtWidth,tgtCoordinates) VALUES('T-2151854','POINT',12,22,'38 82');
INSERT INTO tgtRegistry (tgtNumber,tgtDescription,tgtDTG,tgtReportedBy,tgtSurveillance) VALUES('T-8281855','Selected by HHQ','2023-10-5','INTEL','CONTINUOUS');
INSERT INTO tgtFeatures VALUES('T-8281855','FORTIFIED','HIGHLY_MOBILE','PROHIBITED','ACTIVE');
INSERT INTO tgtGeometry (tgtNumber,tgtShape,tgtLength,tgtWidth,tgtCoordinates) VALUES('T-8281855','POINT',25,20,'50 52');
INSERT INTO tgtRegistry (tgtNumber,tgtDescription,tgtDTG,tgtReportedBy,tgtSurveillance) VALUES('T-8701856','Selected by JTF','2023-11-10','AIR','CONTINUOUS');
INSERT INTO tgtFeatures VALUES('T-8701856','SOFT','MOBILE','PROHIBITED','ACTIVE');
INSERT INTO tgtGeometry (tgtNumber,tgtShape,tgtLength,tgtWidth,tgtCoordinates) VALUES('T-8701856','POINT',31,18,'54 23');
INSERT INTO tgtRegistry (tgtNumber,tgtDescription,tgtDTG,tgtReportedBy,tgtSurveillance) VALUES('T-7911857','Selected by HHQ','2023-11-10','SATELLITE','CONTINUOUS');
INSERT INTO tgtFeatures VALUES('T-7911857','FORTIFIED','MOBILE','UNRESTRICTED','ACTIVE');
INSERT INTO tgtGeometry (tgtNumber,tgtShape,tgtLength,tgtWidth,tgtCoordinates) VALUES('T-7911857','AREA',39,16,'33 21');
INSERT INTO tgtRegistry (tgtNumber,tgtDescription,tgtDTG,tgtReportedBy,tgtSurveillance) VALUES('T-4271858','Selected by HHQ','2023-12-10','AIR','INTERMITTENT');
INSERT INTO tgtFeatures VALUES('T-4271858','HARDENED','MOBILE','PROHIBITED','INACTIVE');
INSERT INTO tgtGeometry (tgtNumber,tgtShape,tgtLength,tgtWidth,tgtCoordinates) VALUES('T-4271858','POINT',44,32,'181 68');
INSERT INTO tgtRegistry (tgtNumber,tgtDescription,tgtDTG,tgtReportedBy,tgtSurveillance) VALUES('T-8251859','Selected by HHQ','2023-12-6','AIR','CONTINUOUS');
INSERT INTO tgtFeatures VALUES('T-8251859','REINFORCED','STATIC','PROHIBITED','ACTIVE');
INSERT INTO tgtGeometry (tgtNumber,tgtShape,tgtLength,tgtWidth,tgtCoordinates) VALUES('T-8251859','POINT',21,34,'149 34');
INSERT INTO tgtRegistry (tgtNumber,tgtDescription,tgtDTG,tgtReportedBy,tgtSurveillance) VALUES('T-4611860','Selected by JTF','2023-10-9','GROUND','INTERMITTENT');
INSERT INTO tgtFeatures VALUES('T-4611860','REINFORCED','HIGHLY_MOBILE','UNRESTRICTED','ACTIVE');
INSERT INTO tgtGeometry (tgtNumber,tgtShape,tgtLength,tgtWidth,tgtCoordinates) VALUES('T-4611860','AREA',21,44,'58 88');
INSERT INTO tgtRegistry (tgtNumber,tgtDescription,tgtDTG,tgtReportedBy,tgtSurveillance) VALUES('T-5641861','Selected by JTF','2023-12-11','GROUND','NONE');
INSERT INTO tgtFeatures VALUES('T-5641861','HARDENED','MOBILE','RESTRICTED','INACTIVE');
INSERT INTO tgtGeometry (tgtNumber,tgtShape,tgtLength,tgtWidth,tgtCoordinates) VALUES('T-5641861','AREA',44,30,'169 92');
INSERT INTO tgtRegistry (tgtNumber,tgtDescription,tgtDTG,tgtReportedBy,tgtSurveillance) VALUES('T-5811862','Selected by JTF','2023-12-9','SATELLITE','NONE');
INSERT INTO tgtFeatures VALUES('T-5811862','REINFORCED','SEMI_STATIC','PROHIBITED','ACTIVE');
INSERT INTO tgtGeometry (tgtNumber,tgtShape,tgtLength,tgtWidth,tgtCoordinates) VALUES('T-5811862','AREA',30,44,'138 98');
INSERT INTO tgtRegistry (tgtNumber,tgtDescription,tgtDTG,tgtReportedBy,tgtSurveillance) VALUES('T-7081863','Selected by HHQ','2023-12-4','GROUND','CONTINUOUS');
INSERT INTO tgtFeatures VALUES('T-7081863','FORTIFIED','STATIC','UNRESTRICTED','ACTIVE');
INSERT INTO tgtGeometry (tgtNumber,tgtShape,tgtLength,tgtWidth,tgtCoordinates) VALUES('T-7081863','POINT',19,10,'166 82');
INSERT INTO tgtRegistry (tgtNumber,tgtDescription,tgtDTG,tgtReportedBy,tgtSurveillance) VALUES('T-4091864','Selected by JTF','2023-11-14','AIR','CONTINUOUS');
INSERT INTO tgtFeatures VALUES('T-4091864','REINFORCED','STATIC','PROHIBITED','ACTIVE');
INSERT INTO tgtGeometry (tgtNumber,tgtShape,tgtLength,tgtWidth,tgtCoordinates) VALUES('T-4091864','AREA',48,21,'28 55');
INSERT INTO tgtRegistry (tgtNumber,tgtDescription,tgtDTG,tgtReportedBy,tgtSurveillance) VALUES('T-9731865','Selected by JTF','2023-12-9','SATELLITE','INTERMITTENT');
INSERT INTO tgtFeatures VALUES('T-9731865','SOFT','STATIC','UNRESTRICTED','INACTIVE');
INSERT INTO tgtGeometry (tgtNumber,tgtShape,tgtLength,tgtWidth,tgtCoordinates) VALUES('T-9731865','POINT',7,19,'122 21');
INSERT INTO tgtRegistry (tgtNumber,tgtDescription,tgtDTG,tgtReportedBy,tgtSurveillance) VALUES('T-5641866','Selected by HHQ','2023-11-5','INTEL','CONTINUOUS');
INSERT INTO tgtFeatures VALUES('T-5641866','HARDENED','STATIC','PROHIBITED','ACTIVE');
INSERT INTO tgtGeometry (tgtNumber,tgtShape,tgtLength,tgtWidth,tgtCoordinates) VALUES('T-5641866','POINT',8,21,'93 77');
INSERT INTO tgtRegistry (tgtNumber,tgtDescription,tgtDTG,tgtReportedBy,tgtSurveillance) VALUES('T-4331867','Selected by HHQ','2023-12-2','AIR','INTERMITTENT');
INSERT INTO tgtFeatures VALUES('T-4331867','FORTIFIED','STATIC','RESTRICTED','ACTIVE');
INSERT INTO tgtGeometry (tgtNumber,tgtShape,tgtLength,tgtWidth,tgtCoordinates) VALUES('T-4331867','POINT',18,3,'98 35');
INSERT INTO tgtRegistry (tgtNumber,tgtDescription,tgtDTG,tgtReportedBy,tgtSurveillance) VALUES('T-5361868','Selected by HHQ','2023-10-19','AIR','NONE');
INSERT INTO tgtFeatures VALUES('T-5361868','REINFORCED','STATIC','RESTRICTED','ACTIVE');
INSERT INTO tgtGeometry (tgtNumber,tgtShape,tgtLength,tgtWidth,tgtCoordinates) VALUES('T-5361868','POINT',34,5,'91 35');
INSERT INTO tgtRegistry (tgtNumber,tgtDescription,tgtDTG,tgtReportedBy,tgtSurveillance) VALUES('T-8601869','Selected by JTF','2023-12-20','AIR','INTERMITTENT');
INSERT INTO tgtFeatures VALUES('T-8601869','REINFORCED','HIGHLY_MOBILE','PROHIBITED','ACTIVE');
INSERT INTO tgtGeometry (tgtNumber,tgtShape,tgtLength,tgtWidth,tgtCoordinates) VALUES('T-8601869','AREA',35,12,'47 43');
INSERT INTO tgtRegistry (tgtNumber,tgtDescription,tgtDTG,tgtReportedBy,tgtSurveillance) VALUES('T-6531870','Selected by JTF','2023-11-3','SATELLITE','INTERMITTENT');
INSERT INTO tgtFeatures VALUES('T-6531870','SOFT','HIGHLY_MOBILE','RESTRICTED','ACTIVE');
INSERT INTO tgtGeometry (tgtNumber,tgtShape,tgtLength,tgtWidth,tgtCoordinates) VALUES('T-6531870','AREA',5,9,'183 82');
INSERT INTO tgtRegistry (tgtNumber,tgtDescription,tgtDTG,tgtReportedBy,tgtSurveillance) VALUES('T-5371871','Selected by HHQ','2023-12-7','INTEL','NONE');
INSERT INTO tgtFeatures VALUES('T-5371871','REINFORCED','HIGHLY_MOBILE','PROHIBITED','INACTIVE');
INSERT INTO tgtGeometry (tgtNumber,tgtShape,tgtLength,tgtWidth,tgtCoordinates) VALUES('T-5371871','AREA',18,45,'178 15');
INSERT INTO tgtRegistry (tgtNumber,tgtDescription,tgtDTG,tgtReportedBy,tgtSurveillance) VALUES('T-9431872','Selected by JTF','2023-11-5','SATELLITE','CONTINUOUS');
INSERT INTO tgtFeatures VALUES('T-9431872','SOFT','SEMI_STATIC','PROHIBITED','INACTIVE');
INSERT INTO tgtGeometry (tgtNumber,tgtShape,tgtLength,tgtWidth,tgtCoordinates) VALUES('T-9431872','AREA',1,17,'169 39');
INSERT INTO tgtRegistry (tgtNumber,tgtDescription,tgtDTG,tgtReportedBy,tgtSurveillance) VALUES('T-6861873','Selected by Cmdr','2023-12-13','SATELLITE','CONTINUOUS');
INSERT INTO tgtFeatures VALUES('T-6861873','REINFORCED','MOBILE','PROHIBITED','ACTIVE');
INSERT INTO tgtGeometry (tgtNumber,tgtShape,tgtLength,tgtWidth,tgtCoordinates) VALUES('T-6861873','POINT',31,22,'79 97');
INSERT INTO tgtRegistry (tgtNumber,tgtDescription,tgtDTG,tgtReportedBy,tgtSurveillance) VALUES('T-4541874','Selected by Cmdr','2023-10-17','INTEL','CONTINUOUS');
INSERT INTO tgtFeatures VALUES('T-4541874','HARDENED','HIGHLY_MOBILE','UNRESTRICTED','ACTIVE');
INSERT INTO tgtGeometry (tgtNumber,tgtShape,tgtLength,tgtWidth,tgtCoordinates) VALUES('T-4541874','AREA',24,20,'149 97');
INSERT INTO tgtRegistry (tgtNumber,tgtDescription,tgtDTG,tgtReportedBy,tgtSurveillance) VALUES('T-9151875','Selected by Cmdr','2023-10-24','INTEL','NONE');
INSERT INTO tgtFeatures VALUES('T-9151875','FORTIFIED','STATIC','RESTRICTED','INACTIVE');
INSERT INTO tgtGeometry (tgtNumber,tgtShape,tgtLength,tgtWidth,tgtCoordinates) VALUES('T-9151875','POINT',27,24,'82 37');
INSERT INTO tgtRegistry (tgtNumber,tgtDescription,tgtDTG,tgtReportedBy,tgtSurveillance) VALUES('T-2611876','Selected by JTF','2023-10-12','GROUND','INTERMITTENT');
INSERT INTO tgtFeatures VALUES('T-2611876','REINFORCED','SEMI_STATIC','UNRESTRICTED','INACTIVE');
INSERT INTO tgtGeometry (tgtNumber,tgtShape,tgtLength,tgtWidth,tgtCoordinates) VALUES('T-2611876','AREA',32,33,'139 58');
INSERT INTO tgtRegistry (tgtNumber,tgtDescription,tgtDTG,tgtReportedBy,tgtSurveillance) VALUES('T-1781877','Selected by JTF','2023-10-2','INTEL','NONE');
INSERT INTO tgtFeatures VALUES('T-1781877','FORTIFIED','STATIC','PROHIBITED','INACTIVE');
INSERT INTO tgtGeometry (tgtNumber,tgtShape,tgtLength,tgtWidth,tgtCoordinates) VALUES('T-1781877','POINT',36,47,'191 21');
INSERT INTO tgtRegistry (tgtNumber,tgtDescription,tgtDTG,tgtReportedBy,tgtSurveillance) VALUES('T-2311878','Selected by HHQ','2023-10-20','AIR','NONE');
INSERT INTO tgtFeatures VALUES('T-2311878','FORTIFIED','MOBILE','UNRESTRICTED','ACTIVE');
INSERT INTO tgtGeometry (tgtNumber,tgtShape,tgtLength,tgtWidth,tgtCoordinates) VALUES('T-2311878','POINT',40,32,'91 41');
INSERT INTO tgtRegistry (tgtNumber,tgtDescription,tgtDTG,tgtReportedBy,tgtSurveillance) VALUES('T-4811879','Selected by Cmdr','2023-12-18','AIR','NONE');
INSERT INTO tgtFeatures VALUES('T-4811879','REINFORCED','MOBILE','UNRESTRICTED','INACTIVE');
INSERT INTO tgtGeometry (tgtNumber,tgtShape,tgtLength,tgtWidth,tgtCoordinates) VALUES('T-4811879','POINT',26,48,'192 26');
INSERT INTO tgtRegistry (tgtNumber,tgtDescription,tgtDTG,tgtReportedBy,tgtSurveillance) VALUES('T-3761880','Selected by JTF','2023-11-3','AIR','NONE');
INSERT INTO tgtFeatures VALUES('T-3761880','REINFORCED','HIGHLY_MOBILE','PROHIBITED','INACTIVE');
INSERT INTO tgtGeometry (tgtNumber,tgtShape,tgtLength,tgtWidth,tgtCoordinates) VALUES('T-3761880','AREA',24,46,'40 83');
INSERT INTO tgtRegistry (tgtNumber,tgtDescription,tgtDTG,tgtReportedBy,tgtSurveillance) VALUES('T-8121881','Selected by JTF','2023-12-11','INTEL','CONTINUOUS');
INSERT INTO tgtFeatures VALUES('T-8121881','SOFT','SEMI_STATIC','RESTRICTED','INACTIVE');
INSERT INTO tgtGeometry (tgtNumber,tgtShape,tgtLength,tgtWidth,tgtCoordinates) VALUES('T-8121881','POINT',4,41,'65 20');
INSERT INTO tgtRegistry (tgtNumber,tgtDescription,tgtDTG,tgtReportedBy,tgtSurveillance) VALUES('T-3851882','Selected by Cmdr','2023-11-20','SATELLITE','NONE');
INSERT INTO tgtFeatures VALUES('T-3851882','HARDENED','HIGHLY_MOBILE','RESTRICTED','INACTIVE');
INSERT INTO tgtGeometry (tgtNumber,tgtShape,tgtLength,tgtWidth,tgtCoordinates) VALUES('T-3851882','POINT',37,32,'63 90');
INSERT INTO tgtRegistry (tgtNumber,tgtDescription,tgtDTG,tgtReportedBy,tgtSurveillance) VALUES('T-8781883','Selected by HHQ','2023-12-7','AIR','CONTINUOUS');
INSERT INTO tgtFeatures VALUES('T-8781883','FORTIFIED','STATIC','UNRESTRICTED','INACTIVE');
INSERT INTO tgtGeometry (tgtNumber,tgtShape,tgtLength,tgtWidth,tgtCoordinates) VALUES('T-8781883','AREA',17,43,'24 26');
INSERT INTO tgtRegistry (tgtNumber,tgtDescription,tgtDTG,tgtReportedBy,tgtSurveillance) VALUES('T-5201884','Selected by JTF','2023-12-16','SATELLITE','CONTINUOUS');
INSERT INTO tgtFeatures VALUES('T-5201884','FORTIFIED','MOBILE','PROHIBITED','INACTIVE');
INSERT INTO tgtGeometry (tgtNumber,tgtShape,tgtLength,tgtWidth,tgtCoordinates) VALUES('T-5201884','AREA',14,45,'159 97');
INSERT INTO tgtRegistry (tgtNumber,tgtDescription,tgtDTG,tgtReportedBy,tgtSurveillance) VALUES('T-7721885','Selected by HHQ','2023-11-12','GROUND','CONTINUOUS');
INSERT INTO tgtFeatures VALUES('T-7721885','FORTIFIED','STATIC','UNRESTRICTED','ACTIVE');
INSERT INTO tgtGeometry (tgtNumber,tgtShape,tgtLength,tgtWidth,tgtCoordinates) VALUES('T-7721885','AREA',4,1,'155 39');
INSERT INTO tgtRegistry (tgtNumber,tgtDescription,tgtDTG,tgtReportedBy,tgtSurveillance) VALUES('T-5951886','Selected by Cmdr','2023-12-3','AIR','NONE');
INSERT INTO tgtFeatures VALUES('T-5951886','SOFT','MOBILE','PROHIBITED','INACTIVE');
INSERT INTO tgtGeometry (tgtNumber,tgtShape,tgtLength,tgtWidth,tgtCoordinates) VALUES('T-5951886','POINT',41,30,'147 91');
INSERT INTO tgtRegistry (tgtNumber,tgtDescription,tgtDTG,tgtReportedBy,tgtSurveillance) VALUES('T-7751887','Selected by HHQ','2023-10-17','INTEL','INTERMITTENT');
INSERT INTO tgtFeatures VALUES('T-7751887','REINFORCED','STATIC','UNRESTRICTED','ACTIVE');
INSERT INTO tgtGeometry (tgtNumber,tgtShape,tgtLength,tgtWidth,tgtCoordinates) VALUES('T-7751887','AREA',40,18,'42 25');
INSERT INTO tgtRegistry (tgtNumber,tgtDescription,tgtDTG,tgtReportedBy,tgtSurveillance) VALUES('T-4051888','Selected by JTF','2023-10-2','SATELLITE','CONTINUOUS');
INSERT INTO tgtFeatures VALUES('T-4051888','HARDENED','STATIC','RESTRICTED','ACTIVE');
INSERT INTO tgtGeometry (tgtNumber,tgtShape,tgtLength,tgtWidth,tgtCoordinates) VALUES('T-4051888','POINT',50,17,'200 78');
INSERT INTO tgtRegistry (tgtNumber,tgtDescription,tgtDTG,tgtReportedBy,tgtSurveillance) VALUES('T-3881889','Selected by Cmdr','2023-12-19','GROUND','INTERMITTENT');
INSERT INTO tgtFeatures VALUES('T-3881889','FORTIFIED','SEMI_STATIC','RESTRICTED','INACTIVE');
INSERT INTO tgtGeometry (tgtNumber,tgtShape,tgtLength,tgtWidth,tgtCoordinates) VALUES('T-3881889','AREA',2,25,'195 27');
INSERT INTO tgtRegistry (tgtNumber,tgtDescription,tgtDTG,tgtReportedBy,tgtSurveillance) VALUES('T-6211890','Selected by Cmdr','2023-10-16','SATELLITE','NONE');
INSERT INTO tgtFeatures VALUES('T-6211890','HARDENED','MOBILE','UNRESTRICTED','ACTIVE');
INSERT INTO tgtGeometry (tgtNumber,tgtShape,tgtLength,tgtWidth,tgtCoordinates) VALUES('T-6211890','POINT',3,38,'48 79');
INSERT INTO tgtRegistry (tgtNumber,tgtDescription,tgtDTG,tgtReportedBy,tgtSurveillance) VALUES('T-8291891','Selected by HHQ','2023-11-24','GROUND','NONE');
INSERT INTO tgtFeatures VALUES('T-8291891','SOFT','MOBILE','UNRESTRICTED','ACTIVE');
INSERT INTO tgtGeometry (tgtNumber,tgtShape,tgtLength,tgtWidth,tgtCoordinates) VALUES('T-8291891','POINT',24,7,'119 89');
INSERT INTO tgtRegistry (tgtNumber,tgtDescription,tgtDTG,tgtReportedBy,tgtSurveillance) VALUES('T-9301892','Selected by JTF','2023-12-18','GROUND','INTERMITTENT');
INSERT INTO tgtFeatures VALUES('T-9301892','HARDENED','HIGHLY_MOBILE','PROHIBITED','INACTIVE');
INSERT INTO tgtGeometry (tgtNumber,tgtShape,tgtLength,tgtWidth,tgtCoordinates) VALUES('T-9301892','POINT',33,30,'154 59');
INSERT INTO tgtRegistry (tgtNumber,tgtDescription,tgtDTG,tgtReportedBy,tgtSurveillance) VALUES('T-5311893','Selected by Cmdr','2023-12-5','GROUND','CONTINUOUS');
INSERT INTO tgtFeatures VALUES('T-5311893','HARDENED','MOBILE','RESTRICTED','INACTIVE');
INSERT INTO tgtGeometry (tgtNumber,tgtShape,tgtLength,tgtWidth,tgtCoordinates) VALUES('T-5311893','AREA',14,14,'67 12');
INSERT INTO tgtRegistry (tgtNumber,tgtDescription,tgtDTG,tgtReportedBy,tgtSurveillance) VALUES('T-2801894','Selected by HHQ','2023-12-15','SATELLITE','CONTINUOUS');
INSERT INTO tgtFeatures VALUES('T-2801894','SOFT','HIGHLY_MOBILE','PROHIBITED','INACTIVE');
INSERT INTO tgtGeometry (tgtNumber,tgtShape,tgtLength,tgtWidth,tgtCoordinates) VALUES('T-2801894','POINT',12,36,'196 67');
INSERT INTO tgtRegistry (tgtNumber,tgtDescription,tgtDTG,tgtReportedBy,tgtSurveillance) VALUES('T-3431895','Selected by Cmdr','2023-11-1','INTEL','INTERMITTENT');
INSERT INTO tgtFeatures VALUES('T-3431895','FORTIFIED','HIGHLY_MOBILE','UNRESTRICTED','INACTIVE');
INSERT INTO tgtGeometry (tgtNumber,tgtShape,tgtLength,tgtWidth,tgtCoordinates) VALUES('T-3431895','AREA',22,48,'107 64');
INSERT INTO tgtRegistry (tgtNumber,tgtDescription,tgtDTG,tgtReportedBy,tgtSurveillance) VALUES('T-3171896','Selected by Cmdr','2023-11-16','SATELLITE','INTERMITTENT');
INSERT INTO tgtFeatures VALUES('T-3171896','REINFORCED','STATIC','UNRESTRICTED','INACTIVE');
INSERT INTO tgtGeometry (tgtNumber,tgtShape,tgtLength,tgtWidth,tgtCoordinates) VALUES('T-3171896','AREA',32,37,'192 64');
INSERT INTO tgtRegistry (tgtNumber,tgtDescription,tgtDTG,tgtReportedBy,tgtSurveillance) VALUES('T-9121897','Selected by Cmdr','2023-10-16','INTEL','CONTINUOUS');
INSERT INTO tgtFeatures VALUES('T-9121897','HARDENED','MOBILE','PROHIBITED','ACTIVE');
INSERT INTO tgtGeometry (tgtNumber,tgtShape,tgtLength,tgtWidth,tgtCoordinates) VALUES('T-9121897','POINT',44,6,'32 36');
INSERT INTO tgtRegistry (tgtNumber,tgtDescription,tgtDTG,tgtReportedBy,tgtSurveillance) VALUES('T-6981898','Selected by HHQ','2023-12-5','SATELLITE','NONE');
INSERT INTO tgtFeatures VALUES('T-6981898','REINFORCED','HIGHLY_MOBILE','PROHIBITED','INACTIVE');
INSERT INTO tgtGeometry (tgtNumber,tgtShape,tgtLength,tgtWidth,tgtCoordinates) VALUES('T-6981898','AREA',46,44,'190 46');
INSERT INTO tgtRegistry (tgtNumber,tgtDescription,tgtDTG,tgtReportedBy,tgtSurveillance) VALUES('T-7571899','Selected by Cmdr','2023-11-8','AIR','NONE');
INSERT INTO tgtFeatures VALUES('T-7571899','SOFT','HIGHLY_MOBILE','PROHIBITED','INACTIVE');
INSERT INTO tgtGeometry (tgtNumber,tgtShape,tgtLength,tgtWidth,tgtCoordinates) VALUES('T-7571899','AREA',9,3,'31 97');
INSERT INTO tgtRegistry (tgtNumber,tgtDescription,tgtDTG,tgtReportedBy,tgtSurveillance) VALUES('T-4851900','Selected by Cmdr','2023-10-14','SATELLITE','NONE');
INSERT INTO tgtFeatures VALUES('T-4851900','HARDENED','SEMI_STATIC','RESTRICTED','ACTIVE');
INSERT INTO tgtGeometry (tgtNumber,tgtShape,tgtLength,tgtWidth,tgtCoordinates) VALUES('T-4851900','POINT',15,4,'22 95');
INSERT INTO tgtRegistry (tgtNumber,tgtDescription,tgtDTG,tgtReportedBy,tgtSurveillance) VALUES('T-6851901','Selected by HHQ','2023-11-12','INTEL','NONE');
INSERT INTO tgtFeatures VALUES('T-6851901','HARDENED','HIGHLY_MOBILE','PROHIBITED','ACTIVE');
INSERT INTO tgtGeometry (tgtNumber,tgtShape,tgtLength,tgtWidth,tgtCoordinates) VALUES('T-6851901','AREA',12,30,'62 45');
INSERT INTO tgtRegistry (tgtNumber,tgtDescription,tgtDTG,tgtReportedBy,tgtSurveillance) VALUES('T-7911902','Selected by Cmdr','2023-10-18','GROUND','NONE');
INSERT INTO tgtFeatures VALUES('T-7911902','FORTIFIED','STATIC','PROHIBITED','INACTIVE');
INSERT INTO tgtGeometry (tgtNumber,tgtShape,tgtLength,tgtWidth,tgtCoordinates) VALUES('T-7911902','POINT',5,44,'80 19');
INSERT INTO tgtRegistry (tgtNumber,tgtDescription,tgtDTG,tgtReportedBy,tgtSurveillance) VALUES('T-1701903','Selected by JTF','2023-11-24','AIR','INTERMITTENT');
INSERT INTO tgtFeatures VALUES('T-1701903','REINFORCED','HIGHLY_MOBILE','PROHIBITED','INACTIVE');
INSERT INTO tgtGeometry (tgtNumber,tgtShape,tgtLength,tgtWidth,tgtCoordinates) VALUES('T-1701903','AREA',32,31,'130 26');
INSERT INTO tgtRegistry (tgtNumber,tgtDescription,tgtDTG,tgtReportedBy,tgtSurveillance) VALUES('T-8101904','Selected by HHQ','2023-12-21','AIR','NONE');
INSERT INTO tgtFeatures VALUES('T-8101904','HARDENED','HIGHLY_MOBILE','UNRESTRICTED','INACTIVE');
INSERT INTO tgtGeometry (tgtNumber,tgtShape,tgtLength,tgtWidth,tgtCoordinates) VALUES('T-8101904','AREA',13,16,'97 14');
INSERT INTO tgtRegistry (tgtNumber,tgtDescription,tgtDTG,tgtReportedBy,tgtSurveillance) VALUES('T-6731905','Selected by Cmdr','2023-11-20','INTEL','CONTINUOUS');
INSERT INTO tgtFeatures VALUES('T-6731905','REINFORCED','HIGHLY_MOBILE','PROHIBITED','ACTIVE');
INSERT INTO tgtGeometry (tgtNumber,tgtShape,tgtLength,tgtWidth,tgtCoordinates) VALUES('T-6731905','AREA',35,14,'95 98');
INSERT INTO tgtRegistry (tgtNumber,tgtDescription,tgtDTG,tgtReportedBy,tgtSurveillance) VALUES('T-6611906','Selected by JTF','2023-11-21','GROUND','NONE');
INSERT INTO tgtFeatures VALUES('T-6611906','HARDENED','HIGHLY_MOBILE','UNRESTRICTED','ACTIVE');
INSERT INTO tgtGeometry (tgtNumber,tgtShape,tgtLength,tgtWidth,tgtCoordinates) VALUES('T-6611906','POINT',24,2,'49 95');
INSERT INTO tgtRegistry (tgtNumber,tgtDescription,tgtDTG,tgtReportedBy,tgtSurveillance) VALUES('T-7041907','Selected by Cmdr','2023-10-14','GROUND','CONTINUOUS');
INSERT INTO tgtFeatures VALUES('T-7041907','SOFT','MOBILE','RESTRICTED','ACTIVE');
INSERT INTO tgtGeometry (tgtNumber,tgtShape,tgtLength,tgtWidth,tgtCoordinates) VALUES('T-7041907','AREA',23,35,'80 67');
INSERT INTO tgtRegistry (tgtNumber,tgtDescription,tgtDTG,tgtReportedBy,tgtSurveillance) VALUES('T-5241908','Selected by JTF','2023-10-22','INTEL','INTERMITTENT');
INSERT INTO tgtFeatures VALUES('T-5241908','HARDENED','HIGHLY_MOBILE','PROHIBITED','INACTIVE');
INSERT INTO tgtGeometry (tgtNumber,tgtShape,tgtLength,tgtWidth,tgtCoordinates) VALUES('T-5241908','AREA',41,31,'146 86');
INSERT INTO tgtRegistry (tgtNumber,tgtDescription,tgtDTG,tgtReportedBy,tgtSurveillance) VALUES('T-7631909','Selected by HHQ','2023-10-15','SATELLITE','INTERMITTENT');
INSERT INTO tgtFeatures VALUES('T-7631909','FORTIFIED','MOBILE','UNRESTRICTED','ACTIVE');
INSERT INTO tgtGeometry (tgtNumber,tgtShape,tgtLength,tgtWidth,tgtCoordinates) VALUES('T-7631909','POINT',50,2,'92 71');
INSERT INTO tgtRegistry (tgtNumber,tgtDescription,tgtDTG,tgtReportedBy,tgtSurveillance) VALUES('T-3481910','Selected by HHQ','2023-12-3','SATELLITE','INTERMITTENT');
INSERT INTO tgtFeatures VALUES('T-3481910','REINFORCED','HIGHLY_MOBILE','RESTRICTED','INACTIVE');
INSERT INTO tgtGeometry (tgtNumber,tgtShape,tgtLength,tgtWidth,tgtCoordinates) VALUES('T-3481910','AREA',49,47,'33 37');
INSERT INTO tgtRegistry (tgtNumber,tgtDescription,tgtDTG,tgtReportedBy,tgtSurveillance) VALUES('T-2061911','Selected by JTF','2023-12-14','INTEL','INTERMITTENT');
INSERT INTO tgtFeatures VALUES('T-2061911','REINFORCED','HIGHLY_MOBILE','UNRESTRICTED','ACTIVE');
INSERT INTO tgtGeometry (tgtNumber,tgtShape,tgtLength,tgtWidth,tgtCoordinates) VALUES('T-2061911','POINT',40,4,'166 96');
INSERT INTO tgtRegistry (tgtNumber,tgtDescription,tgtDTG,tgtReportedBy,tgtSurveillance) VALUES('T-4881912','Selected by Cmdr','2023-11-3','GROUND','INTERMITTENT');
INSERT INTO tgtFeatures VALUES('T-4881912','HARDENED','SEMI_STATIC','RESTRICTED','ACTIVE');
INSERT INTO tgtGeometry (tgtNumber,tgtShape,tgtLength,tgtWidth,tgtCoordinates) VALUES('T-4881912','AREA',18,15,'126 91');
INSERT INTO tgtRegistry (tgtNumber,tgtDescription,tgtDTG,tgtReportedBy,tgtSurveillance) VALUES('T-4071913','Selected by JTF','2023-10-1','INTEL','INTERMITTENT');
INSERT INTO tgtFeatures VALUES('T-4071913','FORTIFIED','SEMI_STATIC','PROHIBITED','INACTIVE');
INSERT INTO tgtGeometry (tgtNumber,tgtShape,tgtLength,tgtWidth,tgtCoordinates) VALUES('T-4071913','AREA',43,10,'115 27');
INSERT INTO tgtRegistry (tgtNumber,tgtDescription,tgtDTG,tgtReportedBy,tgtSurveillance) VALUES('T-7171914','Selected by JTF','2023-10-19','AIR','INTERMITTENT');
INSERT INTO tgtFeatures VALUES('T-7171914','SOFT','HIGHLY_MOBILE','PROHIBITED','INACTIVE');
INSERT INTO tgtGeometry (tgtNumber,tgtShape,tgtLength,tgtWidth,tgtCoordinates) VALUES('T-7171914','POINT',39,25,'133 91');
INSERT INTO tgtRegistry (tgtNumber,tgtDescription,tgtDTG,tgtReportedBy,tgtSurveillance) VALUES('T-9231915','Selected by HHQ','2023-11-10','INTEL','NONE');
INSERT INTO tgtFeatures VALUES('T-9231915','FORTIFIED','SEMI_STATIC','PROHIBITED','ACTIVE');
INSERT INTO tgtGeometry (tgtNumber,tgtShape,tgtLength,tgtWidth,tgtCoordinates) VALUES('T-9231915','POINT',23,17,'117 99');
INSERT INTO tgtRegistry (tgtNumber,tgtDescription,tgtDTG,tgtReportedBy,tgtSurveillance) VALUES('T-5051916','Selected by JTF','2023-10-12','INTEL','NONE');
INSERT INTO tgtFeatures VALUES('T-5051916','SOFT','HIGHLY_MOBILE','PROHIBITED','INACTIVE');
INSERT INTO tgtGeometry (tgtNumber,tgtShape,tgtLength,tgtWidth,tgtCoordinates) VALUES('T-5051916','POINT',45,15,'178 61');
INSERT INTO tgtRegistry (tgtNumber,tgtDescription,tgtDTG,tgtReportedBy,tgtSurveillance) VALUES('T-4361917','Selected by Cmdr','2023-12-23','GROUND','NONE');
INSERT INTO tgtFeatures VALUES('T-4361917','HARDENED','HIGHLY_MOBILE','RESTRICTED','ACTIVE');
INSERT INTO tgtGeometry (tgtNumber,tgtShape,tgtLength,tgtWidth,tgtCoordinates) VALUES('T-4361917','AREA',14,22,'163 28');
INSERT INTO tgtRegistry (tgtNumber,tgtDescription,tgtDTG,tgtReportedBy,tgtSurveillance) VALUES('T-6721918','Selected by Cmdr','2023-10-24','SATELLITE','INTERMITTENT');
INSERT INTO tgtFeatures VALUES('T-6721918','HARDENED','HIGHLY_MOBILE','RESTRICTED','ACTIVE');
INSERT INTO tgtGeometry (tgtNumber,tgtShape,tgtLength,tgtWidth,tgtCoordinates) VALUES('T-6721918','AREA',46,14,'116 84');
INSERT INTO tgtRegistry (tgtNumber,tgtDescription,tgtDTG,tgtReportedBy,tgtSurveillance) VALUES('T-2411919','Selected by Cmdr','2023-10-12','AIR','NONE');
INSERT INTO tgtFeatures VALUES('T-2411919','HARDENED','STATIC','RESTRICTED','INACTIVE');
INSERT INTO tgtGeometry (tgtNumber,tgtShape,tgtLength,tgtWidth,tgtCoordinates) VALUES('T-2411919','POINT',15,41,'110 96');
INSERT INTO tgtRegistry (tgtNumber,tgtDescription,tgtDTG,tgtReportedBy,tgtSurveillance) VALUES('T-4301920','Selected by JTF','2023-10-14','SATELLITE','NONE');
INSERT INTO tgtFeatures VALUES('T-4301920','HARDENED','HIGHLY_MOBILE','RESTRICTED','ACTIVE');
INSERT INTO tgtGeometry (tgtNumber,tgtShape,tgtLength,tgtWidth,tgtCoordinates) VALUES('T-4301920','POINT',19,35,'22 47');
INSERT INTO tgtRegistry (tgtNumber,tgtDescription,tgtDTG,tgtReportedBy,tgtSurveillance) VALUES('T-4701921','Selected by JTF','2023-12-13','SATELLITE','NONE');
INSERT INTO tgtFeatures VALUES('T-4701921','HARDENED','STATIC','PROHIBITED','ACTIVE');
INSERT INTO tgtGeometry (tgtNumber,tgtShape,tgtLength,tgtWidth,tgtCoordinates) VALUES('T-4701921','AREA',39,29,'77 10');
INSERT INTO tgtRegistry (tgtNumber,tgtDescription,tgtDTG,tgtReportedBy,tgtSurveillance) VALUES('T-1801922','Selected by Cmdr','2023-11-18','SATELLITE','CONTINUOUS');
INSERT INTO tgtFeatures VALUES('T-1801922','SOFT','STATIC','RESTRICTED','ACTIVE');
INSERT INTO tgtGeometry (tgtNumber,tgtShape,tgtLength,tgtWidth,tgtCoordinates) VALUES('T-1801922','AREA',30,39,'116 59');
INSERT INTO tgtRegistry (tgtNumber,tgtDescription,tgtDTG,tgtReportedBy,tgtSurveillance) VALUES('T-2971923','Selected by Cmdr','2023-10-3','AIR','CONTINUOUS');
INSERT INTO tgtFeatures VALUES('T-2971923','HARDENED','STATIC','UNRESTRICTED','ACTIVE');
INSERT INTO tgtGeometry (tgtNumber,tgtShape,tgtLength,tgtWidth,tgtCoordinates) VALUES('T-2971923','POINT',42,1,'127 38');
INSERT INTO tgtRegistry (tgtNumber,tgtDescription,tgtDTG,tgtReportedBy,tgtSurveillance) VALUES('T-2541924','Selected by Cmdr','2023-10-17','INTEL','CONTINUOUS');
INSERT INTO tgtFeatures VALUES('T-2541924','HARDENED','SEMI_STATIC','PROHIBITED','ACTIVE');
INSERT INTO tgtGeometry (tgtNumber,tgtShape,tgtLength,tgtWidth,tgtCoordinates) VALUES('T-2541924','AREA',8,12,'80 100');
INSERT INTO tgtRegistry (tgtNumber,tgtDescription,tgtDTG,tgtReportedBy,tgtSurveillance) VALUES('T-7661925','Selected by JTF','2023-10-4','GROUND','CONTINUOUS');
INSERT INTO tgtFeatures VALUES('T-7661925','SOFT','HIGHLY_MOBILE','UNRESTRICTED','INACTIVE');
INSERT INTO tgtGeometry (tgtNumber,tgtShape,tgtLength,tgtWidth,tgtCoordinates) VALUES('T-7661925','AREA',40,17,'26 90');
INSERT INTO tgtRegistry (tgtNumber,tgtDescription,tgtDTG,tgtReportedBy,tgtSurveillance) VALUES('T-8751926','Selected by JTF','2023-10-15','GROUND','INTERMITTENT');
INSERT INTO tgtFeatures VALUES('T-8751926','REINFORCED','STATIC','UNRESTRICTED','ACTIVE');
INSERT INTO tgtGeometry (tgtNumber,tgtShape,tgtLength,tgtWidth,tgtCoordinates) VALUES('T-8751926','POINT',27,38,'78 25');
INSERT INTO tgtRegistry (tgtNumber,tgtDescription,tgtDTG,tgtReportedBy,tgtSurveillance) VALUES('T-4091927','Selected by JTF','2023-12-2','AIR','NONE');
INSERT INTO tgtFeatures VALUES('T-4091927','SOFT','STATIC','PROHIBITED','INACTIVE');
INSERT INTO tgtGeometry (tgtNumber,tgtShape,tgtLength,tgtWidth,tgtCoordinates) VALUES('T-4091927','POINT',14,11,'195 13');
INSERT INTO tgtRegistry (tgtNumber,tgtDescription,tgtDTG,tgtReportedBy,tgtSurveillance) VALUES('T-9401928','Selected by Cmdr','2023-10-11','GROUND','INTERMITTENT');
INSERT INTO tgtFeatures VALUES('T-9401928','HARDENED','STATIC','RESTRICTED','ACTIVE');
INSERT INTO tgtGeometry (tgtNumber,tgtShape,tgtLength,tgtWidth,tgtCoordinates) VALUES('T-9401928','AREA',7,4,'151 10');
INSERT INTO tgtRegistry (tgtNumber,tgtDescription,tgtDTG,tgtReportedBy,tgtSurveillance) VALUES('T-9731929','Selected by HHQ','2023-11-24','SATELLITE','INTERMITTENT');
INSERT INTO tgtFeatures VALUES('T-9731929','SOFT','STATIC','PROHIBITED','INACTIVE');
INSERT INTO tgtGeometry (tgtNumber,tgtShape,tgtLength,tgtWidth,tgtCoordinates) VALUES('T-9731929','AREA',11,31,'83 63');
INSERT INTO tgtRegistry (tgtNumber,tgtDescription,tgtDTG,tgtReportedBy,tgtSurveillance) VALUES('T-4541930','Selected by Cmdr','2023-11-4','GROUND','NONE');
INSERT INTO tgtFeatures VALUES('T-4541930','HARDENED','STATIC','RESTRICTED','ACTIVE');
INSERT INTO tgtGeometry (tgtNumber,tgtShape,tgtLength,tgtWidth,tgtCoordinates) VALUES('T-4541930','AREA',14,43,'110 35');
INSERT INTO tgtRegistry (tgtNumber,tgtDescription,tgtDTG,tgtReportedBy,tgtSurveillance) VALUES('T-1641931','Selected by Cmdr','2023-11-22','SATELLITE','NONE');
INSERT INTO tgtFeatures VALUES('T-1641931','HARDENED','STATIC','RESTRICTED','ACTIVE');
INSERT INTO tgtGeometry (tgtNumber,tgtShape,tgtLength,tgtWidth,tgtCoordinates) VALUES('T-1641931','AREA',42,23,'112 47');
INSERT INTO tgtRegistry (tgtNumber,tgtDescription,tgtDTG,tgtReportedBy,tgtSurveillance) VALUES('T-1511932','Selected by JTF','2023-11-12','GROUND','NONE');
INSERT INTO tgtFeatures VALUES('T-1511932','SOFT','HIGHLY_MOBILE','UNRESTRICTED','ACTIVE');
INSERT INTO tgtGeometry (tgtNumber,tgtShape,tgtLength,tgtWidth,tgtCoordinates) VALUES('T-1511932','AREA',17,28,'73 18');
INSERT INTO tgtRegistry (tgtNumber,tgtDescription,tgtDTG,tgtReportedBy,tgtSurveillance) VALUES('T-7211933','Selected by HHQ','2023-10-24','INTEL','NONE');
INSERT INTO tgtFeatures VALUES('T-7211933','HARDENED','MOBILE','RESTRICTED','INACTIVE');
INSERT INTO tgtGeometry (tgtNumber,tgtShape,tgtLength,tgtWidth,tgtCoordinates) VALUES('T-7211933','AREA',36,29,'195 56');
INSERT INTO tgtRegistry (tgtNumber,tgtDescription,tgtDTG,tgtReportedBy,tgtSurveillance) VALUES('T-1301934','Selected by HHQ','2023-12-16','INTEL','INTERMITTENT');
INSERT INTO tgtFeatures VALUES('T-1301934','HARDENED','HIGHLY_MOBILE','RESTRICTED','INACTIVE');
INSERT INTO tgtGeometry (tgtNumber,tgtShape,tgtLength,tgtWidth,tgtCoordinates) VALUES('T-1301934','AREA',14,8,'107 70');
INSERT INTO tgtRegistry (tgtNumber,tgtDescription,tgtDTG,tgtReportedBy,tgtSurveillance) VALUES('T-8381935','Selected by Cmdr','2023-10-4','SATELLITE','INTERMITTENT');
INSERT INTO tgtFeatures VALUES('T-8381935','FORTIFIED','SEMI_STATIC','PROHIBITED','ACTIVE');
INSERT INTO tgtGeometry (tgtNumber,tgtShape,tgtLength,tgtWidth,tgtCoordinates) VALUES('T-8381935','POINT',13,8,'143 92');
INSERT INTO tgtRegistry (tgtNumber,tgtDescription,tgtDTG,tgtReportedBy,tgtSurveillance) VALUES('T-6381936','Selected by HHQ','2023-10-22','GROUND','CONTINUOUS');
INSERT INTO tgtFeatures VALUES('T-6381936','REINFORCED','MOBILE','RESTRICTED','ACTIVE');
INSERT INTO tgtGeometry (tgtNumber,tgtShape,tgtLength,tgtWidth,tgtCoordinates) VALUES('T-6381936','POINT',15,28,'112 36');
INSERT INTO tgtRegistry (tgtNumber,tgtDescription,tgtDTG,tgtReportedBy,tgtSurveillance) VALUES('T-8141937','Selected by HHQ','2023-12-22','SATELLITE','CONTINUOUS');
INSERT INTO tgtFeatures VALUES('T-8141937','SOFT','HIGHLY_MOBILE','UNRESTRICTED','INACTIVE');
INSERT INTO tgtGeometry (tgtNumber,tgtShape,tgtLength,tgtWidth,tgtCoordinates) VALUES('T-8141937','AREA',12,48,'42 38');
INSERT INTO tgtRegistry (tgtNumber,tgtDescription,tgtDTG,tgtReportedBy,tgtSurveillance) VALUES('T-2581938','Selected by HHQ','2023-11-17','GROUND','CONTINUOUS');
INSERT INTO tgtFeatures VALUES('T-2581938','REINFORCED','HIGHLY_MOBILE','RESTRICTED','ACTIVE');
INSERT INTO tgtGeometry (tgtNumber,tgtShape,tgtLength,tgtWidth,tgtCoordinates) VALUES('T-2581938','AREA',33,12,'21 42');
INSERT INTO tgtRegistry (tgtNumber,tgtDescription,tgtDTG,tgtReportedBy,tgtSurveillance) VALUES('T-8741939','Selected by JTF','2023-11-19','INTEL','INTERMITTENT');
INSERT INTO tgtFeatures VALUES('T-8741939','FORTIFIED','HIGHLY_MOBILE','RESTRICTED','INACTIVE');
INSERT INTO tgtGeometry (tgtNumber,tgtShape,tgtLength,tgtWidth,tgtCoordinates) VALUES('T-8741939','AREA',34,35,'200 15');
INSERT INTO tgtRegistry (tgtNumber,tgtDescription,tgtDTG,tgtReportedBy,tgtSurveillance) VALUES('T-6131940','Selected by JTF','2023-12-22','GROUND','INTERMITTENT');
INSERT INTO tgtFeatures VALUES('T-6131940','REINFORCED','STATIC','UNRESTRICTED','ACTIVE');
INSERT INTO tgtGeometry (tgtNumber,tgtShape,tgtLength,tgtWidth,tgtCoordinates) VALUES('T-6131940','POINT',33,27,'21 44');
INSERT INTO tgtRegistry (tgtNumber,tgtDescription,tgtDTG,tgtReportedBy,tgtSurveillance) VALUES('T-7141941','Selected by Cmdr','2023-10-20','AIR','NONE');
INSERT INTO tgtFeatures VALUES('T-7141941','REINFORCED','STATIC','RESTRICTED','ACTIVE');
INSERT INTO tgtGeometry (tgtNumber,tgtShape,tgtLength,tgtWidth,tgtCoordinates) VALUES('T-7141941','POINT',17,42,'21 73');
INSERT INTO tgtRegistry (tgtNumber,tgtDescription,tgtDTG,tgtReportedBy,tgtSurveillance) VALUES('T-6411942','Selected by JTF','2023-12-21','INTEL','INTERMITTENT');
INSERT INTO tgtFeatures VALUES('T-6411942','FORTIFIED','MOBILE','PROHIBITED','INACTIVE');
INSERT INTO tgtGeometry (tgtNumber,tgtShape,tgtLength,tgtWidth,tgtCoordinates) VALUES('T-6411942','AREA',45,42,'142 67');
INSERT INTO tgtRegistry (tgtNumber,tgtDescription,tgtDTG,tgtReportedBy,tgtSurveillance) VALUES('T-3791943','Selected by HHQ','2023-12-18','INTEL','CONTINUOUS');
INSERT INTO tgtFeatures VALUES('T-3791943','FORTIFIED','HIGHLY_MOBILE','UNRESTRICTED','ACTIVE');
INSERT INTO tgtGeometry (tgtNumber,tgtShape,tgtLength,tgtWidth,tgtCoordinates) VALUES('T-3791943','POINT',44,13,'186 71');
INSERT INTO tgtRegistry (tgtNumber,tgtDescription,tgtDTG,tgtReportedBy,tgtSurveillance) VALUES('T-8421944','Selected by Cmdr','2023-10-18','GROUND','CONTINUOUS');
INSERT INTO tgtFeatures VALUES('T-8421944','HARDENED','STATIC','UNRESTRICTED','ACTIVE');
INSERT INTO tgtGeometry (tgtNumber,tgtShape,tgtLength,tgtWidth,tgtCoordinates) VALUES('T-8421944','POINT',24,34,'117 75');
INSERT INTO tgtRegistry (tgtNumber,tgtDescription,tgtDTG,tgtReportedBy,tgtSurveillance) VALUES('T-7841945','Selected by Cmdr','2023-10-10','INTEL','INTERMITTENT');
INSERT INTO tgtFeatures VALUES('T-7841945','FORTIFIED','HIGHLY_MOBILE','PROHIBITED','INACTIVE');
INSERT INTO tgtGeometry (tgtNumber,tgtShape,tgtLength,tgtWidth,tgtCoordinates) VALUES('T-7841945','POINT',8,35,'35 24');
INSERT INTO tgtRegistry (tgtNumber,tgtDescription,tgtDTG,tgtReportedBy,tgtSurveillance) VALUES('T-1161946','Selected by JTF','2023-12-12','SATELLITE','CONTINUOUS');
INSERT INTO tgtFeatures VALUES('T-1161946','SOFT','HIGHLY_MOBILE','UNRESTRICTED','INACTIVE');
INSERT INTO tgtGeometry (tgtNumber,tgtShape,tgtLength,tgtWidth,tgtCoordinates) VALUES('T-1161946','AREA',18,5,'133 10');
INSERT INTO tgtRegistry (tgtNumber,tgtDescription,tgtDTG,tgtReportedBy,tgtSurveillance) VALUES('T-1551947','Selected by Cmdr','2023-10-1','AIR','NONE');
INSERT INTO tgtFeatures VALUES('T-1551947','REINFORCED','MOBILE','PROHIBITED','ACTIVE');
INSERT INTO tgtGeometry (tgtNumber,tgtShape,tgtLength,tgtWidth,tgtCoordinates) VALUES('T-1551947','AREA',11,47,'88 35');
INSERT INTO tgtRegistry (tgtNumber,tgtDescription,tgtDTG,tgtReportedBy,tgtSurveillance) VALUES('T-5121948','Selected by Cmdr','2023-11-24','SATELLITE','INTERMITTENT');
INSERT INTO tgtFeatures VALUES('T-5121948','REINFORCED','STATIC','PROHIBITED','ACTIVE');
INSERT INTO tgtGeometry (tgtNumber,tgtShape,tgtLength,tgtWidth,tgtCoordinates) VALUES('T-5121948','POINT',27,30,'122 98');
INSERT INTO tgtRegistry (tgtNumber,tgtDescription,tgtDTG,tgtReportedBy,tgtSurveillance) VALUES('T-1291949','Selected by HHQ','2023-12-16','INTEL','INTERMITTENT');
INSERT INTO tgtFeatures VALUES('T-1291949','REINFORCED','HIGHLY_MOBILE','UNRESTRICTED','ACTIVE');
INSERT INTO tgtGeometry (tgtNumber,tgtShape,tgtLength,tgtWidth,tgtCoordinates) VALUES('T-1291949','POINT',18,30,'31 66');
INSERT INTO tgtRegistry (tgtNumber,tgtDescription,tgtDTG,tgtReportedBy,tgtSurveillance) VALUES('T-3851950','Selected by HHQ','2023-10-15','INTEL','CONTINUOUS');
INSERT INTO tgtFeatures VALUES('T-3851950','REINFORCED','HIGHLY_MOBILE','PROHIBITED','INACTIVE');
INSERT INTO tgtGeometry (tgtNumber,tgtShape,tgtLength,tgtWidth,tgtCoordinates) VALUES('T-3851950','POINT',30,46,'192 80');
INSERT INTO tgtRegistry (tgtNumber,tgtDescription,tgtDTG,tgtReportedBy,tgtSurveillance) VALUES('T-1031951','Selected by JTF','2023-11-7','AIR','INTERMITTENT');
INSERT INTO tgtFeatures VALUES('T-1031951','HARDENED','MOBILE','PROHIBITED','ACTIVE');
INSERT INTO tgtGeometry (tgtNumber,tgtShape,tgtLength,tgtWidth,tgtCoordinates) VALUES('T-1031951','POINT',17,28,'70 78');
INSERT INTO tgtRegistry (tgtNumber,tgtDescription,tgtDTG,tgtReportedBy,tgtSurveillance) VALUES('T-1351952','Selected by JTF','2023-10-17','SATELLITE','CONTINUOUS');
INSERT INTO tgtFeatures VALUES('T-1351952','REINFORCED','STATIC','RESTRICTED','INACTIVE');
INSERT INTO tgtGeometry (tgtNumber,tgtShape,tgtLength,tgtWidth,tgtCoordinates) VALUES('T-1351952','POINT',37,40,'141 70');
INSERT INTO tgtRegistry (tgtNumber,tgtDescription,tgtDTG,tgtReportedBy,tgtSurveillance) VALUES('T-2081953','Selected by Cmdr','2023-11-24','GROUND','INTERMITTENT');
INSERT INTO tgtFeatures VALUES('T-2081953','FORTIFIED','HIGHLY_MOBILE','PROHIBITED','INACTIVE');
INSERT INTO tgtGeometry (tgtNumber,tgtShape,tgtLength,tgtWidth,tgtCoordinates) VALUES('T-2081953','POINT',33,1,'160 18');
INSERT INTO tgtRegistry (tgtNumber,tgtDescription,tgtDTG,tgtReportedBy,tgtSurveillance) VALUES('T-2461954','Selected by HHQ','2023-12-16','AIR','INTERMITTENT');
INSERT INTO tgtFeatures VALUES('T-2461954','FORTIFIED','HIGHLY_MOBILE','UNRESTRICTED','ACTIVE');
INSERT INTO tgtGeometry (tgtNumber,tgtShape,tgtLength,tgtWidth,tgtCoordinates) VALUES('T-2461954','POINT',25,46,'146 83');
INSERT INTO tgtRegistry (tgtNumber,tgtDescription,tgtDTG,tgtReportedBy,tgtSurveillance) VALUES('T-4051955','Selected by Cmdr','2023-10-14','GROUND','CONTINUOUS');
INSERT INTO tgtFeatures VALUES('T-4051955','HARDENED','HIGHLY_MOBILE','PROHIBITED','INACTIVE');
INSERT INTO tgtGeometry (tgtNumber,tgtShape,tgtLength,tgtWidth,tgtCoordinates) VALUES('T-4051955','POINT',27,24,'191 41');
INSERT INTO tgtRegistry (tgtNumber,tgtDescription,tgtDTG,tgtReportedBy,tgtSurveillance) VALUES('T-6821956','Selected by JTF','2023-10-14','GROUND','CONTINUOUS');
INSERT INTO tgtFeatures VALUES('T-6821956','REINFORCED','HIGHLY_MOBILE','PROHIBITED','INACTIVE');
INSERT INTO tgtGeometry (tgtNumber,tgtShape,tgtLength,tgtWidth,tgtCoordinates) VALUES('T-6821956','AREA',6,3,'79 99');
INSERT INTO tgtRegistry (tgtNumber,tgtDescription,tgtDTG,tgtReportedBy,tgtSurveillance) VALUES('T-8371957','Selected by JTF','2023-11-20','SATELLITE','CONTINUOUS');
INSERT INTO tgtFeatures VALUES('T-8371957','HARDENED','SEMI_STATIC','UNRESTRICTED','ACTIVE');
INSERT INTO tgtGeometry (tgtNumber,tgtShape,tgtLength,tgtWidth,tgtCoordinates) VALUES('T-8371957','POINT',17,25,'111 39');
INSERT INTO tgtRegistry (tgtNumber,tgtDescription,tgtDTG,tgtReportedBy,tgtSurveillance) VALUES('T-6221958','Selected by Cmdr','2023-11-18','GROUND','INTERMITTENT');
INSERT INTO tgtFeatures VALUES('T-6221958','FORTIFIED','SEMI_STATIC','RESTRICTED','INACTIVE');
INSERT INTO tgtGeometry (tgtNumber,tgtShape,tgtLength,tgtWidth,tgtCoordinates) VALUES('T-6221958','AREA',7,41,'99 92');
INSERT INTO tgtRegistry (tgtNumber,tgtDescription,tgtDTG,tgtReportedBy,tgtSurveillance) VALUES('T-9521959','Selected by JTF','2023-10-1','SATELLITE','NONE');
INSERT INTO tgtFeatures VALUES('T-9521959','HARDENED','SEMI_STATIC','UNRESTRICTED','INACTIVE');
INSERT INTO tgtGeometry (tgtNumber,tgtShape,tgtLength,tgtWidth,tgtCoordinates) VALUES('T-9521959','AREA',11,7,'155 62');
INSERT INTO tgtRegistry (tgtNumber,tgtDescription,tgtDTG,tgtReportedBy,tgtSurveillance) VALUES('T-5971960','Selected by JTF','2023-11-10','GROUND','CONTINUOUS');
INSERT INTO tgtFeatures VALUES('T-5971960','HARDENED','SEMI_STATIC','UNRESTRICTED','INACTIVE');
INSERT INTO tgtGeometry (tgtNumber,tgtShape,tgtLength,tgtWidth,tgtCoordinates) VALUES('T-5971960','AREA',27,24,'151 75');
INSERT INTO tgtRegistry (tgtNumber,tgtDescription,tgtDTG,tgtReportedBy,tgtSurveillance) VALUES('T-5171961','Selected by HHQ','2023-11-3','GROUND','INTERMITTENT');
INSERT INTO tgtFeatures VALUES('T-5171961','SOFT','MOBILE','UNRESTRICTED','INACTIVE');
INSERT INTO tgtGeometry (tgtNumber,tgtShape,tgtLength,tgtWidth,tgtCoordinates) VALUES('T-5171961','AREA',21,35,'55 46');
INSERT INTO tgtRegistry (tgtNumber,tgtDescription,tgtDTG,tgtReportedBy,tgtSurveillance) VALUES('T-7621962','Selected by JTF','2023-10-18','GROUND','CONTINUOUS');
INSERT INTO tgtFeatures VALUES('T-7621962','HARDENED','HIGHLY_MOBILE','UNRESTRICTED','ACTIVE');
INSERT INTO tgtGeometry (tgtNumber,tgtShape,tgtLength,tgtWidth,tgtCoordinates) VALUES('T-7621962','POINT',27,24,'119 39');
INSERT INTO tgtRegistry (tgtNumber,tgtDescription,tgtDTG,tgtReportedBy,tgtSurveillance) VALUES('T-2761963','Selected by Cmdr','2023-11-5','INTEL','NONE');
INSERT INTO tgtFeatures VALUES('T-2761963','FORTIFIED','STATIC','UNRESTRICTED','INACTIVE');
INSERT INTO tgtGeometry (tgtNumber,tgtShape,tgtLength,tgtWidth,tgtCoordinates) VALUES('T-2761963','POINT',37,12,'58 37');
INSERT INTO tgtRegistry (tgtNumber,tgtDescription,tgtDTG,tgtReportedBy,tgtSurveillance) VALUES('T-3121964','Selected by Cmdr','2023-12-6','INTEL','CONTINUOUS');
INSERT INTO tgtFeatures VALUES('T-3121964','REINFORCED','MOBILE','UNRESTRICTED','INACTIVE');
INSERT INTO tgtGeometry (tgtNumber,tgtShape,tgtLength,tgtWidth,tgtCoordinates) VALUES('T-3121964','POINT',43,30,'139 25');
INSERT INTO tgtRegistry (tgtNumber,tgtDescription,tgtDTG,tgtReportedBy,tgtSurveillance) VALUES('T-5551965','Selected by Cmdr','2023-10-18','GROUND','NONE');
INSERT INTO tgtFeatures VALUES('T-5551965','REINFORCED','STATIC','PROHIBITED','INACTIVE');
INSERT INTO tgtGeometry (tgtNumber,tgtShape,tgtLength,tgtWidth,tgtCoordinates) VALUES('T-5551965','AREA',21,42,'95 16');
INSERT INTO tgtRegistry (tgtNumber,tgtDescription,tgtDTG,tgtReportedBy,tgtSurveillance) VALUES('T-3801966','Selected by Cmdr','2023-10-10','AIR','NONE');
INSERT INTO tgtFeatures VALUES('T-3801966','REINFORCED','HIGHLY_MOBILE','UNRESTRICTED','ACTIVE');
INSERT INTO tgtGeometry (tgtNumber,tgtShape,tgtLength,tgtWidth,tgtCoordinates) VALUES('T-3801966','AREA',41,46,'123 97');
INSERT INTO tgtRegistry (tgtNumber,tgtDescription,tgtDTG,tgtReportedBy,tgtSurveillance) VALUES('T-8881967','Selected by JTF','2023-10-21','SATELLITE','CONTINUOUS');
INSERT INTO tgtFeatures VALUES('T-8881967','FORTIFIED','SEMI_STATIC','UNRESTRICTED','INACTIVE');
INSERT INTO tgtGeometry (tgtNumber,tgtShape,tgtLength,tgtWidth,tgtCoordinates) VALUES('T-8881967','AREA',14,38,'177 58');
INSERT INTO tgtRegistry (tgtNumber,tgtDescription,tgtDTG,tgtReportedBy,tgtSurveillance) VALUES('T-4901968','Selected by HHQ','2023-11-2','SATELLITE','NONE');
INSERT INTO tgtFeatures VALUES('T-4901968','FORTIFIED','HIGHLY_MOBILE','PROHIBITED','INACTIVE');
INSERT INTO tgtGeometry (tgtNumber,tgtShape,tgtLength,tgtWidth,tgtCoordinates) VALUES('T-4901968','AREA',22,27,'65 40');
INSERT INTO tgtRegistry (tgtNumber,tgtDescription,tgtDTG,tgtReportedBy,tgtSurveillance) VALUES('T-8461969','Selected by HHQ','2023-10-7','INTEL','NONE');
INSERT INTO tgtFeatures VALUES('T-8461969','HARDENED','SEMI_STATIC','UNRESTRICTED','ACTIVE');
INSERT INTO tgtGeometry (tgtNumber,tgtShape,tgtLength,tgtWidth,tgtCoordinates) VALUES('T-8461969','AREA',27,23,'170 70');
INSERT INTO tgtRegistry (tgtNumber,tgtDescription,tgtDTG,tgtReportedBy,tgtSurveillance) VALUES('T-1521970','Selected by HHQ','2023-11-1','SATELLITE','NONE');
INSERT INTO tgtFeatures VALUES('T-1521970','SOFT','HIGHLY_MOBILE','RESTRICTED','INACTIVE');
INSERT INTO tgtGeometry (tgtNumber,tgtShape,tgtLength,tgtWidth,tgtCoordinates) VALUES('T-1521970','POINT',4,4,'39 17');
INSERT INTO tgtRegistry (tgtNumber,tgtDescription,tgtDTG,tgtReportedBy,tgtSurveillance) VALUES('T-2611971','Selected by HHQ','2023-11-25','GROUND','NONE');
INSERT INTO tgtFeatures VALUES('T-2611971','HARDENED','HIGHLY_MOBILE','UNRESTRICTED','ACTIVE');
INSERT INTO tgtGeometry (tgtNumber,tgtShape,tgtLength,tgtWidth,tgtCoordinates) VALUES('T-2611971','AREA',27,37,'104 28');
INSERT INTO tgtRegistry (tgtNumber,tgtDescription,tgtDTG,tgtReportedBy,tgtSurveillance) VALUES('T-3371972','Selected by HHQ','2023-10-8','SATELLITE','CONTINUOUS');
INSERT INTO tgtFeatures VALUES('T-3371972','HARDENED','STATIC','UNRESTRICTED','INACTIVE');
INSERT INTO tgtGeometry (tgtNumber,tgtShape,tgtLength,tgtWidth,tgtCoordinates) VALUES('T-3371972','AREA',17,41,'135 44');
INSERT INTO tgtRegistry (tgtNumber,tgtDescription,tgtDTG,tgtReportedBy,tgtSurveillance) VALUES('T-2081973','Selected by JTF','2023-12-23','SATELLITE','CONTINUOUS');
INSERT INTO tgtFeatures VALUES('T-2081973','FORTIFIED','HIGHLY_MOBILE','UNRESTRICTED','INACTIVE');
INSERT INTO tgtGeometry (tgtNumber,tgtShape,tgtLength,tgtWidth,tgtCoordinates) VALUES('T-2081973','POINT',11,22,'51 60');
INSERT INTO tgtRegistry (tgtNumber,tgtDescription,tgtDTG,tgtReportedBy,tgtSurveillance) VALUES('T-4181974','Selected by JTF','2023-11-18','INTEL','CONTINUOUS');
INSERT INTO tgtFeatures VALUES('T-4181974','REINFORCED','SEMI_STATIC','RESTRICTED','ACTIVE');
INSERT INTO tgtGeometry (tgtNumber,tgtShape,tgtLength,tgtWidth,tgtCoordinates) VALUES('T-4181974','AREA',46,50,'183 49');
INSERT INTO tgtRegistry (tgtNumber,tgtDescription,tgtDTG,tgtReportedBy,tgtSurveillance) VALUES('T-8831975','Selected by JTF','2023-10-24','INTEL','NONE');
INSERT INTO tgtFeatures VALUES('T-8831975','REINFORCED','STATIC','PROHIBITED','ACTIVE');
INSERT INTO tgtGeometry (tgtNumber,tgtShape,tgtLength,tgtWidth,tgtCoordinates) VALUES('T-8831975','POINT',25,39,'61 39');
INSERT INTO tgtRegistry (tgtNumber,tgtDescription,tgtDTG,tgtReportedBy,tgtSurveillance) VALUES('T-4881976','Selected by JTF','2023-10-13','GROUND','INTERMITTENT');
INSERT INTO tgtFeatures VALUES('T-4881976','FORTIFIED','HIGHLY_MOBILE','UNRESTRICTED','INACTIVE');
INSERT INTO tgtGeometry (tgtNumber,tgtShape,tgtLength,tgtWidth,tgtCoordinates) VALUES('T-4881976','POINT',47,27,'140 59');
INSERT INTO tgtRegistry (tgtNumber,tgtDescription,tgtDTG,tgtReportedBy,tgtSurveillance) VALUES('T-9741977','Selected by Cmdr','2023-11-5','AIR','INTERMITTENT');
INSERT INTO tgtFeatures VALUES('T-9741977','SOFT','SEMI_STATIC','UNRESTRICTED','INACTIVE');
INSERT INTO tgtGeometry (tgtNumber,tgtShape,tgtLength,tgtWidth,tgtCoordinates) VALUES('T-9741977','AREA',15,12,'199 66');
INSERT INTO tgtRegistry (tgtNumber,tgtDescription,tgtDTG,tgtReportedBy,tgtSurveillance) VALUES('T-6161978','Selected by JTF','2023-12-12','AIR','CONTINUOUS');
INSERT INTO tgtFeatures VALUES('T-6161978','REINFORCED','HIGHLY_MOBILE','UNRESTRICTED','INACTIVE');
INSERT INTO tgtGeometry (tgtNumber,tgtShape,tgtLength,tgtWidth,tgtCoordinates) VALUES('T-6161978','AREA',30,6,'72 80');
INSERT INTO tgtRegistry (tgtNumber,tgtDescription,tgtDTG,tgtReportedBy,tgtSurveillance) VALUES('T-4641979','Selected by HHQ','2023-10-23','SATELLITE','CONTINUOUS');
INSERT INTO tgtFeatures VALUES('T-4641979','HARDENED','MOBILE','PROHIBITED','ACTIVE');
INSERT INTO tgtGeometry (tgtNumber,tgtShape,tgtLength,tgtWidth,tgtCoordinates) VALUES('T-4641979','POINT',17,5,'78 37');
INSERT INTO tgtRegistry (tgtNumber,tgtDescription,tgtDTG,tgtReportedBy,tgtSurveillance) VALUES('T-9881980','Selected by JTF','2023-10-24','SATELLITE','CONTINUOUS');
INSERT INTO tgtFeatures VALUES('T-9881980','FORTIFIED','STATIC','RESTRICTED','ACTIVE');
INSERT INTO tgtGeometry (tgtNumber,tgtShape,tgtLength,tgtWidth,tgtCoordinates) VALUES('T-9881980','POINT',28,3,'54 61');
INSERT INTO tgtRegistry (tgtNumber,tgtDescription,tgtDTG,tgtReportedBy,tgtSurveillance) VALUES('T-2481981','Selected by Cmdr','2023-11-12','GROUND','NONE');
INSERT INTO tgtFeatures VALUES('T-2481981','REINFORCED','HIGHLY_MOBILE','RESTRICTED','ACTIVE');
INSERT INTO tgtGeometry (tgtNumber,tgtShape,tgtLength,tgtWidth,tgtCoordinates) VALUES('T-2481981','AREA',31,11,'94 82');
INSERT INTO tgtRegistry (tgtNumber,tgtDescription,tgtDTG,tgtReportedBy,tgtSurveillance) VALUES('T-4881982','Selected by HHQ','2023-10-25','AIR','CONTINUOUS');
INSERT INTO tgtFeatures VALUES('T-4881982','REINFORCED','SEMI_STATIC','RESTRICTED','INACTIVE');
INSERT INTO tgtGeometry (tgtNumber,tgtShape,tgtLength,tgtWidth,tgtCoordinates) VALUES('T-4881982','POINT',47,20,'49 47');
INSERT INTO tgtRegistry (tgtNumber,tgtDescription,tgtDTG,tgtReportedBy,tgtSurveillance) VALUES('T-5511983','Selected by Cmdr','2023-11-19','GROUND','NONE');
INSERT INTO tgtFeatures VALUES('T-5511983','FORTIFIED','MOBILE','UNRESTRICTED','INACTIVE');
INSERT INTO tgtGeometry (tgtNumber,tgtShape,tgtLength,tgtWidth,tgtCoordinates) VALUES('T-5511983','AREA',27,41,'34 26');
INSERT INTO tgtRegistry (tgtNumber,tgtDescription,tgtDTG,tgtReportedBy,tgtSurveillance) VALUES('T-8401984','Selected by HHQ','2023-10-22','GROUND','CONTINUOUS');
INSERT INTO tgtFeatures VALUES('T-8401984','FORTIFIED','HIGHLY_MOBILE','UNRESTRICTED','ACTIVE');
INSERT INTO tgtGeometry (tgtNumber,tgtShape,tgtLength,tgtWidth,tgtCoordinates) VALUES('T-8401984','AREA',24,42,'65 19');
INSERT INTO tgtRegistry (tgtNumber,tgtDescription,tgtDTG,tgtReportedBy,tgtSurveillance) VALUES('T-8041985','Selected by Cmdr','2023-11-14','AIR','INTERMITTENT');
INSERT INTO tgtFeatures VALUES('T-8041985','HARDENED','SEMI_STATIC','RESTRICTED','ACTIVE');
INSERT INTO tgtGeometry (tgtNumber,tgtShape,tgtLength,tgtWidth,tgtCoordinates) VALUES('T-8041985','AREA',24,10,'99 62');
INSERT INTO tgtRegistry (tgtNumber,tgtDescription,tgtDTG,tgtReportedBy,tgtSurveillance) VALUES('T-4211986','Selected by HHQ','2023-11-16','SATELLITE','NONE');
INSERT INTO tgtFeatures VALUES('T-4211986','SOFT','MOBILE','PROHIBITED','INACTIVE');
INSERT INTO tgtGeometry (tgtNumber,tgtShape,tgtLength,tgtWidth,tgtCoordinates) VALUES('T-4211986','POINT',40,3,'113 16');
INSERT INTO tgtRegistry (tgtNumber,tgtDescription,tgtDTG,tgtReportedBy,tgtSurveillance) VALUES('T-2171987','Selected by HHQ','2023-11-18','INTEL','NONE');
INSERT INTO tgtFeatures VALUES('T-2171987','SOFT','MOBILE','RESTRICTED','INACTIVE');
INSERT INTO tgtGeometry (tgtNumber,tgtShape,tgtLength,tgtWidth,tgtCoordinates) VALUES('T-2171987','AREA',44,9,'98 40');
INSERT INTO tgtRegistry (tgtNumber,tgtDescription,tgtDTG,tgtReportedBy,tgtSurveillance) VALUES('T-5291988','Selected by Cmdr','2023-12-25','SATELLITE','NONE');
INSERT INTO tgtFeatures VALUES('T-5291988','FORTIFIED','HIGHLY_MOBILE','PROHIBITED','ACTIVE');
INSERT INTO tgtGeometry (tgtNumber,tgtShape,tgtLength,tgtWidth,tgtCoordinates) VALUES('T-5291988','AREA',50,39,'113 18');
INSERT INTO tgtRegistry (tgtNumber,tgtDescription,tgtDTG,tgtReportedBy,tgtSurveillance) VALUES('T-7491989','Selected by Cmdr','2023-11-17','AIR','INTERMITTENT');
INSERT INTO tgtFeatures VALUES('T-7491989','HARDENED','STATIC','PROHIBITED','ACTIVE');
INSERT INTO tgtGeometry (tgtNumber,tgtShape,tgtLength,tgtWidth,tgtCoordinates) VALUES('T-7491989','AREA',30,35,'120 89');
INSERT INTO tgtRegistry (tgtNumber,tgtDescription,tgtDTG,tgtReportedBy,tgtSurveillance) VALUES('T-1521990','Selected by HHQ','2023-12-7','SATELLITE','INTERMITTENT');
INSERT INTO tgtFeatures VALUES('T-1521990','HARDENED','SEMI_STATIC','RESTRICTED','ACTIVE');
INSERT INTO tgtGeometry (tgtNumber,tgtShape,tgtLength,tgtWidth,tgtCoordinates) VALUES('T-1521990','POINT',8,16,'163 84');
INSERT INTO tgtRegistry (tgtNumber,tgtDescription,tgtDTG,tgtReportedBy,tgtSurveillance) VALUES('T-8051991','Selected by JTF','2023-10-12','INTEL','CONTINUOUS');
INSERT INTO tgtFeatures VALUES('T-8051991','REINFORCED','MOBILE','RESTRICTED','INACTIVE');
INSERT INTO tgtGeometry (tgtNumber,tgtShape,tgtLength,tgtWidth,tgtCoordinates) VALUES('T-8051991','AREA',8,19,'84 98');
INSERT INTO tgtRegistry (tgtNumber,tgtDescription,tgtDTG,tgtReportedBy,tgtSurveillance) VALUES('T-7401992','Selected by Cmdr','2023-12-3','GROUND','NONE');
INSERT INTO tgtFeatures VALUES('T-7401992','FORTIFIED','HIGHLY_MOBILE','PROHIBITED','INACTIVE');
INSERT INTO tgtGeometry (tgtNumber,tgtShape,tgtLength,tgtWidth,tgtCoordinates) VALUES('T-7401992','POINT',36,23,'180 80');
INSERT INTO tgtRegistry (tgtNumber,tgtDescription,tgtDTG,tgtReportedBy,tgtSurveillance) VALUES('T-1991993','Selected by JTF','2023-11-16','GROUND','INTERMITTENT');
INSERT INTO tgtFeatures VALUES('T-1991993','FORTIFIED','STATIC','UNRESTRICTED','ACTIVE');
INSERT INTO tgtGeometry (tgtNumber,tgtShape,tgtLength,tgtWidth,tgtCoordinates) VALUES('T-1991993','AREA',47,38,'171 76');
INSERT INTO tgtRegistry (tgtNumber,tgtDescription,tgtDTG,tgtReportedBy,tgtSurveillance) VALUES('T-4641994','Selected by HHQ','2023-12-12','GROUND','CONTINUOUS');
INSERT INTO tgtFeatures VALUES('T-4641994','SOFT','MOBILE','RESTRICTED','ACTIVE');
INSERT INTO tgtGeometry (tgtNumber,tgtShape,tgtLength,tgtWidth,tgtCoordinates) VALUES('T-4641994','AREA',40,3,'196 10');
INSERT INTO tgtRegistry (tgtNumber,tgtDescription,tgtDTG,tgtReportedBy,tgtSurveillance) VALUES('T-1181995','Selected by HHQ','2023-11-17','INTEL','INTERMITTENT');
INSERT INTO tgtFeatures VALUES('T-1181995','FORTIFIED','SEMI_STATIC','PROHIBITED','INACTIVE');
INSERT INTO tgtGeometry (tgtNumber,tgtShape,tgtLength,tgtWidth,tgtCoordinates) VALUES('T-1181995','POINT',16,1,'24 36');
INSERT INTO tgtRegistry (tgtNumber,tgtDescription,tgtDTG,tgtReportedBy,tgtSurveillance) VALUES('T-9441996','Selected by JTF','2023-11-19','GROUND','NONE');
INSERT INTO tgtFeatures VALUES('T-9441996','SOFT','SEMI_STATIC','PROHIBITED','INACTIVE');
INSERT INTO tgtGeometry (tgtNumber,tgtShape,tgtLength,tgtWidth,tgtCoordinates) VALUES('T-9441996','POINT',28,38,'156 76');
INSERT INTO tgtRegistry (tgtNumber,tgtDescription,tgtDTG,tgtReportedBy,tgtSurveillance) VALUES('T-7041997','Selected by Cmdr','2023-10-15','GROUND','INTERMITTENT');
INSERT INTO tgtFeatures VALUES('T-7041997','FORTIFIED','HIGHLY_MOBILE','RESTRICTED','INACTIVE');
INSERT INTO tgtGeometry (tgtNumber,tgtShape,tgtLength,tgtWidth,tgtCoordinates) VALUES('T-7041997','POINT',22,23,'161 65');
INSERT INTO tgtRegistry (tgtNumber,tgtDescription,tgtDTG,tgtReportedBy,tgtSurveillance) VALUES('T-8131998','Selected by Cmdr','2023-10-17','SATELLITE','NONE');
INSERT INTO tgtFeatures VALUES('T-8131998','REINFORCED','MOBILE','RESTRICTED','ACTIVE');
INSERT INTO tgtGeometry (tgtNumber,tgtShape,tgtLength,tgtWidth,tgtCoordinates) VALUES('T-8131998','POINT',3,15,'112 47');
INSERT INTO tgtRegistry (tgtNumber,tgtDescription,tgtDTG,tgtReportedBy,tgtSurveillance) VALUES('T-2641999','Selected by HHQ','2023-11-23','SATELLITE','INTERMITTENT');
INSERT INTO tgtFeatures VALUES('T-2641999','FORTIFIED','STATIC','UNRESTRICTED','ACTIVE');
INSERT INTO tgtGeometry (tgtNumber,tgtShape,tgtLength,tgtWidth,tgtCoordinates) VALUES('T-2641999','POINT',23,39,'81 18');
INSERT INTO tgtRegistry (tgtNumber,tgtDescription,tgtDTG,tgtReportedBy,tgtSurveillance) VALUES('T-8382000','Selected by HHQ','2023-12-12','AIR','CONTINUOUS');
INSERT INTO tgtFeatures VALUES('T-8382000','SOFT','HIGHLY_MOBILE','UNRESTRICTED','INACTIVE');
INSERT INTO tgtGeometry (tgtNumber,tgtShape,tgtLength,tgtWidth,tgtCoordinates) VALUES('T-8382000','AREA',24,39,'93 84');
