INSERT INTO virus_registry VALUES('Base_b5g','1b0e1','PV');
INSERT INTO virus VALUES('1b0e1','2021-11-27','Unknown');
INSERT INTO virus_components VALUES('1b0e1','Key Logger','File Download');
INSERT INTO virus_stealth VALUES('1b0e1','NO','YES');
INSERT INTO virus_target VALUES('1b0e1','Windows','Boot_Sector');
INSERT INTO virus_replication VALUES('1b0e1','Self','LOW','YES');
INSERT INTO virus_codebase(VirusSeqID,PreScript,MainScript,PostScript) VALUES('1b0e1','d1e b4f c3a','b9h e5c f3a y8g z9d','b7c e8d');
INSERT INTO virus_registry VALUES('Face_x9x','2d4f2','WP');
INSERT INTO virus VALUES('2d4f2','2023-02-27','Unknown');
INSERT INTO virus_components VALUES('2d4f2','Worm','File Execution');
INSERT INTO virus_stealth VALUES('2d4f2','YES','YES');
INSERT INTO virus_target VALUES('2d4f2','Linux','File');
INSERT INTO virus_replication VALUES('2d4f2','Companion','HIGH','YES');
INSERT INTO virus_codebase(VirusSeqID,PreScript,MainScript,PostScript) VALUES('2d4f2','e1a a1x b5c','c6f a5d z6b x2c a7z','c1a y0b');
INSERT INTO virus_registry VALUES('Gold_b1g','3a4d3','NYC');
INSERT INTO virus VALUES('3a4d3','2022-10-13','State_Actor');
INSERT INTO virus_components VALUES('3a4d3','Randsomeware','Email Open');
INSERT INTO virus_stealth VALUES('3a4d3','YES','NO');
INSERT INTO virus_target VALUES('3a4d3','PLC','Boot_Sector');
INSERT INTO virus_replication VALUES('3a4d3','Companion','LOW','NO');
INSERT INTO virus_codebase(VirusSeqID,PreScript,MainScript,PostScript) VALUES('3a4d3','b7e c8x b1g','a8z h8f g8d g8a c6x','b4x g1h');
INSERT INTO virus_registry VALUES('Baby_c8h','4y8b4','PV');
INSERT INTO virus VALUES('4y8b4','2021-02-28','Unknown');
INSERT INTO virus_components VALUES('4y8b4','Trojan Horse','Email Open');
INSERT INTO virus_stealth VALUES('4y8b4','YES','YES');
INSERT INTO virus_target VALUES('4y8b4','Windows','Boot_Sector');
INSERT INTO virus_replication VALUES('4y8b4','Companion','HIGH','YES');
INSERT INTO virus_codebase(VirusSeqID,PreScript,MainScript,PostScript) VALUES('4y8b4','h0c g5g b5a','c9b g2y h9b c7c c1z','z1y a6d');
INSERT INTO virus_registry VALUES('Club_e5z','5d6h5','NYC');
INSERT INTO virus VALUES('5d6h5','2022-10-14','State_Actor');
INSERT INTO virus_components VALUES('5d6h5','Adware','File Execution');
INSERT INTO virus_stealth VALUES('5d6h5','NO','YES');
INSERT INTO virus_target VALUES('5d6h5','Linux','Macro');
INSERT INTO virus_replication VALUES('5d6h5','Companion','LOW','NO');
INSERT INTO virus_codebase(VirusSeqID,PreScript,MainScript,PostScript) VALUES('5d6h5','b7e d2z a6g','a0e a6g a2d g2e x7g','y0x e6e');
INSERT INTO virus_registry VALUES('Lord_d9a','6f1x6','NYC');
INSERT INTO virus VALUES('6f1x6','2023-10-28','State_Actor');
INSERT INTO virus_components VALUES('6f1x6','Spyware','File Execution');
INSERT INTO virus_stealth VALUES('6f1x6','YES','YES');
INSERT INTO virus_target VALUES('6f1x6','Linux','Boot_Sector');
INSERT INTO virus_replication VALUES('6f1x6','Companion','LOW','YES');
INSERT INTO virus_codebase(VirusSeqID,PreScript,MainScript,PostScript) VALUES('6f1x6','b8b a8z b6c','x7z b1b z8f z3b d7f','d8x y8a');
INSERT INTO virus_registry VALUES('Look_z8x','7y1x7','PV');
INSERT INTO virus VALUES('7y1x7','2022-02-15','Individual');
INSERT INTO virus_components VALUES('7y1x7','Randsomeware','File Download');
INSERT INTO virus_stealth VALUES('7y1x7','YES','NO');
INSERT INTO virus_target VALUES('7y1x7','Linux','File');
INSERT INTO virus_replication VALUES('7y1x7','Self','HIGH','YES');
INSERT INTO virus_codebase(VirusSeqID,PreScript,MainScript,PostScript) VALUES('7y1x7','y5f d8d f4h','h3f b3e e8z x7f f0y','b9e a2x');
INSERT INTO virus_registry VALUES('Goal_g4a','8g5f8','WP');
INSERT INTO virus VALUES('8g5f8','2023-03-28','Individual');
INSERT INTO virus_components VALUES('8g5f8','Worm','File Download');
INSERT INTO virus_stealth VALUES('8g5f8','NO','NO');
INSERT INTO virus_target VALUES('8g5f8','Linux','File');
INSERT INTO virus_replication VALUES('8g5f8','Companion','HIGH','NO');
INSERT INTO virus_codebase(VirusSeqID,PreScript,MainScript,PostScript) VALUES('8g5f8','x6g a0c h0b','h4e g3f g1y y2x z9e','g2h z1y');
INSERT INTO virus_registry VALUES('Farm_z9a','9a6b9','NYC');
INSERT INTO virus VALUES('9a6b9','2023-03-22','Unknown');
INSERT INTO virus_components VALUES('9a6b9','Trojan Horse','File Download');
INSERT INTO virus_stealth VALUES('9a6b9','YES','NO');
INSERT INTO virus_target VALUES('9a6b9','Windows','Macro');
INSERT INTO virus_replication VALUES('9a6b9','Self','LOW','NO');
INSERT INTO virus_codebase(VirusSeqID,PreScript,MainScript,PostScript) VALUES('9a6b9','x0x g7x g3c','e2b b8h b1e f6z b7b','b1f g2a');
INSERT INTO virus_registry VALUES('Baby_f8e','10a3h10','WP');
INSERT INTO virus VALUES('10a3h10','2021-11-28','State_Actor');
INSERT INTO virus_components VALUES('10a3h10','Trojan Horse','Macro Execution');
INSERT INTO virus_stealth VALUES('10a3h10','NO','NO');
INSERT INTO virus_target VALUES('10a3h10','Windows','Boot_Sector');
INSERT INTO virus_replication VALUES('10a3h10','Self','HIGH','YES');
INSERT INTO virus_codebase(VirusSeqID,PreScript,MainScript,PostScript) VALUES('10a3h10','x2g g7z d1c','d0f g7d a2h c5e e9f','h4d c2d');
INSERT INTO virus_registry VALUES('Life_a8g','11f7g11','WP');
INSERT INTO virus VALUES('11f7g11','2021-10-14','Unknown');
INSERT INTO virus_components VALUES('11f7g11','Randsomeware','File Download');
INSERT INTO virus_stealth VALUES('11f7g11','YES','YES');
INSERT INTO virus_target VALUES('11f7g11','PLC','Boot_Sector');
INSERT INTO virus_replication VALUES('11f7g11','Self','LOW','NO');
INSERT INTO virus_codebase(VirusSeqID,PreScript,MainScript,PostScript) VALUES('11f7g11','c8z a0g c3d','g2x b2f a1x h8d a5f','a3x d6e');
INSERT INTO virus_registry VALUES('Mind_b0y','12a1x12','NYC');
INSERT INTO virus VALUES('12a1x12','2023-10-28','Unknown');
INSERT INTO virus_components VALUES('12a1x12','Randsomeware','Email Open');
INSERT INTO virus_stealth VALUES('12a1x12','NO','NO');
INSERT INTO virus_target VALUES('12a1x12','PLC','File');
INSERT INTO virus_replication VALUES('12a1x12','Companion','HIGH','NO');
INSERT INTO virus_codebase(VirusSeqID,PreScript,MainScript,PostScript) VALUES('12a1x12','f4c a9f c3b','d2y d7z f6c d8f c9x','z2h h7a');
INSERT INTO virus_registry VALUES('Cost_a3h','13a4a13','PV');
INSERT INTO virus VALUES('13a4a13','2021-02-27','Individual');
INSERT INTO virus_components VALUES('13a4a13','Randsomeware','File Download');
INSERT INTO virus_stealth VALUES('13a4a13','NO','YES');
INSERT INTO virus_target VALUES('13a4a13','Linux','Boot_Sector');
INSERT INTO virus_replication VALUES('13a4a13','Self','LOW','YES');
INSERT INTO virus_codebase(VirusSeqID,PreScript,MainScript,PostScript) VALUES('13a4a13','e0y x5y z5b','e5y a2c z8e a5c y3h','e2a x6d');
INSERT INTO virus_registry VALUES('Foot_d5e','14g8c14','NYC');
INSERT INTO virus VALUES('14g8c14','2021-04-12','State_Actor');
INSERT INTO virus_components VALUES('14g8c14','Adware','File Execution');
INSERT INTO virus_stealth VALUES('14g8c14','NO','NO');
INSERT INTO virus_target VALUES('14g8c14','Windows','File');
INSERT INTO virus_replication VALUES('14g8c14','Self','LOW','NO');
INSERT INTO virus_codebase(VirusSeqID,PreScript,MainScript,PostScript) VALUES('14g8c14','f8z z3y g7d','x7e h9h d2h c6h b1f','f6c y9f');
INSERT INTO virus_registry VALUES('Girl_g7h','15y8g15','WP');
INSERT INTO virus VALUES('15y8g15','2022-10-22','State_Actor');
INSERT INTO virus_components VALUES('15y8g15','Boot Infector','File Execution');
INSERT INTO virus_stealth VALUES('15y8g15','NO','NO');
INSERT INTO virus_target VALUES('15y8g15','PLC','File');
INSERT INTO virus_replication VALUES('15y8g15','Self','HIGH','NO');
INSERT INTO virus_codebase(VirusSeqID,PreScript,MainScript,PostScript) VALUES('15y8g15','a9h z0g h5e','a2h e6z e7z h4g z0c','x4e g5e');
INSERT INTO virus_registry VALUES('Home_b8d','16c5z16','WP');
INSERT INTO virus VALUES('16c5z16','2021-02-28','State_Actor');
INSERT INTO virus_components VALUES('16c5z16','Randsomeware','Email Open');
INSERT INTO virus_stealth VALUES('16c5z16','YES','YES');
INSERT INTO virus_target VALUES('16c5z16','PLC','File');
INSERT INTO virus_replication VALUES('16c5z16','Self','LOW','NO');
INSERT INTO virus_codebase(VirusSeqID,PreScript,MainScript,PostScript) VALUES('16c5z16','d1a e3d d1c','h3e a4h f8z e1h x4f','e5g x1z');
INSERT INTO virus_registry VALUES('Lady_b1g','17h8z17','WP');
INSERT INTO virus VALUES('17h8z17','2023-11-22','State_Actor');
INSERT INTO virus_components VALUES('17h8z17','Spyware','Email Open');
INSERT INTO virus_stealth VALUES('17h8z17','YES','YES');
INSERT INTO virus_target VALUES('17h8z17','PLC','Boot_Sector');
INSERT INTO virus_replication VALUES('17h8z17','Self','HIGH','NO');
INSERT INTO virus_codebase(VirusSeqID,PreScript,MainScript,PostScript) VALUES('17h8z17','a8a d7f h4f','c6y x8b y8d h7a g8d','b4x a6h');
INSERT INTO virus_registry VALUES('Club_e5b','18z1h18','NYC');
INSERT INTO virus VALUES('18z1h18','2022-02-13','Individual');
INSERT INTO virus_components VALUES('18z1h18','Key Logger','Email Open');
INSERT INTO virus_stealth VALUES('18z1h18','NO','NO');
INSERT INTO virus_target VALUES('18z1h18','Linux','Boot_Sector');
INSERT INTO virus_replication VALUES('18z1h18','Self','LOW','YES');
INSERT INTO virus_codebase(VirusSeqID,PreScript,MainScript,PostScript) VALUES('18z1h18','x8b z9g h6h','z7x g5a z0y e5a f4b','g6c b2f');
INSERT INTO virus_registry VALUES('List_d2c','19b3h19','PV');
INSERT INTO virus VALUES('19b3h19','2021-11-20','Unknown');
INSERT INTO virus_components VALUES('19b3h19','Worm','File Download');
INSERT INTO virus_stealth VALUES('19b3h19','YES','NO');
INSERT INTO virus_target VALUES('19b3h19','PLC','File');
INSERT INTO virus_replication VALUES('19b3h19','Companion','HIGH','NO');
INSERT INTO virus_codebase(VirusSeqID,PreScript,MainScript,PostScript) VALUES('19b3h19','z7e d2g g4b','f5e b1z c7x a1z h9a','x4a a3a');
INSERT INTO virus_registry VALUES('Farm_z5g','20y9z20','WP');
INSERT INTO virus VALUES('20y9z20','2022-01-22','Individual');
INSERT INTO virus_components VALUES('20y9z20','Worm','Macro Execution');
INSERT INTO virus_stealth VALUES('20y9z20','NO','YES');
INSERT INTO virus_target VALUES('20y9z20','PLC','File');
INSERT INTO virus_replication VALUES('20y9z20','Self','LOW','YES');
INSERT INTO virus_codebase(VirusSeqID,PreScript,MainScript,PostScript) VALUES('20y9z20','y4z c8c d8b','d3f z5b a4c f1z a6y','g5d g2e');
INSERT INTO virus_registry VALUES('Band_f6f','21a7z21','WP');
INSERT INTO virus VALUES('21a7z21','2023-11-20','Unknown');
INSERT INTO virus_components VALUES('21a7z21','Randsomeware','Macro Execution');
INSERT INTO virus_stealth VALUES('21a7z21','NO','NO');
INSERT INTO virus_target VALUES('21a7z21','PLC','File');
INSERT INTO virus_replication VALUES('21a7z21','Self','HIGH','YES');
INSERT INTO virus_codebase(VirusSeqID,PreScript,MainScript,PostScript) VALUES('21a7z21','h9b y9a b9x','x0d c0a c3f d9f b0c','x7a z9b');
INSERT INTO virus_registry VALUES('Farm_h2z','22h8f22','WP');
INSERT INTO virus VALUES('22h8f22','2021-10-13','Unknown');
INSERT INTO virus_components VALUES('22h8f22','Adware','Macro Execution');
INSERT INTO virus_stealth VALUES('22h8f22','YES','YES');
INSERT INTO virus_target VALUES('22h8f22','Linux','File');
INSERT INTO virus_replication VALUES('22h8f22','Self','LOW','NO');
INSERT INTO virus_codebase(VirusSeqID,PreScript,MainScript,PostScript) VALUES('22h8f22','d6h c8y c5g','a4e c4b h2b x5d f5h','c0a y8y');
INSERT INTO virus_registry VALUES('Card_f4z','23z3a23','WP');
INSERT INTO virus VALUES('23z3a23','2021-03-16','State_Actor');
INSERT INTO virus_components VALUES('23z3a23','Spyware','Email Open');
INSERT INTO virus_stealth VALUES('23z3a23','NO','YES');
INSERT INTO virus_target VALUES('23z3a23','Linux','Macro');
INSERT INTO virus_replication VALUES('23z3a23','Companion','HIGH','YES');
INSERT INTO virus_codebase(VirusSeqID,PreScript,MainScript,PostScript) VALUES('23z3a23','z6a c7z c9z','d2c c3a a2h c0h b8e','a1c e6c');
INSERT INTO virus_registry VALUES('Bill_x0g','24g5b24','NYC');
INSERT INTO virus VALUES('24g5b24','2021-02-13','State_Actor');
INSERT INTO virus_components VALUES('24g5b24','Spyware','Macro Execution');
INSERT INTO virus_stealth VALUES('24g5b24','YES','NO');
INSERT INTO virus_target VALUES('24g5b24','Windows','File');
INSERT INTO virus_replication VALUES('24g5b24','Self','LOW','YES');
INSERT INTO virus_codebase(VirusSeqID,PreScript,MainScript,PostScript) VALUES('24g5b24','b0g e9f c1e','y6b c0y c8a x2a y6e','f6z d8x');
INSERT INTO virus_registry VALUES('Army_d2a','25z9g25','NYC');
INSERT INTO virus VALUES('25z9g25','2022-01-13','Individual');
INSERT INTO virus_components VALUES('25z9g25','Worm','File Execution');
INSERT INTO virus_stealth VALUES('25z9g25','YES','NO');
INSERT INTO virus_target VALUES('25z9g25','Linux','Boot_Sector');
INSERT INTO virus_replication VALUES('25z9g25','Self','HIGH','NO');
INSERT INTO virus_codebase(VirusSeqID,PreScript,MainScript,PostScript) VALUES('25z9g25','h4g a6e f2z','c7a c5b e1x c8z y2c','g2a h2f');
INSERT INTO virus_registry VALUES('Bill_a5e','26x9b26','PV');
INSERT INTO virus VALUES('26x9b26','2021-11-15','State_Actor');
INSERT INTO virus_components VALUES('26x9b26','Boot Infector','Email Open');
INSERT INTO virus_stealth VALUES('26x9b26','NO','YES');
INSERT INTO virus_target VALUES('26x9b26','PLC','Macro');
INSERT INTO virus_replication VALUES('26x9b26','Self','LOW','NO');
INSERT INTO virus_codebase(VirusSeqID,PreScript,MainScript,PostScript) VALUES('26x9b26','e6a g6a y4f','z4h g1h e5a x3h b9y','f7y a2a');
INSERT INTO virus_registry VALUES('Ball_z3b','27e8f27','NYC');
INSERT INTO virus VALUES('27e8f27','2021-04-13','Unknown');
INSERT INTO virus_components VALUES('27e8f27','Key Logger','Email Open');
INSERT INTO virus_stealth VALUES('27e8f27','NO','YES');
INSERT INTO virus_target VALUES('27e8f27','Windows','Boot_Sector');
INSERT INTO virus_replication VALUES('27e8f27','Self','LOW','NO');
INSERT INTO virus_codebase(VirusSeqID,PreScript,MainScript,PostScript) VALUES('27e8f27','z0y h7a e7a','a4e z3f c5d d6e h5f','x2g h0x');
INSERT INTO virus_registry VALUES('Lady_z6b','28h4b28','WP');
INSERT INTO virus VALUES('28h4b28','2023-03-22','Unknown');
INSERT INTO virus_components VALUES('28h4b28','Key Logger','File Execution');
INSERT INTO virus_stealth VALUES('28h4b28','YES','YES');
INSERT INTO virus_target VALUES('28h4b28','Linux','Macro');
INSERT INTO virus_replication VALUES('28h4b28','Companion','HIGH','NO');
INSERT INTO virus_codebase(VirusSeqID,PreScript,MainScript,PostScript) VALUES('28h4b28','d1x e3f z7d','y3b y9x b2x b1x z4x','y2e g2f');
INSERT INTO virus_registry VALUES('Loss_x9e','29a9z29','WP');
INSERT INTO virus VALUES('29a9z29','2021-12-15','Individual');
INSERT INTO virus_components VALUES('29a9z29','Key Logger','File Download');
INSERT INTO virus_stealth VALUES('29a9z29','YES','NO');
INSERT INTO virus_target VALUES('29a9z29','PLC','Macro');
INSERT INTO virus_replication VALUES('29a9z29','Companion','HIGH','NO');
INSERT INTO virus_codebase(VirusSeqID,PreScript,MainScript,PostScript) VALUES('29a9z29','b4c a6g b6g','z8c b1a d7c f8a b3g','e7a a4e');
INSERT INTO virus_registry VALUES('Bank_g9b','30x1a30','WP');
INSERT INTO virus VALUES('30x1a30','2022-02-13','Individual');
INSERT INTO virus_components VALUES('30x1a30','Randsomeware','File Download');
INSERT INTO virus_stealth VALUES('30x1a30','YES','YES');
INSERT INTO virus_target VALUES('30x1a30','Windows','File');
INSERT INTO virus_replication VALUES('30x1a30','Companion','LOW','NO');
INSERT INTO virus_codebase(VirusSeqID,PreScript,MainScript,PostScript) VALUES('30x1a30','a0x y4d b2h','y8z z2z b7a x8d c0a','e7f b9c');
INSERT INTO virus_registry VALUES('Foot_f1e','31y5y31','WP');
INSERT INTO virus VALUES('31y5y31','2021-04-15','State_Actor');
INSERT INTO virus_components VALUES('31y5y31','Spyware','Email Open');
INSERT INTO virus_stealth VALUES('31y5y31','NO','YES');
INSERT INTO virus_target VALUES('31y5y31','Windows','File');
INSERT INTO virus_replication VALUES('31y5y31','Self','LOW','YES');
INSERT INTO virus_codebase(VirusSeqID,PreScript,MainScript,PostScript) VALUES('31y5y31','x4y e9h b7z','a4h d9e a4d g4f y5a','c6a g7b');
INSERT INTO virus_registry VALUES('Bill_d2y','32x6y32','NYC');
INSERT INTO virus VALUES('32x6y32','2023-03-11','Unknown');
INSERT INTO virus_components VALUES('32x6y32','Randsomeware','File Download');
INSERT INTO virus_stealth VALUES('32x6y32','YES','NO');
INSERT INTO virus_target VALUES('32x6y32','Linux','Macro');
INSERT INTO virus_replication VALUES('32x6y32','Companion','HIGH','YES');
INSERT INTO virus_codebase(VirusSeqID,PreScript,MainScript,PostScript) VALUES('32x6y32','g2h d4b h0b','b3g a0y b9b g5b z0c','a0h z6g');
INSERT INTO virus_registry VALUES('Help_y6a','33f2e33','NYC');
INSERT INTO virus VALUES('33f2e33','2021-11-16','State_Actor');
INSERT INTO virus_components VALUES('33f2e33','Trojan Horse','File Download');
INSERT INTO virus_stealth VALUES('33f2e33','YES','YES');
INSERT INTO virus_target VALUES('33f2e33','Linux','File');
INSERT INTO virus_replication VALUES('33f2e33','Self','LOW','NO');
INSERT INTO virus_codebase(VirusSeqID,PreScript,MainScript,PostScript) VALUES('33f2e33','h5e e8z e4g','d6x c4x b3z d2a d1c','y3x f5b');
INSERT INTO virus_registry VALUES('Land_c5y','34f5g34','WP');
INSERT INTO virus VALUES('34f5g34','2023-01-15','Individual');
INSERT INTO virus_components VALUES('34f5g34','Spyware','Email Open');
INSERT INTO virus_stealth VALUES('34f5g34','NO','YES');
INSERT INTO virus_target VALUES('34f5g34','Linux','Macro');
INSERT INTO virus_replication VALUES('34f5g34','Companion','HIGH','NO');
INSERT INTO virus_codebase(VirusSeqID,PreScript,MainScript,PostScript) VALUES('34f5g34','x8x b1e d3y','f3a x1c y4e g2c b6d','e8d a3e');
INSERT INTO virus_registry VALUES('Lord_d0d','35g2a35','WP');
INSERT INTO virus VALUES('35g2a35','2023-04-14','Unknown');
INSERT INTO virus_components VALUES('35g2a35','Worm','Macro Execution');
INSERT INTO virus_stealth VALUES('35g2a35','YES','NO');
INSERT INTO virus_target VALUES('35g2a35','Linux','File');
INSERT INTO virus_replication VALUES('35g2a35','Self','HIGH','YES');
INSERT INTO virus_codebase(VirusSeqID,PreScript,MainScript,PostScript) VALUES('35g2a35','c5e b7c h1a','a9h f9c h9x x3f z9x','h8e h9a');
INSERT INTO virus_registry VALUES('Line_f7b','36z5x36','WP');
INSERT INTO virus VALUES('36z5x36','2022-11-20','State_Actor');
INSERT INTO virus_components VALUES('36z5x36','Boot Infector','File Execution');
INSERT INTO virus_stealth VALUES('36z5x36','YES','NO');
INSERT INTO virus_target VALUES('36z5x36','PLC','Boot_Sector');
INSERT INTO virus_replication VALUES('36z5x36','Companion','LOW','YES');
INSERT INTO virus_codebase(VirusSeqID,PreScript,MainScript,PostScript) VALUES('36z5x36','d3x g0f g6c','b5e y3e c7g h2x y6d','y4a f5a');
INSERT INTO virus_registry VALUES('Look_c0h','37g4b37','PV');
INSERT INTO virus VALUES('37g4b37','2023-03-20','Individual');
INSERT INTO virus_components VALUES('37g4b37','Adware','Macro Execution');
INSERT INTO virus_stealth VALUES('37g4b37','YES','YES');
INSERT INTO virus_target VALUES('37g4b37','Linux','Macro');
INSERT INTO virus_replication VALUES('37g4b37','Companion','HIGH','NO');
INSERT INTO virus_codebase(VirusSeqID,PreScript,MainScript,PostScript) VALUES('37g4b37','f1g e2d c3y','e7a g1a e0c y2a e8y','y3d e2f');
INSERT INTO virus_registry VALUES('Club_b7f','38c8f38','WP');
INSERT INTO virus VALUES('38c8f38','2022-03-28','Individual');
INSERT INTO virus_components VALUES('38c8f38','Adware','File Download');
INSERT INTO virus_stealth VALUES('38c8f38','NO','NO');
INSERT INTO virus_target VALUES('38c8f38','PLC','Macro');
INSERT INTO virus_replication VALUES('38c8f38','Companion','LOW','NO');
INSERT INTO virus_codebase(VirusSeqID,PreScript,MainScript,PostScript) VALUES('38c8f38','z1g y2e z5c','c6f c9d c1x z9g f2x','y5y h6h');
INSERT INTO virus_registry VALUES('Fire_h3y','39h1d39','WP');
INSERT INTO virus VALUES('39h1d39','2021-10-11','Unknown');
INSERT INTO virus_components VALUES('39h1d39','Trojan Horse','File Download');
INSERT INTO virus_stealth VALUES('39h1d39','NO','NO');
INSERT INTO virus_target VALUES('39h1d39','Windows','Macro');
INSERT INTO virus_replication VALUES('39h1d39','Companion','HIGH','NO');
INSERT INTO virus_codebase(VirusSeqID,PreScript,MainScript,PostScript) VALUES('39h1d39','g3a e9y c4f','z8c a6a y5f a9d y2a','c8h e9e');
INSERT INTO virus_registry VALUES('Foot_z7f','40c5x40','PV');
INSERT INTO virus VALUES('40c5x40','2022-02-12','Individual');
INSERT INTO virus_components VALUES('40c5x40','Spyware','Email Open');
INSERT INTO virus_stealth VALUES('40c5x40','YES','YES');
INSERT INTO virus_target VALUES('40c5x40','PLC','File');
INSERT INTO virus_replication VALUES('40c5x40','Self','HIGH','NO');
INSERT INTO virus_codebase(VirusSeqID,PreScript,MainScript,PostScript) VALUES('40c5x40','g5b b8g z4c','g4e e7x b9a f1g z3b','a9c d3d');
INSERT INTO virus_registry VALUES('Idea_y9x','41x2y41','PV');
INSERT INTO virus VALUES('41x2y41','2021-04-20','Unknown');
INSERT INTO virus_components VALUES('41x2y41','Randsomeware','File Execution');
INSERT INTO virus_stealth VALUES('41x2y41','NO','YES');
INSERT INTO virus_target VALUES('41x2y41','PLC','Macro');
INSERT INTO virus_replication VALUES('41x2y41','Self','LOW','YES');
INSERT INTO virus_codebase(VirusSeqID,PreScript,MainScript,PostScript) VALUES('41x2y41','z0e a1e e1d','d8g b6b z3y f3b c7e','x9c d1a');
INSERT INTO virus_registry VALUES('Fact_g9z','42x1z42','NYC');
INSERT INTO virus VALUES('42x1z42','2022-11-15','State_Actor');
INSERT INTO virus_components VALUES('42x1z42','Spyware','File Download');
INSERT INTO virus_stealth VALUES('42x1z42','NO','NO');
INSERT INTO virus_target VALUES('42x1z42','Windows','Boot_Sector');
INSERT INTO virus_replication VALUES('42x1z42','Self','HIGH','YES');
INSERT INTO virus_codebase(VirusSeqID,PreScript,MainScript,PostScript) VALUES('42x1z42','y3x e3x f6x','x6f g9z c4f b7g c7c','x1b b1g');
INSERT INTO virus_registry VALUES('Fish_d7b','43d1b43','WP');
INSERT INTO virus VALUES('43d1b43','2022-04-14','Unknown');
INSERT INTO virus_components VALUES('43d1b43','Key Logger','File Download');
INSERT INTO virus_stealth VALUES('43d1b43','NO','NO');
INSERT INTO virus_target VALUES('43d1b43','PLC','Macro');
INSERT INTO virus_replication VALUES('43d1b43','Self','HIGH','YES');
INSERT INTO virus_codebase(VirusSeqID,PreScript,MainScript,PostScript) VALUES('43d1b43','a2h y2b a6y','z3h d7d d4x c8g d2d','x6e e8h');
INSERT INTO virus_registry VALUES('Fire_h1x','44f0h44','NYC');
INSERT INTO virus VALUES('44f0h44','2022-10-11','State_Actor');
INSERT INTO virus_components VALUES('44f0h44','Adware','File Download');
INSERT INTO virus_stealth VALUES('44f0h44','YES','YES');
INSERT INTO virus_target VALUES('44f0h44','PLC','Boot_Sector');
INSERT INTO virus_replication VALUES('44f0h44','Self','HIGH','YES');
INSERT INTO virus_codebase(VirusSeqID,PreScript,MainScript,PostScript) VALUES('44f0h44','d6c x9b x7b','g5d b1d g4c y8z f2e','a2x b7d');
INSERT INTO virus_registry VALUES('Fish_d8x','45c1g45','WP');
INSERT INTO virus VALUES('45c1g45','2023-03-16','Individual');
INSERT INTO virus_components VALUES('45c1g45','Trojan Horse','File Download');
INSERT INTO virus_stealth VALUES('45c1g45','YES','NO');
INSERT INTO virus_target VALUES('45c1g45','Linux','Boot_Sector');
INSERT INTO virus_replication VALUES('45c1g45','Companion','LOW','YES');
INSERT INTO virus_codebase(VirusSeqID,PreScript,MainScript,PostScript) VALUES('45c1g45','d2f z7b a0z','z1x e8d x9x d2d z9y','h8c z4g');
INSERT INTO virus_registry VALUES('Hope_y6c','46h2f46','WP');
INSERT INTO virus VALUES('46h2f46','2021-10-28','Individual');
INSERT INTO virus_components VALUES('46h2f46','Boot Infector','Email Open');
INSERT INTO virus_stealth VALUES('46h2f46','YES','NO');
INSERT INTO virus_target VALUES('46h2f46','Linux','Boot_Sector');
INSERT INTO virus_replication VALUES('46h2f46','Self','HIGH','YES');
INSERT INTO virus_codebase(VirusSeqID,PreScript,MainScript,PostScript) VALUES('46h2f46','g6h y6e h8g','d5g c3e d5y e3c e0y','a7h g6c');
INSERT INTO virus_registry VALUES('Base_z0e','47e5a47','PV');
INSERT INTO virus VALUES('47e5a47','2021-02-11','Unknown');
INSERT INTO virus_components VALUES('47e5a47','Adware','Macro Execution');
INSERT INTO virus_stealth VALUES('47e5a47','YES','YES');
INSERT INTO virus_target VALUES('47e5a47','Windows','Macro');
INSERT INTO virus_replication VALUES('47e5a47','Self','HIGH','YES');
INSERT INTO virus_codebase(VirusSeqID,PreScript,MainScript,PostScript) VALUES('47e5a47','x1x z1g z8z','d6z b2e x0z c5h z1d','f5d e6h');
INSERT INTO virus_registry VALUES('Hour_f8f','48a4z48','WP');
INSERT INTO virus VALUES('48a4z48','2022-01-27','Unknown');
INSERT INTO virus_components VALUES('48a4z48','Spyware','Email Open');
INSERT INTO virus_stealth VALUES('48a4z48','NO','NO');
INSERT INTO virus_target VALUES('48a4z48','Linux','Boot_Sector');
INSERT INTO virus_replication VALUES('48a4z48','Companion','LOW','YES');
INSERT INTO virus_codebase(VirusSeqID,PreScript,MainScript,PostScript) VALUES('48a4z48','d9a h2c e2e','h8h g1g x6e h0h h7a','z4x y5h');
INSERT INTO virus_registry VALUES('Club_z0z','49z9c49','WP');
INSERT INTO virus VALUES('49z9c49','2023-12-11','Unknown');
INSERT INTO virus_components VALUES('49z9c49','Randsomeware','Macro Execution');
INSERT INTO virus_stealth VALUES('49z9c49','YES','NO');
INSERT INTO virus_target VALUES('49z9c49','Windows','Boot_Sector');
INSERT INTO virus_replication VALUES('49z9c49','Self','LOW','YES');
INSERT INTO virus_codebase(VirusSeqID,PreScript,MainScript,PostScript) VALUES('49z9c49','g6g h3e h6f','y1c h1b h1a h3c a1g','y2y a8f');
INSERT INTO virus_registry VALUES('City_b5g','50f3z50','PV');
INSERT INTO virus VALUES('50f3z50','2022-03-16','State_Actor');
INSERT INTO virus_components VALUES('50f3z50','Boot Infector','File Download');
INSERT INTO virus_stealth VALUES('50f3z50','NO','NO');
INSERT INTO virus_target VALUES('50f3z50','PLC','Boot_Sector');
INSERT INTO virus_replication VALUES('50f3z50','Self','HIGH','NO');
INSERT INTO virus_codebase(VirusSeqID,PreScript,MainScript,PostScript) VALUES('50f3z50','f9d y6e e6x','a8d f5e c6b h8e z7b','x4d f8e');
INSERT INTO virus_registry VALUES('Idea_f3x','51c6d51','WP');
INSERT INTO virus VALUES('51c6d51','2023-12-11','Unknown');
INSERT INTO virus_components VALUES('51c6d51','Spyware','File Download');
INSERT INTO virus_stealth VALUES('51c6d51','NO','YES');
INSERT INTO virus_target VALUES('51c6d51','Linux','File');
INSERT INTO virus_replication VALUES('51c6d51','Self','HIGH','NO');
INSERT INTO virus_codebase(VirusSeqID,PreScript,MainScript,PostScript) VALUES('51c6d51','z9a h6f z9h','e3a y8a f3g f5b g4a','x7c h3e');
INSERT INTO virus_registry VALUES('Form_a8e','52z0z52','NYC');
INSERT INTO virus VALUES('52z0z52','2023-02-20','State_Actor');
INSERT INTO virus_components VALUES('52z0z52','Randsomeware','File Execution');
INSERT INTO virus_stealth VALUES('52z0z52','NO','YES');
INSERT INTO virus_target VALUES('52z0z52','Linux','Macro');
INSERT INTO virus_replication VALUES('52z0z52','Companion','LOW','YES');
INSERT INTO virus_codebase(VirusSeqID,PreScript,MainScript,PostScript) VALUES('52z0z52','y6f a4d x9h','b9h c1d g8z a0a g2e','c6c c5e');
INSERT INTO virus_registry VALUES('Lack_h0a','53x0h53','WP');
INSERT INTO virus VALUES('53x0h53','2022-11-16','State_Actor');
INSERT INTO virus_components VALUES('53x0h53','Key Logger','Macro Execution');
INSERT INTO virus_stealth VALUES('53x0h53','YES','YES');
INSERT INTO virus_target VALUES('53x0h53','Linux','Boot_Sector');
INSERT INTO virus_replication VALUES('53x0h53','Companion','LOW','YES');
INSERT INTO virus_codebase(VirusSeqID,PreScript,MainScript,PostScript) VALUES('53x0h53','e7z x0b a0h','z3a b1h h2f e8e f2y','f6z h4a');
INSERT INTO virus_registry VALUES('Base_f9e','54x9y54','WP');
INSERT INTO virus VALUES('54x9y54','2023-10-14','Unknown');
INSERT INTO virus_components VALUES('54x9y54','Trojan Horse','Email Open');
INSERT INTO virus_stealth VALUES('54x9y54','NO','NO');
INSERT INTO virus_target VALUES('54x9y54','Windows','Macro');
INSERT INTO virus_replication VALUES('54x9y54','Companion','LOW','NO');
INSERT INTO virus_codebase(VirusSeqID,PreScript,MainScript,PostScript) VALUES('54x9y54','e8h h4h x8d','z3g c6b z5x b7e f7z','c9d y9z');
INSERT INTO virus_registry VALUES('Help_e8c','55f0a55','PV');
INSERT INTO virus VALUES('55f0a55','2021-04-13','Unknown');
INSERT INTO virus_components VALUES('55f0a55','Randsomeware','Email Open');
INSERT INTO virus_stealth VALUES('55f0a55','NO','NO');
INSERT INTO virus_target VALUES('55f0a55','PLC','Macro');
INSERT INTO virus_replication VALUES('55f0a55','Self','HIGH','NO');
INSERT INTO virus_codebase(VirusSeqID,PreScript,MainScript,PostScript) VALUES('55f0a55','y9y y6f y7g','g6y d8a x1a c5z y7y','b2f x1z');
INSERT INTO virus_registry VALUES('Food_c9x','56x0y56','PV');
INSERT INTO virus VALUES('56x0y56','2023-03-16','State_Actor');
INSERT INTO virus_components VALUES('56x0y56','Randsomeware','File Download');
INSERT INTO virus_stealth VALUES('56x0y56','YES','YES');
INSERT INTO virus_target VALUES('56x0y56','PLC','Boot_Sector');
INSERT INTO virus_replication VALUES('56x0y56','Self','LOW','YES');
INSERT INTO virus_codebase(VirusSeqID,PreScript,MainScript,PostScript) VALUES('56x0y56','y9z x3x z7y','c8h a3z e9z g0b a7d','g0c c8h');
INSERT INTO virus_registry VALUES('Area_y3a','57g9z57','WP');
INSERT INTO virus VALUES('57g9z57','2022-03-15','Individual');
INSERT INTO virus_components VALUES('57g9z57','Key Logger','File Execution');
INSERT INTO virus_stealth VALUES('57g9z57','YES','NO');
INSERT INTO virus_target VALUES('57g9z57','Linux','Macro');
INSERT INTO virus_replication VALUES('57g9z57','Companion','HIGH','YES');
INSERT INTO virus_codebase(VirusSeqID,PreScript,MainScript,PostScript) VALUES('57g9z57','a1b g1z x9f','d7a x3d y0e z5e x1f','f9e d2e');
INSERT INTO virus_registry VALUES('Deal_h2d','58y9g58','PV');
INSERT INTO virus VALUES('58y9g58','2021-03-27','Unknown');
INSERT INTO virus_components VALUES('58y9g58','Worm','File Download');
INSERT INTO virus_stealth VALUES('58y9g58','YES','YES');
INSERT INTO virus_target VALUES('58y9g58','Linux','Boot_Sector');
INSERT INTO virus_replication VALUES('58y9g58','Self','HIGH','YES');
INSERT INTO virus_codebase(VirusSeqID,PreScript,MainScript,PostScript) VALUES('58y9g58','x5e x7b a5y','h1a z8b x5d z6h b3y','y1y a7h');
INSERT INTO virus_registry VALUES('Door_b2c','59c7e59','NYC');
INSERT INTO virus VALUES('59c7e59','2023-12-14','Unknown');
INSERT INTO virus_components VALUES('59c7e59','Worm','File Execution');
INSERT INTO virus_stealth VALUES('59c7e59','YES','NO');
INSERT INTO virus_target VALUES('59c7e59','Linux','File');
INSERT INTO virus_replication VALUES('59c7e59','Companion','HIGH','YES');
INSERT INTO virus_codebase(VirusSeqID,PreScript,MainScript,PostScript) VALUES('59c7e59','b5e f1d h4x','z7c y4c f8b b6f f0g','x1c a6h');
INSERT INTO virus_registry VALUES('Film_y4g','60c7f60','WP');
INSERT INTO virus VALUES('60c7f60','2023-02-13','Individual');
INSERT INTO virus_components VALUES('60c7f60','Worm','File Download');
INSERT INTO virus_stealth VALUES('60c7f60','NO','YES');
INSERT INTO virus_target VALUES('60c7f60','Windows','File');
INSERT INTO virus_replication VALUES('60c7f60','Companion','HIGH','NO');
INSERT INTO virus_codebase(VirusSeqID,PreScript,MainScript,PostScript) VALUES('60c7f60','b5z g7y x7d','a2f e4x h8c g5x y2x','e6a e6e');
INSERT INTO virus_registry VALUES('Ball_d2f','61y9a61','PV');
INSERT INTO virus VALUES('61y9a61','2023-03-16','Unknown');
INSERT INTO virus_components VALUES('61y9a61','Trojan Horse','File Execution');
INSERT INTO virus_stealth VALUES('61y9a61','NO','YES');
INSERT INTO virus_target VALUES('61y9a61','PLC','File');
INSERT INTO virus_replication VALUES('61y9a61','Self','LOW','YES');
INSERT INTO virus_codebase(VirusSeqID,PreScript,MainScript,PostScript) VALUES('61y9a61','f0x a8d x5f','c2y x5f y0z b1z z8h','b1c z9a');
INSERT INTO virus_registry VALUES('Baby_x9a','62b3a62','WP');
INSERT INTO virus VALUES('62b3a62','2021-11-12','Individual');
INSERT INTO virus_components VALUES('62b3a62','Worm','File Download');
INSERT INTO virus_stealth VALUES('62b3a62','YES','YES');
INSERT INTO virus_target VALUES('62b3a62','Windows','Boot_Sector');
INSERT INTO virus_replication VALUES('62b3a62','Self','LOW','NO');
INSERT INTO virus_codebase(VirusSeqID,PreScript,MainScript,PostScript) VALUES('62b3a62','e2c b6d z7f','f3a z8e g5d x6g z6z','f6e d6x');
INSERT INTO virus_registry VALUES('Hope_x3z','63a4b63','NYC');
INSERT INTO virus VALUES('63a4b63','2022-02-28','Individual');
INSERT INTO virus_components VALUES('63a4b63','Randsomeware','File Download');
INSERT INTO virus_stealth VALUES('63a4b63','YES','NO');
INSERT INTO virus_target VALUES('63a4b63','PLC','File');
INSERT INTO virus_replication VALUES('63a4b63','Self','HIGH','NO');
INSERT INTO virus_codebase(VirusSeqID,PreScript,MainScript,PostScript) VALUES('63a4b63','x6z b3h e0x','z7g f8c c1d d9x f1f','g9z g6y');
INSERT INTO virus_registry VALUES('Life_c2f','64b6y64','PV');
INSERT INTO virus VALUES('64b6y64','2023-12-16','State_Actor');
INSERT INTO virus_components VALUES('64b6y64','Spyware','File Download');
INSERT INTO virus_stealth VALUES('64b6y64','NO','YES');
INSERT INTO virus_target VALUES('64b6y64','PLC','Macro');
INSERT INTO virus_replication VALUES('64b6y64','Self','HIGH','NO');
INSERT INTO virus_codebase(VirusSeqID,PreScript,MainScript,PostScript) VALUES('64b6y64','d8g h5x f4c','h3a c8h h6x c1y a1e','g2d a3x');
INSERT INTO virus_registry VALUES('Fund_d1e','65x5x65','WP');
INSERT INTO virus VALUES('65x5x65','2023-03-22','State_Actor');
INSERT INTO virus_components VALUES('65x5x65','Trojan Horse','File Download');
INSERT INTO virus_stealth VALUES('65x5x65','YES','NO');
INSERT INTO virus_target VALUES('65x5x65','PLC','Macro');
INSERT INTO virus_replication VALUES('65x5x65','Self','HIGH','NO');
INSERT INTO virus_codebase(VirusSeqID,PreScript,MainScript,PostScript) VALUES('65x5x65','a0e b5x e0y','d3f c6b f2a z2a a5z','d4a y9c');
INSERT INTO virus_registry VALUES('Idea_c8x','66g6x66','WP');
INSERT INTO virus VALUES('66g6x66','2023-04-15','Individual');
INSERT INTO virus_components VALUES('66g6x66','Key Logger','File Download');
INSERT INTO virus_stealth VALUES('66g6x66','YES','NO');
INSERT INTO virus_target VALUES('66g6x66','Linux','Macro');
INSERT INTO virus_replication VALUES('66g6x66','Self','LOW','YES');
INSERT INTO virus_codebase(VirusSeqID,PreScript,MainScript,PostScript) VALUES('66g6x66','g1d e7g b2h','b0h f2c h8f z1b x8x','b5d e2g');
INSERT INTO virus_registry VALUES('Kind_h6b','67c2e67','NYC');
INSERT INTO virus VALUES('67c2e67','2021-11-28','State_Actor');
INSERT INTO virus_components VALUES('67c2e67','Trojan Horse','File Execution');
INSERT INTO virus_stealth VALUES('67c2e67','YES','YES');
INSERT INTO virus_target VALUES('67c2e67','Windows','Macro');
INSERT INTO virus_replication VALUES('67c2e67','Companion','LOW','YES');
INSERT INTO virus_codebase(VirusSeqID,PreScript,MainScript,PostScript) VALUES('67c2e67','h0c x8e a1e','z3h e8e b5b y5c x2f','y4y y3g');
INSERT INTO virus_registry VALUES('Baby_f1b','68g4a68','NYC');
INSERT INTO virus VALUES('68g4a68','2023-11-11','State_Actor');
INSERT INTO virus_components VALUES('68g4a68','Randsomeware','Macro Execution');
INSERT INTO virus_stealth VALUES('68g4a68','YES','YES');
INSERT INTO virus_target VALUES('68g4a68','PLC','Boot_Sector');
INSERT INTO virus_replication VALUES('68g4a68','Self','LOW','YES');
INSERT INTO virus_codebase(VirusSeqID,PreScript,MainScript,PostScript) VALUES('68g4a68','h2g x2f x2h','z0e z6g a0a z5z d0g','a2b b4z');
INSERT INTO virus_registry VALUES('Call_g5b','69x3g69','WP');
INSERT INTO virus VALUES('69x3g69','2021-04-13','State_Actor');
INSERT INTO virus_components VALUES('69x3g69','Randsomeware','File Download');
INSERT INTO virus_stealth VALUES('69x3g69','NO','NO');
INSERT INTO virus_target VALUES('69x3g69','PLC','Boot_Sector');
INSERT INTO virus_replication VALUES('69x3g69','Self','HIGH','YES');
INSERT INTO virus_codebase(VirusSeqID,PreScript,MainScript,PostScript) VALUES('69x3g69','h4b h3y a9a','f0c x8c z9e h3z h9d','a9h f8f');
INSERT INTO virus_registry VALUES('Edge_f1y','70f5z70','NYC');
INSERT INTO virus VALUES('70f5z70','2022-10-20','State_Actor');
INSERT INTO virus_components VALUES('70f5z70','Boot Infector','Email Open');
INSERT INTO virus_stealth VALUES('70f5z70','NO','YES');
INSERT INTO virus_target VALUES('70f5z70','Linux','Macro');
INSERT INTO virus_replication VALUES('70f5z70','Companion','LOW','YES');
INSERT INTO virus_codebase(VirusSeqID,PreScript,MainScript,PostScript) VALUES('70f5z70','g7g b3c d5a','f8c g0x d7h f9y d6a','h3f b8c');
INSERT INTO virus_registry VALUES('Half_y4y','71y9c71','PV');
INSERT INTO virus VALUES('71y9c71','2023-03-13','State_Actor');
INSERT INTO virus_components VALUES('71y9c71','Adware','Macro Execution');
INSERT INTO virus_stealth VALUES('71y9c71','YES','NO');
INSERT INTO virus_target VALUES('71y9c71','PLC','Boot_Sector');
INSERT INTO virus_replication VALUES('71y9c71','Companion','HIGH','YES');
INSERT INTO virus_codebase(VirusSeqID,PreScript,MainScript,PostScript) VALUES('71y9c71','d5a c5e h8a','a6z y5e g1d c2x d4h','d5f c6a');
INSERT INTO virus_registry VALUES('Lack_a1h','72f7x72','WP');
INSERT INTO virus VALUES('72f7x72','2021-12-12','State_Actor');
INSERT INTO virus_components VALUES('72f7x72','Spyware','Email Open');
INSERT INTO virus_stealth VALUES('72f7x72','YES','NO');
INSERT INTO virus_target VALUES('72f7x72','Windows','Macro');
INSERT INTO virus_replication VALUES('72f7x72','Self','HIGH','YES');
INSERT INTO virus_codebase(VirusSeqID,PreScript,MainScript,PostScript) VALUES('72f7x72','g2x c1x d8x','h1c z5y x0x e2z e0g','d5d b4z');
INSERT INTO virus_registry VALUES('Lack_z9f','73y2c73','PV');
INSERT INTO virus VALUES('73y2c73','2023-12-11','State_Actor');
INSERT INTO virus_components VALUES('73y2c73','Randsomeware','Macro Execution');
INSERT INTO virus_stealth VALUES('73y2c73','NO','YES');
INSERT INTO virus_target VALUES('73y2c73','Linux','File');
INSERT INTO virus_replication VALUES('73y2c73','Self','HIGH','YES');
INSERT INTO virus_codebase(VirusSeqID,PreScript,MainScript,PostScript) VALUES('73y2c73','e9b d7h a4a','h4h a4d f4z z9h h1a','x1d e5g');
INSERT INTO virus_registry VALUES('Call_e9z','74a1y74','WP');
INSERT INTO virus VALUES('74a1y74','2022-12-16','Unknown');
INSERT INTO virus_components VALUES('74a1y74','Key Logger','Email Open');
INSERT INTO virus_stealth VALUES('74a1y74','YES','NO');
INSERT INTO virus_target VALUES('74a1y74','Linux','File');
INSERT INTO virus_replication VALUES('74a1y74','Self','HIGH','NO');
INSERT INTO virus_codebase(VirusSeqID,PreScript,MainScript,PostScript) VALUES('74a1y74','h0g c8z d3b','h5c h2y h7f a1g a8a','y8b h3y');
INSERT INTO virus_registry VALUES('Base_y7z','75a1c75','WP');
INSERT INTO virus VALUES('75a1c75','2022-02-12','Unknown');
INSERT INTO virus_components VALUES('75a1c75','Trojan Horse','File Execution');
INSERT INTO virus_stealth VALUES('75a1c75','YES','NO');
INSERT INTO virus_target VALUES('75a1c75','Windows','Boot_Sector');
INSERT INTO virus_replication VALUES('75a1c75','Companion','LOW','YES');
INSERT INTO virus_codebase(VirusSeqID,PreScript,MainScript,PostScript) VALUES('75a1c75','h0e g5h d2g','e6e d9e h7g h2x y4a','d9g d5e');
INSERT INTO virus_registry VALUES('Fish_g0a','76e2c76','NYC');
INSERT INTO virus VALUES('76e2c76','2023-01-16','Unknown');
INSERT INTO virus_components VALUES('76e2c76','Boot Infector','Macro Execution');
INSERT INTO virus_stealth VALUES('76e2c76','YES','YES');
INSERT INTO virus_target VALUES('76e2c76','Windows','Macro');
INSERT INTO virus_replication VALUES('76e2c76','Companion','LOW','NO');
INSERT INTO virus_codebase(VirusSeqID,PreScript,MainScript,PostScript) VALUES('76e2c76','g1g z9f z9c','d8d e1a g3e d5y y9b','g2b f3d');
INSERT INTO virus_registry VALUES('Hour_b3c','77h7d77','PV');
INSERT INTO virus VALUES('77h7d77','2021-01-14','Unknown');
INSERT INTO virus_components VALUES('77h7d77','Spyware','Macro Execution');
INSERT INTO virus_stealth VALUES('77h7d77','YES','YES');
INSERT INTO virus_target VALUES('77h7d77','PLC','File');
INSERT INTO virus_replication VALUES('77h7d77','Self','LOW','YES');
INSERT INTO virus_codebase(VirusSeqID,PreScript,MainScript,PostScript) VALUES('77h7d77','d2e f3x e6x','y5d g7y b8e g0y d8x','a4g h8e');
INSERT INTO virus_registry VALUES('Back_g7a','78h3h78','NYC');
INSERT INTO virus VALUES('78h3h78','2023-01-28','State_Actor');
INSERT INTO virus_components VALUES('78h3h78','Randsomeware','File Execution');
INSERT INTO virus_stealth VALUES('78h3h78','NO','NO');
INSERT INTO virus_target VALUES('78h3h78','Windows','File');
INSERT INTO virus_replication VALUES('78h3h78','Companion','HIGH','NO');
INSERT INTO virus_codebase(VirusSeqID,PreScript,MainScript,PostScript) VALUES('78h3h78','b1y b5z c6d','z0y z3b b4z f7c d4a','d0b d9d');
INSERT INTO virus_registry VALUES('Baby_b8h','79f1x79','PV');
INSERT INTO virus VALUES('79f1x79','2021-01-11','State_Actor');
INSERT INTO virus_components VALUES('79f1x79','Randsomeware','Macro Execution');
INSERT INTO virus_stealth VALUES('79f1x79','NO','YES');
INSERT INTO virus_target VALUES('79f1x79','Windows','Macro');
INSERT INTO virus_replication VALUES('79f1x79','Companion','LOW','YES');
INSERT INTO virus_codebase(VirusSeqID,PreScript,MainScript,PostScript) VALUES('79f1x79','g2g h9e f1z','z1e b5y c0x e7c d8y','a4f f7d');
INSERT INTO virus_registry VALUES('Call_d3f','80g3y80','NYC');
INSERT INTO virus VALUES('80g3y80','2021-12-14','State_Actor');
INSERT INTO virus_components VALUES('80g3y80','Adware','Email Open');
INSERT INTO virus_stealth VALUES('80g3y80','NO','NO');
INSERT INTO virus_target VALUES('80g3y80','Windows','File');
INSERT INTO virus_replication VALUES('80g3y80','Companion','HIGH','NO');
INSERT INTO virus_codebase(VirusSeqID,PreScript,MainScript,PostScript) VALUES('80g3y80','d4c x1e g2a','g7d h8a a5a x6f b5x','e2f h6y');
INSERT INTO virus_registry VALUES('Face_d1h','81h1h81','WP');
INSERT INTO virus VALUES('81h1h81','2022-12-13','Individual');
INSERT INTO virus_components VALUES('81h1h81','Randsomeware','File Execution');
INSERT INTO virus_stealth VALUES('81h1h81','NO','NO');
INSERT INTO virus_target VALUES('81h1h81','Windows','Macro');
INSERT INTO virus_replication VALUES('81h1h81','Companion','HIGH','NO');
INSERT INTO virus_codebase(VirusSeqID,PreScript,MainScript,PostScript) VALUES('81h1h81','e5z e5b h0g','e5e f2g a3a y8b c0f','c7d g5x');
INSERT INTO virus_registry VALUES('Firm_a0e','82f0f82','PV');
INSERT INTO virus VALUES('82f0f82','2021-10-11','State_Actor');
INSERT INTO virus_components VALUES('82f0f82','Worm','File Download');
INSERT INTO virus_stealth VALUES('82f0f82','NO','NO');
INSERT INTO virus_target VALUES('82f0f82','Windows','File');
INSERT INTO virus_replication VALUES('82f0f82','Self','HIGH','YES');
INSERT INTO virus_codebase(VirusSeqID,PreScript,MainScript,PostScript) VALUES('82f0f82','h9x y3x d9d','z4y f9z c7x h5d y4e','g0d f9b');
INSERT INTO virus_registry VALUES('Card_h1b','83e2d83','NYC');
INSERT INTO virus VALUES('83e2d83','2021-02-16','Individual');
INSERT INTO virus_components VALUES('83e2d83','Spyware','File Execution');
INSERT INTO virus_stealth VALUES('83e2d83','NO','YES');
INSERT INTO virus_target VALUES('83e2d83','Windows','Boot_Sector');
INSERT INTO virus_replication VALUES('83e2d83','Self','HIGH','NO');
INSERT INTO virus_codebase(VirusSeqID,PreScript,MainScript,PostScript) VALUES('83e2d83','e9d y8c g5a','b0f e0h z6d z5y h5h','x3y d9y');
INSERT INTO virus_registry VALUES('Face_b5f','84e9b84','PV');
INSERT INTO virus VALUES('84e9b84','2021-03-16','State_Actor');
INSERT INTO virus_components VALUES('84e9b84','Spyware','File Execution');
INSERT INTO virus_stealth VALUES('84e9b84','YES','YES');
INSERT INTO virus_target VALUES('84e9b84','PLC','File');
INSERT INTO virus_replication VALUES('84e9b84','Companion','LOW','YES');
INSERT INTO virus_codebase(VirusSeqID,PreScript,MainScript,PostScript) VALUES('84e9b84','g1x f6x f2f','g4h g5f f5y h8z b4z','y8z b8h');
INSERT INTO virus_registry VALUES('East_d2z','85c0d85','WP');
INSERT INTO virus VALUES('85c0d85','2021-04-15','Unknown');
INSERT INTO virus_components VALUES('85c0d85','Spyware','Macro Execution');
INSERT INTO virus_stealth VALUES('85c0d85','NO','NO');
INSERT INTO virus_target VALUES('85c0d85','Windows','File');
INSERT INTO virus_replication VALUES('85c0d85','Self','HIGH','YES');
INSERT INTO virus_codebase(VirusSeqID,PreScript,MainScript,PostScript) VALUES('85c0d85','d7h e4b a1g','a5b z5d y4d b3z z9g','x6e c1c');
INSERT INTO virus_registry VALUES('Hand_b0x','86z8g86','WP');
INSERT INTO virus VALUES('86z8g86','2022-02-13','State_Actor');
INSERT INTO virus_components VALUES('86z8g86','Worm','Email Open');
INSERT INTO virus_stealth VALUES('86z8g86','NO','NO');
INSERT INTO virus_target VALUES('86z8g86','Linux','Macro');
INSERT INTO virus_replication VALUES('86z8g86','Companion','HIGH','NO');
INSERT INTO virus_codebase(VirusSeqID,PreScript,MainScript,PostScript) VALUES('86z8g86','y6c c0e f3e','c2c z9a d8y d5x a8f','a5y f5e');
INSERT INTO virus_registry VALUES('Case_b6y','87f4b87','NYC');
INSERT INTO virus VALUES('87f4b87','2021-02-27','Unknown');
INSERT INTO virus_components VALUES('87f4b87','Adware','Email Open');
INSERT INTO virus_stealth VALUES('87f4b87','NO','NO');
INSERT INTO virus_target VALUES('87f4b87','Windows','Boot_Sector');
INSERT INTO virus_replication VALUES('87f4b87','Companion','LOW','NO');
INSERT INTO virus_codebase(VirusSeqID,PreScript,MainScript,PostScript) VALUES('87f4b87','a3e c6x b6y','g9c z1b f4a g0c e3y','f3g c6d');
INSERT INTO virus_registry VALUES('Mary_y0b','88a7h88','WP');
INSERT INTO virus VALUES('88a7h88','2023-11-16','State_Actor');
INSERT INTO virus_components VALUES('88a7h88','Trojan Horse','File Download');
INSERT INTO virus_stealth VALUES('88a7h88','YES','YES');
INSERT INTO virus_target VALUES('88a7h88','PLC','Boot_Sector');
INSERT INTO virus_replication VALUES('88a7h88','Companion','LOW','YES');
INSERT INTO virus_codebase(VirusSeqID,PreScript,MainScript,PostScript) VALUES('88a7h88','d4e d0x c7g','d3a e4y x9x a4b a7h','g3a b1y');
INSERT INTO virus_registry VALUES('Case_h4y','89z0a89','PV');
INSERT INTO virus VALUES('89z0a89','2022-11-14','Individual');
INSERT INTO virus_components VALUES('89z0a89','Trojan Horse','Email Open');
INSERT INTO virus_stealth VALUES('89z0a89','NO','YES');
INSERT INTO virus_target VALUES('89z0a89','Linux','Macro');
INSERT INTO virus_replication VALUES('89z0a89','Self','LOW','NO');
INSERT INTO virus_codebase(VirusSeqID,PreScript,MainScript,PostScript) VALUES('89z0a89','a0a b8b z0f','h0e z4g g4z z0g g9z','z4a d4f');
INSERT INTO virus_registry VALUES('Look_g5a','90a5b90','NYC');
INSERT INTO virus VALUES('90a5b90','2021-02-27','Unknown');
INSERT INTO virus_components VALUES('90a5b90','Randsomeware','Macro Execution');
INSERT INTO virus_stealth VALUES('90a5b90','YES','YES');
INSERT INTO virus_target VALUES('90a5b90','Windows','Macro');
INSERT INTO virus_replication VALUES('90a5b90','Companion','LOW','YES');
INSERT INTO virus_codebase(VirusSeqID,PreScript,MainScript,PostScript) VALUES('90a5b90','h0y g6y x9c','c1z h3a b5h g1h h2d','g8e a8h');
INSERT INTO virus_registry VALUES('List_f2a','91h0a91','PV');
INSERT INTO virus VALUES('91h0a91','2021-12-15','Individual');
INSERT INTO virus_components VALUES('91h0a91','Randsomeware','Macro Execution');
INSERT INTO virus_stealth VALUES('91h0a91','YES','YES');
INSERT INTO virus_target VALUES('91h0a91','PLC','Boot_Sector');
INSERT INTO virus_replication VALUES('91h0a91','Companion','LOW','NO');
INSERT INTO virus_codebase(VirusSeqID,PreScript,MainScript,PostScript) VALUES('91h0a91','y0c a0y z6z','z7x c4f c7f e3c b8e','z1c b1x');
INSERT INTO virus_registry VALUES('Deal_h0x','92c0x92','PV');
INSERT INTO virus VALUES('92c0x92','2021-02-28','Unknown');
INSERT INTO virus_components VALUES('92c0x92','Trojan Horse','Email Open');
INSERT INTO virus_stealth VALUES('92c0x92','YES','NO');
INSERT INTO virus_target VALUES('92c0x92','Windows','Boot_Sector');
INSERT INTO virus_replication VALUES('92c0x92','Companion','LOW','YES');
INSERT INTO virus_codebase(VirusSeqID,PreScript,MainScript,PostScript) VALUES('92c0x92','c7y z6h c9c','x1f f1a d5c x9a d5z','g3e f8c');
INSERT INTO virus_registry VALUES('Case_y8g','93h8c93','NYC');
INSERT INTO virus VALUES('93h8c93','2022-12-15','State_Actor');
INSERT INTO virus_components VALUES('93h8c93','Trojan Horse','Macro Execution');
INSERT INTO virus_stealth VALUES('93h8c93','YES','NO');
INSERT INTO virus_target VALUES('93h8c93','PLC','File');
INSERT INTO virus_replication VALUES('93h8c93','Companion','HIGH','NO');
INSERT INTO virus_codebase(VirusSeqID,PreScript,MainScript,PostScript) VALUES('93h8c93','g2y f8d a1x','y4g a8c e9d f1h e1e','b6y c0d');
INSERT INTO virus_registry VALUES('Girl_b6x','94y3d94','WP');
INSERT INTO virus VALUES('94y3d94','2023-03-12','Unknown');
INSERT INTO virus_components VALUES('94y3d94','Spyware','File Download');
INSERT INTO virus_stealth VALUES('94y3d94','NO','NO');
INSERT INTO virus_target VALUES('94y3d94','Linux','Boot_Sector');
INSERT INTO virus_replication VALUES('94y3d94','Self','LOW','NO');
INSERT INTO virus_codebase(VirusSeqID,PreScript,MainScript,PostScript) VALUES('94y3d94','y9h y6f e6a','z7x g8y d8h g3d e3a','z0z f4x');
INSERT INTO virus_registry VALUES('Hope_y0h','95e0x95','NYC');
INSERT INTO virus VALUES('95e0x95','2021-11-27','Individual');
INSERT INTO virus_components VALUES('95e0x95','Worm','Macro Execution');
INSERT INTO virus_stealth VALUES('95e0x95','YES','YES');
INSERT INTO virus_target VALUES('95e0x95','PLC','Boot_Sector');
INSERT INTO virus_replication VALUES('95e0x95','Self','HIGH','YES');
INSERT INTO virus_codebase(VirusSeqID,PreScript,MainScript,PostScript) VALUES('95e0x95','g2a x9b d1y','g0c x7b z9h y4f c3c','a1d a0d');
INSERT INTO virus_registry VALUES('Loss_z1y','96e7f96','PV');
INSERT INTO virus VALUES('96e7f96','2023-12-13','Individual');
INSERT INTO virus_components VALUES('96e7f96','Trojan Horse','Macro Execution');
INSERT INTO virus_stealth VALUES('96e7f96','YES','NO');
INSERT INTO virus_target VALUES('96e7f96','PLC','Boot_Sector');
INSERT INTO virus_replication VALUES('96e7f96','Self','HIGH','YES');
INSERT INTO virus_codebase(VirusSeqID,PreScript,MainScript,PostScript) VALUES('96e7f96','c0y x9c a7h','y6b x2a h7c a8e b5x','d2b y9e');
INSERT INTO virus_registry VALUES('Duty_y3h','97f8b97','WP');
INSERT INTO virus VALUES('97f8b97','2023-12-27','Unknown');
INSERT INTO virus_components VALUES('97f8b97','Boot Infector','Macro Execution');
INSERT INTO virus_stealth VALUES('97f8b97','NO','NO');
INSERT INTO virus_target VALUES('97f8b97','Linux','File');
INSERT INTO virus_replication VALUES('97f8b97','Self','HIGH','YES');
INSERT INTO virus_codebase(VirusSeqID,PreScript,MainScript,PostScript) VALUES('97f8b97','d1z e7x f3z','a5h e7d a8z b2d c1c','b2b a6d');
INSERT INTO virus_registry VALUES('Deal_z9c','98z2f98','PV');
INSERT INTO virus VALUES('98z2f98','2023-01-20','Unknown');
INSERT INTO virus_components VALUES('98z2f98','Worm','Email Open');
INSERT INTO virus_stealth VALUES('98z2f98','YES','YES');
INSERT INTO virus_target VALUES('98z2f98','Windows','Macro');
INSERT INTO virus_replication VALUES('98z2f98','Companion','HIGH','NO');
INSERT INTO virus_codebase(VirusSeqID,PreScript,MainScript,PostScript) VALUES('98z2f98','a2z x1z f6x','f2d c7z z0y b6e c6b','c6b e0h');
INSERT INTO virus_registry VALUES('Help_z1y','99g5f99','NYC');
INSERT INTO virus VALUES('99g5f99','2022-04-22','State_Actor');
INSERT INTO virus_components VALUES('99g5f99','Boot Infector','Email Open');
INSERT INTO virus_stealth VALUES('99g5f99','NO','NO');
INSERT INTO virus_target VALUES('99g5f99','Linux','File');
INSERT INTO virus_replication VALUES('99g5f99','Companion','LOW','NO');
INSERT INTO virus_codebase(VirusSeqID,PreScript,MainScript,PostScript) VALUES('99g5f99','z3h b7x g3a','x9z y3y e2g y0x e0x','e0g g4h');
INSERT INTO virus_registry VALUES('Idea_z5z','100h1f100','WP');
INSERT INTO virus VALUES('100h1f100','2022-10-15','Individual');
INSERT INTO virus_components VALUES('100h1f100','Adware','File Download');
INSERT INTO virus_stealth VALUES('100h1f100','NO','YES');
INSERT INTO virus_target VALUES('100h1f100','PLC','File');
INSERT INTO virus_replication VALUES('100h1f100','Self','LOW','YES');
INSERT INTO virus_codebase(VirusSeqID,PreScript,MainScript,PostScript) VALUES('100h1f100','d4z z6y a0g','b1c a0f e4e e4a z1h','f7z d7e');
